participant_ID,experiment,SENTENCE_ID,rating_criterion,rating,priming,SOURCE
5e8b2d69fdad8f7debcfd400,ex14na,K_2167,original,1,non-literary,K
5e8b2d69fdad8f7debcfd400,ex14na,W_430,original,4,non-literary,W
5e8b2d69fdad8f7debcfd400,ex14na,W_615,original,1,non-literary,W
5e8b2d69fdad8f7debcfd400,ex14na,W_316,original,2,non-literary,W
5e8b2d69fdad8f7debcfd400,ex14na,K_2003,original,4,non-literary,K
5e8b2d69fdad8f7debcfd400,ex14na,K_269,original,4,non-literary,K
5e8b2d69fdad8f7debcfd400,ex14na,W_629,original,2,non-literary,W
5e8b2d69fdad8f7debcfd400,ex14na,K_357,original,6,non-literary,K
5e8b2d69fdad8f7debcfd400,ex14na,K_3402,original,4,non-literary,K
5e8b2d69fdad8f7debcfd400,ex14na,K_2586,original,3,non-literary,K
5e8b2d69fdad8f7debcfd400,ex14na,W_373,original,1,non-literary,W
5e8b2d69fdad8f7debcfd400,ex14na,K_1267,original,2,non-literary,K
5e8b2d69fdad8f7debcfd400,ex14na,K_845,original,5,non-literary,K
5e8b2d69fdad8f7debcfd400,ex14na,K_3528,original,1,non-literary,K
5e8b2d69fdad8f7debcfd400,ex14na,K_633,original,1,non-literary,K
5e8b2d69fdad8f7debcfd400,ex14na,W_544,original,1,non-literary,W
5e8b2d69fdad8f7debcfd400,ex14na,W_673,original,1,non-literary,W
5e8b2d69fdad8f7debcfd400,ex14na,K_2307,original,2,non-literary,K
5e8b2d69fdad8f7debcfd400,ex14na,W_427,original,1,non-literary,W
5e8b2d69fdad8f7debcfd400,ex14na,W_761,original,2,non-literary,W
5e8b2d69fdad8f7debcfd400,ex14na,W_511,original,1,non-literary,W
5e8b2d69fdad8f7debcfd400,ex14na,K_619,original,2,non-literary,K
5e8b2d69fdad8f7debcfd400,ex14na,K_2776,original,3,non-literary,K
5e8b2d69fdad8f7debcfd400,ex14na,W_623,original,1,non-literary,W
5e8b2d69fdad8f7debcfd400,ex14na,K_4011,original,4,non-literary,K
5e8b2d69fdad8f7debcfd400,ex14na,W_768,original,1,non-literary,W
5e8b2d69fdad8f7debcfd400,ex14na,K_247,original,5,non-literary,K
5e8b2d69fdad8f7debcfd400,ex14na,W_237,original,1,non-literary,W
5e8b2d69fdad8f7debcfd400,ex14na,K_2051,original,3,non-literary,K
5e8b2d69fdad8f7debcfd400,ex14na,W_681,original,1,non-literary,W
5e8b2d69fdad8f7debcfd400,ex14na,W_561,original,1,non-literary,W
5e8b2d69fdad8f7debcfd400,ex14na,W_228,original,1,non-literary,W
6107ac8f64f6fba2fa7f00c7,ex14na,K_357,original,4,non-literary,K
6107ac8f64f6fba2fa7f00c7,ex14na,K_2051,original,1,non-literary,K
6107ac8f64f6fba2fa7f00c7,ex14na,K_4011,original,5,non-literary,K
6107ac8f64f6fba2fa7f00c7,ex14na,K_619,original,4,non-literary,K
6107ac8f64f6fba2fa7f00c7,ex14na,W_316,original,2,non-literary,W
6107ac8f64f6fba2fa7f00c7,ex14na,K_2776,original,4,non-literary,K
6107ac8f64f6fba2fa7f00c7,ex14na,W_228,original,2,non-literary,W
6107ac8f64f6fba2fa7f00c7,ex14na,W_511,original,1,non-literary,W
6107ac8f64f6fba2fa7f00c7,ex14na,K_3528,original,3,non-literary,K
6107ac8f64f6fba2fa7f00c7,ex14na,W_623,original,1,non-literary,W
6107ac8f64f6fba2fa7f00c7,ex14na,W_237,original,1,non-literary,W
6107ac8f64f6fba2fa7f00c7,ex14na,W_681,original,2,non-literary,W
6107ac8f64f6fba2fa7f00c7,ex14na,W_768,original,1,non-literary,W
6107ac8f64f6fba2fa7f00c7,ex14na,K_247,original,6,non-literary,K
6107ac8f64f6fba2fa7f00c7,ex14na,W_615,original,3,non-literary,W
6107ac8f64f6fba2fa7f00c7,ex14na,W_761,original,5,non-literary,W
6107ac8f64f6fba2fa7f00c7,ex14na,K_2167,original,2,non-literary,K
6107ac8f64f6fba2fa7f00c7,ex14na,W_544,original,1,non-literary,W
6107ac8f64f6fba2fa7f00c7,ex14na,W_427,original,1,non-literary,W
6107ac8f64f6fba2fa7f00c7,ex14na,W_373,original,4,non-literary,W
6107ac8f64f6fba2fa7f00c7,ex14na,W_561,original,2,non-literary,W
6107ac8f64f6fba2fa7f00c7,ex14na,K_269,original,5,non-literary,K
6107ac8f64f6fba2fa7f00c7,ex14na,W_430,original,1,non-literary,W
6107ac8f64f6fba2fa7f00c7,ex14na,K_2307,original,3,non-literary,K
6107ac8f64f6fba2fa7f00c7,ex14na,K_845,original,6,non-literary,K
6107ac8f64f6fba2fa7f00c7,ex14na,K_1059,original,5,non-literary,K
6107ac8f64f6fba2fa7f00c7,ex14na,W_629,original,1,non-literary,W
6107ac8f64f6fba2fa7f00c7,ex14na,K_2003,original,5,non-literary,K
6107ac8f64f6fba2fa7f00c7,ex14na,K_3402,original,5,non-literary,K
6107ac8f64f6fba2fa7f00c7,ex14na,K_633,original,3,non-literary,K
6107ac8f64f6fba2fa7f00c7,ex14na,W_673,original,3,non-literary,W
6107ac8f64f6fba2fa7f00c7,ex14na,K_1267,original,5,non-literary,K
6107ac8f64f6fba2fa7f00c7,ex14na,K_2586,original,5,non-literary,K
5bcb0a9d3c6f9f0001cc583d,ex14na,W_427,original,3,non-literary,W
5bcb0a9d3c6f9f0001cc583d,ex14na,K_2167,original,2,non-literary,K
5bcb0a9d3c6f9f0001cc583d,ex14na,W_673,original,4,non-literary,W
5bcb0a9d3c6f9f0001cc583d,ex14na,K_269,original,5,non-literary,K
5bcb0a9d3c6f9f0001cc583d,ex14na,W_629,original,2,non-literary,W
5bcb0a9d3c6f9f0001cc583d,ex14na,K_2307,original,5,non-literary,K
5bcb0a9d3c6f9f0001cc583d,ex14na,W_623,original,1,non-literary,W
5bcb0a9d3c6f9f0001cc583d,ex14na,K_357,original,4,non-literary,K
5bcb0a9d3c6f9f0001cc583d,ex14na,K_619,original,5,non-literary,K
5bcb0a9d3c6f9f0001cc583d,ex14na,W_316,original,4,non-literary,W
5bcb0a9d3c6f9f0001cc583d,ex14na,K_4011,original,5,non-literary,K
5bcb0a9d3c6f9f0001cc583d,ex14na,K_247,original,5,non-literary,K
5bcb0a9d3c6f9f0001cc583d,ex14na,K_845,original,6,non-literary,K
5bcb0a9d3c6f9f0001cc583d,ex14na,W_681,original,4,non-literary,W
5bcb0a9d3c6f9f0001cc583d,ex14na,K_2051,original,3,non-literary,K
5bcb0a9d3c6f9f0001cc583d,ex14na,W_768,original,4,non-literary,W
5bcb0a9d3c6f9f0001cc583d,ex14na,K_633,original,4,non-literary,K
5bcb0a9d3c6f9f0001cc583d,ex14na,W_237,original,3,non-literary,W
5bcb0a9d3c6f9f0001cc583d,ex14na,K_2003,original,6,non-literary,K
5bcb0a9d3c6f9f0001cc583d,ex14na,W_511,original,3,non-literary,W
5bcb0a9d3c6f9f0001cc583d,ex14na,W_561,original,3,non-literary,W
5bcb0a9d3c6f9f0001cc583d,ex14na,K_2586,original,5,non-literary,K
5bcb0a9d3c6f9f0001cc583d,ex14na,K_1059,original,5,non-literary,K
5bcb0a9d3c6f9f0001cc583d,ex14na,W_373,original,4,non-literary,W
5bcb0a9d3c6f9f0001cc583d,ex14na,K_3528,original,4,non-literary,K
5bcb0a9d3c6f9f0001cc583d,ex14na,W_761,original,4,non-literary,W
5bcb0a9d3c6f9f0001cc583d,ex14na,K_3402,original,4,non-literary,K
5bcb0a9d3c6f9f0001cc583d,ex14na,W_228,original,5,non-literary,W
5bcb0a9d3c6f9f0001cc583d,ex14na,K_1267,original,5,non-literary,K
5bcb0a9d3c6f9f0001cc583d,ex14na,W_430,original,3,non-literary,W
5bcb0a9d3c6f9f0001cc583d,ex14na,W_615,original,3,non-literary,W
5bcb0a9d3c6f9f0001cc583d,ex14na,W_544,original,4,non-literary,W
5bcb0a9d3c6f9f0001cc583d,ex14na,K_2776,original,6,non-literary,K
60fd5d982789160769f1ba94,ex14na,W_427,original,1,non-literary,W
60fd5d982789160769f1ba94,ex14na,K_1059,original,3,non-literary,K
60fd5d982789160769f1ba94,ex14na,W_511,original,1,non-literary,W
60fd5d982789160769f1ba94,ex14na,W_430,original,1,non-literary,W
60fd5d982789160769f1ba94,ex14na,W_673,original,2,non-literary,W
60fd5d982789160769f1ba94,ex14na,W_544,original,2,non-literary,W
60fd5d982789160769f1ba94,ex14na,W_373,original,2,non-literary,W
60fd5d982789160769f1ba94,ex14na,K_269,original,3,non-literary,K
60fd5d982789160769f1ba94,ex14na,W_228,original,2,non-literary,W
60fd5d982789160769f1ba94,ex14na,K_2307,original,3,non-literary,K
60fd5d982789160769f1ba94,ex14na,W_615,original,2,non-literary,W
60fd5d982789160769f1ba94,ex14na,K_247,original,4,non-literary,K
60fd5d982789160769f1ba94,ex14na,K_3402,original,2,non-literary,K
60fd5d982789160769f1ba94,ex14na,W_623,original,2,non-literary,W
60fd5d982789160769f1ba94,ex14na,W_316,original,2,non-literary,W
60fd5d982789160769f1ba94,ex14na,K_2167,original,1,non-literary,K
60fd5d982789160769f1ba94,ex14na,K_4011,original,1,non-literary,K
60fd5d982789160769f1ba94,ex14na,K_2776,original,6,non-literary,K
60fd5d982789160769f1ba94,ex14na,K_2051,original,2,non-literary,K
60fd5d982789160769f1ba94,ex14na,W_237,original,2,non-literary,W
60fd5d982789160769f1ba94,ex14na,K_845,original,5,non-literary,K
60fd5d982789160769f1ba94,ex14na,K_2003,original,2,non-literary,K
60fd5d982789160769f1ba94,ex14na,W_761,original,2,non-literary,W
60fd5d982789160769f1ba94,ex14na,W_561,original,2,non-literary,W
60fd5d982789160769f1ba94,ex14na,K_633,original,2,non-literary,K
60fd5d982789160769f1ba94,ex14na,K_1267,original,1,non-literary,K
60fd5d982789160769f1ba94,ex14na,K_3528,original,2,non-literary,K
60fd5d982789160769f1ba94,ex14na,W_768,original,1,non-literary,W
60fd5d982789160769f1ba94,ex14na,K_619,original,2,non-literary,K
60fd5d982789160769f1ba94,ex14na,K_357,original,4,non-literary,K
60fd5d982789160769f1ba94,ex14na,W_629,original,1,non-literary,W
60fd5d982789160769f1ba94,ex14na,W_681,original,2,non-literary,W
60fd5d982789160769f1ba94,ex14na,K_2586,original,2,non-literary,K
5e21ce87a79c2b4bd0b8f096,ex14na,W_615,original,2,non-literary,W
5e21ce87a79c2b4bd0b8f096,ex14na,K_2586,original,1,non-literary,K
5e21ce87a79c2b4bd0b8f096,ex14na,W_561,original,1,non-literary,W
5e21ce87a79c2b4bd0b8f096,ex14na,W_544,original,1,non-literary,W
5e21ce87a79c2b4bd0b8f096,ex14na,K_3402,original,1,non-literary,K
5e21ce87a79c2b4bd0b8f096,ex14na,K_2776,original,5,non-literary,K
5e21ce87a79c2b4bd0b8f096,ex14na,K_247,original,5,non-literary,K
5e21ce87a79c2b4bd0b8f096,ex14na,K_845,original,6,non-literary,K
5e21ce87a79c2b4bd0b8f096,ex14na,K_2307,original,2,non-literary,K
5e21ce87a79c2b4bd0b8f096,ex14na,W_511,original,1,non-literary,W
5e21ce87a79c2b4bd0b8f096,ex14na,W_237,original,1,non-literary,W
5e21ce87a79c2b4bd0b8f096,ex14na,K_269,original,4,non-literary,K
5e21ce87a79c2b4bd0b8f096,ex14na,W_673,original,2,non-literary,W
5e21ce87a79c2b4bd0b8f096,ex14na,W_768,original,1,non-literary,W
5e21ce87a79c2b4bd0b8f096,ex14na,K_4011,original,4,non-literary,K
5e21ce87a79c2b4bd0b8f096,ex14na,K_1059,original,2,non-literary,K
5e21ce87a79c2b4bd0b8f096,ex14na,W_681,original,1,non-literary,W
5e21ce87a79c2b4bd0b8f096,ex14na,W_430,original,1,non-literary,W
5e21ce87a79c2b4bd0b8f096,ex14na,K_2167,original,1,non-literary,K
5e21ce87a79c2b4bd0b8f096,ex14na,W_623,original,1,non-literary,W
5e21ce87a79c2b4bd0b8f096,ex14na,K_2051,original,2,non-literary,K
5e21ce87a79c2b4bd0b8f096,ex14na,K_1267,original,2,non-literary,K
5e21ce87a79c2b4bd0b8f096,ex14na,W_373,original,1,non-literary,W
5e21ce87a79c2b4bd0b8f096,ex14na,W_761,original,4,non-literary,W
5e21ce87a79c2b4bd0b8f096,ex14na,K_2003,original,6,non-literary,K
5e21ce87a79c2b4bd0b8f096,ex14na,K_619,original,5,non-literary,K
5e21ce87a79c2b4bd0b8f096,ex14na,W_427,original,1,non-literary,W
5e21ce87a79c2b4bd0b8f096,ex14na,W_629,original,1,non-literary,W
5e21ce87a79c2b4bd0b8f096,ex14na,K_3528,original,2,non-literary,K
5e21ce87a79c2b4bd0b8f096,ex14na,W_316,original,2,non-literary,W
5e21ce87a79c2b4bd0b8f096,ex14na,K_357,original,5,non-literary,K
5e21ce87a79c2b4bd0b8f096,ex14na,W_228,original,1,non-literary,W
5e21ce87a79c2b4bd0b8f096,ex14na,K_633,original,1,non-literary,K
6068befbd02e67587260ae19,ex14na,K_1267,original,2,non-literary,K
6068befbd02e67587260ae19,ex14na,W_761,original,2,non-literary,W
6068befbd02e67587260ae19,ex14na,K_2167,original,1,non-literary,K
6068befbd02e67587260ae19,ex14na,W_615,original,1,non-literary,W
6068befbd02e67587260ae19,ex14na,W_561,original,2,non-literary,W
6068befbd02e67587260ae19,ex14na,W_544,original,2,non-literary,W
6068befbd02e67587260ae19,ex14na,W_629,original,2,non-literary,W
6068befbd02e67587260ae19,ex14na,W_237,original,2,non-literary,W
6068befbd02e67587260ae19,ex14na,K_845,original,5,non-literary,K
6068befbd02e67587260ae19,ex14na,W_623,original,2,non-literary,W
6068befbd02e67587260ae19,ex14na,W_511,original,1,non-literary,W
6068befbd02e67587260ae19,ex14na,W_430,original,1,non-literary,W
6068befbd02e67587260ae19,ex14na,W_673,original,2,non-literary,W
6068befbd02e67587260ae19,ex14na,K_269,original,3,non-literary,K
6068befbd02e67587260ae19,ex14na,K_4011,original,6,non-literary,K
6068befbd02e67587260ae19,ex14na,W_681,original,2,non-literary,W
6068befbd02e67587260ae19,ex14na,K_247,original,4,non-literary,K
6068befbd02e67587260ae19,ex14na,K_3402,original,2,non-literary,K
6068befbd02e67587260ae19,ex14na,K_1059,original,3,non-literary,K
6068befbd02e67587260ae19,ex14na,K_3528,original,2,non-literary,K
6068befbd02e67587260ae19,ex14na,K_2051,original,3,non-literary,K
6068befbd02e67587260ae19,ex14na,W_228,original,1,non-literary,W
6068befbd02e67587260ae19,ex14na,W_427,original,1,non-literary,W
6068befbd02e67587260ae19,ex14na,K_633,original,2,non-literary,K
6068befbd02e67587260ae19,ex14na,K_2586,original,3,non-literary,K
6068befbd02e67587260ae19,ex14na,K_2003,original,4,non-literary,K
6068befbd02e67587260ae19,ex14na,W_316,original,2,non-literary,W
6068befbd02e67587260ae19,ex14na,W_768,original,2,non-literary,W
6068befbd02e67587260ae19,ex14na,K_2776,original,3,non-literary,K
6068befbd02e67587260ae19,ex14na,K_619,original,4,non-literary,K
6068befbd02e67587260ae19,ex14na,W_373,original,1,non-literary,W
6068befbd02e67587260ae19,ex14na,K_2307,original,3,non-literary,K
6068befbd02e67587260ae19,ex14na,K_357,original,3,non-literary,K
58c537bfb101a7000129391a,ex14na,W_228,original,2,non-literary,W
58c537bfb101a7000129391a,ex14na,K_2051,original,2,non-literary,K
58c537bfb101a7000129391a,ex14na,K_269,original,5,non-literary,K
58c537bfb101a7000129391a,ex14na,K_1267,original,5,non-literary,K
58c537bfb101a7000129391a,ex14na,K_2586,original,4,non-literary,K
58c537bfb101a7000129391a,ex14na,K_247,original,5,non-literary,K
58c537bfb101a7000129391a,ex14na,W_430,original,1,non-literary,W
58c537bfb101a7000129391a,ex14na,W_681,original,4,non-literary,W
58c537bfb101a7000129391a,ex14na,W_561,original,1,non-literary,W
58c537bfb101a7000129391a,ex14na,W_761,original,4,non-literary,W
58c537bfb101a7000129391a,ex14na,K_4011,original,6,non-literary,K
58c537bfb101a7000129391a,ex14na,W_623,original,1,non-literary,W
58c537bfb101a7000129391a,ex14na,K_2307,original,5,non-literary,K
58c537bfb101a7000129391a,ex14na,K_3402,original,4,non-literary,K
58c537bfb101a7000129391a,ex14na,W_615,original,2,non-literary,W
58c537bfb101a7000129391a,ex14na,W_511,original,1,non-literary,W
58c537bfb101a7000129391a,ex14na,K_845,original,6,non-literary,K
58c537bfb101a7000129391a,ex14na,K_1059,original,6,non-literary,K
58c537bfb101a7000129391a,ex14na,W_768,original,1,non-literary,W
58c537bfb101a7000129391a,ex14na,W_427,original,1,non-literary,W
58c537bfb101a7000129391a,ex14na,K_2776,original,6,non-literary,K
58c537bfb101a7000129391a,ex14na,K_2167,original,1,non-literary,K
58c537bfb101a7000129391a,ex14na,W_316,original,4,non-literary,W
58c537bfb101a7000129391a,ex14na,W_373,original,3,non-literary,W
58c537bfb101a7000129391a,ex14na,W_544,original,1,non-literary,W
58c537bfb101a7000129391a,ex14na,K_619,original,4,non-literary,K
58c537bfb101a7000129391a,ex14na,W_673,original,3,non-literary,W
58c537bfb101a7000129391a,ex14na,K_633,original,3,non-literary,K
58c537bfb101a7000129391a,ex14na,K_3528,original,1,non-literary,K
58c537bfb101a7000129391a,ex14na,K_2003,original,5,non-literary,K
58c537bfb101a7000129391a,ex14na,W_629,original,1,non-literary,W
58c537bfb101a7000129391a,ex14na,W_237,original,1,non-literary,W
58c537bfb101a7000129391a,ex14na,K_357,original,4,non-literary,K
60207652caa62b6a34ff96dc,ex14na,W_228,original,1,non-literary,W
60207652caa62b6a34ff96dc,ex14na,W_430,original,1,non-literary,W
60207652caa62b6a34ff96dc,ex14na,W_561,original,2,non-literary,W
60207652caa62b6a34ff96dc,ex14na,K_3528,original,5,non-literary,K
60207652caa62b6a34ff96dc,ex14na,W_316,original,1,non-literary,W
60207652caa62b6a34ff96dc,ex14na,K_3402,original,4,non-literary,K
60207652caa62b6a34ff96dc,ex14na,K_2307,original,3,non-literary,K
60207652caa62b6a34ff96dc,ex14na,K_269,original,4,non-literary,K
60207652caa62b6a34ff96dc,ex14na,W_373,original,1,non-literary,W
60207652caa62b6a34ff96dc,ex14na,K_1267,original,3,non-literary,K
60207652caa62b6a34ff96dc,ex14na,K_2586,original,4,non-literary,K
60207652caa62b6a34ff96dc,ex14na,W_427,original,1,non-literary,W
60207652caa62b6a34ff96dc,ex14na,K_2003,original,3,non-literary,K
60207652caa62b6a34ff96dc,ex14na,W_237,original,4,non-literary,W
60207652caa62b6a34ff96dc,ex14na,K_619,original,5,non-literary,K
60207652caa62b6a34ff96dc,ex14na,K_247,original,5,non-literary,K
60207652caa62b6a34ff96dc,ex14na,W_629,original,2,non-literary,W
60207652caa62b6a34ff96dc,ex14na,W_615,original,1,non-literary,W
60207652caa62b6a34ff96dc,ex14na,K_2167,original,1,non-literary,K
60207652caa62b6a34ff96dc,ex14na,K_2776,original,6,non-literary,K
60207652caa62b6a34ff96dc,ex14na,W_544,original,1,non-literary,W
60207652caa62b6a34ff96dc,ex14na,K_1059,original,6,non-literary,K
60207652caa62b6a34ff96dc,ex14na,K_357,original,5,non-literary,K
60207652caa62b6a34ff96dc,ex14na,W_768,original,1,non-literary,W
60207652caa62b6a34ff96dc,ex14na,K_2051,original,2,non-literary,K
60207652caa62b6a34ff96dc,ex14na,W_761,original,3,non-literary,W
60207652caa62b6a34ff96dc,ex14na,K_845,original,6,non-literary,K
60207652caa62b6a34ff96dc,ex14na,W_673,original,1,non-literary,W
60207652caa62b6a34ff96dc,ex14na,W_511,original,1,non-literary,W
60207652caa62b6a34ff96dc,ex14na,K_4011,original,4,non-literary,K
60207652caa62b6a34ff96dc,ex14na,W_681,original,1,non-literary,W
60207652caa62b6a34ff96dc,ex14na,K_633,original,1,non-literary,K
60207652caa62b6a34ff96dc,ex14na,W_623,original,1,non-literary,W
66245f5bc8c29b85b0ecf5db,ex14na,K_269,original,2,non-literary,K
66245f5bc8c29b85b0ecf5db,ex14na,K_2307,original,3,non-literary,K
66245f5bc8c29b85b0ecf5db,ex14na,W_561,original,1,non-literary,W
66245f5bc8c29b85b0ecf5db,ex14na,W_673,original,2,non-literary,W
66245f5bc8c29b85b0ecf5db,ex14na,K_4011,original,5,non-literary,K
66245f5bc8c29b85b0ecf5db,ex14na,W_427,original,1,non-literary,W
66245f5bc8c29b85b0ecf5db,ex14na,W_615,original,2,non-literary,W
66245f5bc8c29b85b0ecf5db,ex14na,W_511,original,2,non-literary,W
66245f5bc8c29b85b0ecf5db,ex14na,K_2051,original,3,non-literary,K
66245f5bc8c29b85b0ecf5db,ex14na,W_544,original,2,non-literary,W
66245f5bc8c29b85b0ecf5db,ex14na,W_623,original,1,non-literary,W
66245f5bc8c29b85b0ecf5db,ex14na,W_228,original,3,non-literary,W
66245f5bc8c29b85b0ecf5db,ex14na,W_316,original,3,non-literary,W
66245f5bc8c29b85b0ecf5db,ex14na,K_619,original,5,non-literary,K
66245f5bc8c29b85b0ecf5db,ex14na,W_681,original,2,non-literary,W
66245f5bc8c29b85b0ecf5db,ex14na,W_237,original,2,non-literary,W
66245f5bc8c29b85b0ecf5db,ex14na,K_247,original,4,non-literary,K
66245f5bc8c29b85b0ecf5db,ex14na,K_2167,original,1,non-literary,K
66245f5bc8c29b85b0ecf5db,ex14na,K_845,original,5,non-literary,K
66245f5bc8c29b85b0ecf5db,ex14na,K_3402,original,3,non-literary,K
66245f5bc8c29b85b0ecf5db,ex14na,K_2003,original,3,non-literary,K
66245f5bc8c29b85b0ecf5db,ex14na,K_1267,original,3,non-literary,K
66245f5bc8c29b85b0ecf5db,ex14na,K_2586,original,3,non-literary,K
66245f5bc8c29b85b0ecf5db,ex14na,K_2776,original,5,non-literary,K
66245f5bc8c29b85b0ecf5db,ex14na,W_373,original,3,non-literary,W
66245f5bc8c29b85b0ecf5db,ex14na,W_430,original,1,non-literary,W
66245f5bc8c29b85b0ecf5db,ex14na,K_3528,original,2,non-literary,K
66245f5bc8c29b85b0ecf5db,ex14na,W_768,original,1,non-literary,W
66245f5bc8c29b85b0ecf5db,ex14na,K_1059,original,4,non-literary,K
66245f5bc8c29b85b0ecf5db,ex14na,K_633,original,2,non-literary,K
66245f5bc8c29b85b0ecf5db,ex14na,W_761,original,3,non-literary,W
66245f5bc8c29b85b0ecf5db,ex14na,K_357,original,4,non-literary,K
66245f5bc8c29b85b0ecf5db,ex14na,W_629,original,1,non-literary,W
61015ca9089f1ade572484cd,ex14na,W_761,original,2,non-literary,W
61015ca9089f1ade572484cd,ex14na,W_427,original,2,non-literary,W
61015ca9089f1ade572484cd,ex14na,K_2003,original,5,non-literary,K
61015ca9089f1ade572484cd,ex14na,W_430,original,2,non-literary,W
61015ca9089f1ade572484cd,ex14na,K_3528,original,4,non-literary,K
61015ca9089f1ade572484cd,ex14na,W_681,original,1,non-literary,W
61015ca9089f1ade572484cd,ex14na,K_3402,original,4,non-literary,K
61015ca9089f1ade572484cd,ex14na,K_269,original,4,non-literary,K
61015ca9089f1ade572484cd,ex14na,K_1059,original,5,non-literary,K
61015ca9089f1ade572484cd,ex14na,W_768,original,1,non-literary,W
61015ca9089f1ade572484cd,ex14na,K_357,original,4,non-literary,K
61015ca9089f1ade572484cd,ex14na,W_511,original,1,non-literary,W
61015ca9089f1ade572484cd,ex14na,W_629,original,1,non-literary,W
61015ca9089f1ade572484cd,ex14na,K_2586,original,3,non-literary,K
61015ca9089f1ade572484cd,ex14na,W_673,original,1,non-literary,W
61015ca9089f1ade572484cd,ex14na,W_228,original,1,non-literary,W
61015ca9089f1ade572484cd,ex14na,K_2051,original,5,non-literary,K
61015ca9089f1ade572484cd,ex14na,W_623,original,1,non-literary,W
61015ca9089f1ade572484cd,ex14na,W_544,original,1,non-literary,W
61015ca9089f1ade572484cd,ex14na,W_316,original,2,non-literary,W
61015ca9089f1ade572484cd,ex14na,K_247,original,5,non-literary,K
61015ca9089f1ade572484cd,ex14na,K_1267,original,4,non-literary,K
61015ca9089f1ade572484cd,ex14na,W_237,original,2,non-literary,W
61015ca9089f1ade572484cd,ex14na,W_615,original,2,non-literary,W
61015ca9089f1ade572484cd,ex14na,K_845,original,6,non-literary,K
61015ca9089f1ade572484cd,ex14na,K_4011,original,5,non-literary,K
61015ca9089f1ade572484cd,ex14na,W_561,original,2,non-literary,W
61015ca9089f1ade572484cd,ex14na,K_2307,original,5,non-literary,K
61015ca9089f1ade572484cd,ex14na,K_2776,original,5,non-literary,K
61015ca9089f1ade572484cd,ex14na,K_2167,original,1,non-literary,K
61015ca9089f1ade572484cd,ex14na,K_633,original,1,non-literary,K
61015ca9089f1ade572484cd,ex14na,K_619,original,5,non-literary,K
61015ca9089f1ade572484cd,ex14na,W_373,original,1,non-literary,W
5702439e7a84480009b6413d,ex13na,W_726,original,1,non-literary,W
5702439e7a84480009b6413d,ex13na,K_2038,original,1,non-literary,K
5702439e7a84480009b6413d,ex13na,K_34,original,3,non-literary,K
5702439e7a84480009b6413d,ex13na,W_59,original,1,non-literary,W
5702439e7a84480009b6413d,ex13na,K_2846,original,2,non-literary,K
5702439e7a84480009b6413d,ex13na,K_1973,original,1,non-literary,K
5702439e7a84480009b6413d,ex13na,W_5,original,1,non-literary,W
5702439e7a84480009b6413d,ex13na,K_2052,original,2,non-literary,K
5702439e7a84480009b6413d,ex13na,K_1042,original,2,non-literary,K
5702439e7a84480009b6413d,ex13na,W_377,original,1,non-literary,W
5702439e7a84480009b6413d,ex13na,K_1477,original,4,non-literary,K
5702439e7a84480009b6413d,ex13na,K_2251,original,4,non-literary,K
5702439e7a84480009b6413d,ex13na,K_1434,original,3,non-literary,K
5702439e7a84480009b6413d,ex13na,W_541,original,1,non-literary,W
5702439e7a84480009b6413d,ex13na,W_750,original,2,non-literary,W
5702439e7a84480009b6413d,ex13na,W_671,original,1,non-literary,W
5702439e7a84480009b6413d,ex13na,W_529,original,1,non-literary,W
5702439e7a84480009b6413d,ex13na,W_485,original,1,non-literary,W
5702439e7a84480009b6413d,ex13na,W_413,original,1,non-literary,W
5702439e7a84480009b6413d,ex13na,K_723,original,1,non-literary,K
5702439e7a84480009b6413d,ex13na,K_259,original,1,non-literary,K
5702439e7a84480009b6413d,ex13na,W_344,original,1,non-literary,W
5702439e7a84480009b6413d,ex13na,W_672,original,1,non-literary,W
5702439e7a84480009b6413d,ex13na,K_3949,original,1,non-literary,K
5702439e7a84480009b6413d,ex13na,W_739,original,1,non-literary,W
5702439e7a84480009b6413d,ex13na,K_3158,original,2,non-literary,K
5702439e7a84480009b6413d,ex13na,W_209,original,1,non-literary,W
5702439e7a84480009b6413d,ex13na,W_103,original,1,non-literary,W
5702439e7a84480009b6413d,ex13na,K_1290,original,4,non-literary,K
5702439e7a84480009b6413d,ex13na,K_1117,original,3,non-literary,K
5702439e7a84480009b6413d,ex13na,K_1992,original,1,non-literary,K
5702439e7a84480009b6413d,ex13na,W_463,original,1,non-literary,W
5702439e7a84480009b6413d,ex13na,W_422,original,1,non-literary,W
610905a730569ffea2fbdd0b,ex13na,K_2251,original,2,non-literary,K
610905a730569ffea2fbdd0b,ex13na,W_344,original,1,non-literary,W
610905a730569ffea2fbdd0b,ex13na,K_1477,original,4,non-literary,K
610905a730569ffea2fbdd0b,ex13na,K_1434,original,2,non-literary,K
610905a730569ffea2fbdd0b,ex13na,K_2038,original,1,non-literary,K
610905a730569ffea2fbdd0b,ex13na,K_3158,original,3,non-literary,K
610905a730569ffea2fbdd0b,ex13na,W_485,original,1,non-literary,W
610905a730569ffea2fbdd0b,ex13na,W_739,original,1,non-literary,W
610905a730569ffea2fbdd0b,ex13na,K_723,original,2,non-literary,K
610905a730569ffea2fbdd0b,ex13na,W_463,original,1,non-literary,W
610905a730569ffea2fbdd0b,ex13na,K_1973,original,1,non-literary,K
610905a730569ffea2fbdd0b,ex13na,W_377,original,1,non-literary,W
610905a730569ffea2fbdd0b,ex13na,K_3949,original,1,non-literary,K
610905a730569ffea2fbdd0b,ex13na,W_5,original,1,non-literary,W
610905a730569ffea2fbdd0b,ex13na,K_2846,original,3,non-literary,K
610905a730569ffea2fbdd0b,ex13na,W_103,original,1,non-literary,W
610905a730569ffea2fbdd0b,ex13na,K_34,original,5,non-literary,K
610905a730569ffea2fbdd0b,ex13na,K_1290,original,5,non-literary,K
610905a730569ffea2fbdd0b,ex13na,W_726,original,1,non-literary,W
610905a730569ffea2fbdd0b,ex13na,W_541,original,2,non-literary,W
610905a730569ffea2fbdd0b,ex13na,W_672,original,1,non-literary,W
610905a730569ffea2fbdd0b,ex13na,W_413,original,1,non-literary,W
610905a730569ffea2fbdd0b,ex13na,W_209,original,1,non-literary,W
610905a730569ffea2fbdd0b,ex13na,K_1117,original,1,non-literary,K
610905a730569ffea2fbdd0b,ex13na,W_671,original,4,non-literary,W
610905a730569ffea2fbdd0b,ex13na,W_422,original,1,non-literary,W
610905a730569ffea2fbdd0b,ex13na,K_1042,original,2,non-literary,K
610905a730569ffea2fbdd0b,ex13na,K_259,original,1,non-literary,K
610905a730569ffea2fbdd0b,ex13na,K_1992,original,1,non-literary,K
610905a730569ffea2fbdd0b,ex13na,W_750,original,2,non-literary,W
610905a730569ffea2fbdd0b,ex13na,W_529,original,1,non-literary,W
610905a730569ffea2fbdd0b,ex13na,W_59,original,1,non-literary,W
610905a730569ffea2fbdd0b,ex13na,K_2052,original,1,non-literary,K
5b5a54726b25590001774752,ex13na,K_1290,original,5,non-literary,K
5b5a54726b25590001774752,ex13na,K_2251,original,2,non-literary,K
5b5a54726b25590001774752,ex13na,K_1992,original,5,non-literary,K
5b5a54726b25590001774752,ex13na,W_103,original,3,non-literary,W
5b5a54726b25590001774752,ex13na,K_1973,original,2,non-literary,K
5b5a54726b25590001774752,ex13na,K_1042,original,4,non-literary,K
5b5a54726b25590001774752,ex13na,K_723,original,4,non-literary,K
5b5a54726b25590001774752,ex13na,W_377,original,2,non-literary,W
5b5a54726b25590001774752,ex13na,K_3949,original,1,non-literary,K
5b5a54726b25590001774752,ex13na,W_726,original,5,non-literary,W
5b5a54726b25590001774752,ex13na,W_209,original,5,non-literary,W
5b5a54726b25590001774752,ex13na,W_485,original,2,non-literary,W
5b5a54726b25590001774752,ex13na,W_422,original,2,non-literary,W
5b5a54726b25590001774752,ex13na,W_5,original,1,non-literary,W
5b5a54726b25590001774752,ex13na,W_413,original,2,non-literary,W
5b5a54726b25590001774752,ex13na,W_541,original,2,non-literary,W
5b5a54726b25590001774752,ex13na,W_739,original,1,non-literary,W
5b5a54726b25590001774752,ex13na,K_1477,original,6,non-literary,K
5b5a54726b25590001774752,ex13na,K_34,original,4,non-literary,K
5b5a54726b25590001774752,ex13na,K_2846,original,6,non-literary,K
5b5a54726b25590001774752,ex13na,K_2052,original,4,non-literary,K
5b5a54726b25590001774752,ex13na,W_750,original,5,non-literary,W
5b5a54726b25590001774752,ex13na,K_1117,original,2,non-literary,K
5b5a54726b25590001774752,ex13na,W_59,original,2,non-literary,W
5b5a54726b25590001774752,ex13na,W_529,original,4,non-literary,W
5b5a54726b25590001774752,ex13na,W_344,original,4,non-literary,W
5b5a54726b25590001774752,ex13na,K_259,original,3,non-literary,K
5b5a54726b25590001774752,ex13na,K_3158,original,5,non-literary,K
5b5a54726b25590001774752,ex13na,K_1434,original,6,non-literary,K
5b5a54726b25590001774752,ex13na,W_672,original,5,non-literary,W
5b5a54726b25590001774752,ex13na,K_2038,original,1,non-literary,K
5b5a54726b25590001774752,ex13na,W_463,original,6,non-literary,W
5b5a54726b25590001774752,ex13na,W_671,original,1,non-literary,W
609c6cc79875c8f0ba5d2242,ex13na,K_2038,original,1,non-literary,K
609c6cc79875c8f0ba5d2242,ex13na,W_377,original,1,non-literary,W
609c6cc79875c8f0ba5d2242,ex13na,W_413,original,1,non-literary,W
609c6cc79875c8f0ba5d2242,ex13na,K_1290,original,6,non-literary,K
609c6cc79875c8f0ba5d2242,ex13na,K_723,original,2,non-literary,K
609c6cc79875c8f0ba5d2242,ex13na,K_3158,original,3,non-literary,K
609c6cc79875c8f0ba5d2242,ex13na,W_726,original,1,non-literary,W
609c6cc79875c8f0ba5d2242,ex13na,W_422,original,2,non-literary,W
609c6cc79875c8f0ba5d2242,ex13na,K_2846,original,4,non-literary,K
609c6cc79875c8f0ba5d2242,ex13na,K_1992,original,2,non-literary,K
609c6cc79875c8f0ba5d2242,ex13na,W_750,original,2,non-literary,W
609c6cc79875c8f0ba5d2242,ex13na,K_1117,original,3,non-literary,K
609c6cc79875c8f0ba5d2242,ex13na,W_344,original,2,non-literary,W
609c6cc79875c8f0ba5d2242,ex13na,W_671,original,1,non-literary,W
609c6cc79875c8f0ba5d2242,ex13na,W_672,original,2,non-literary,W
609c6cc79875c8f0ba5d2242,ex13na,K_2251,original,4,non-literary,K
609c6cc79875c8f0ba5d2242,ex13na,K_34,original,6,non-literary,K
609c6cc79875c8f0ba5d2242,ex13na,W_529,original,2,non-literary,W
609c6cc79875c8f0ba5d2242,ex13na,W_59,original,2,non-literary,W
609c6cc79875c8f0ba5d2242,ex13na,W_463,original,1,non-literary,W
609c6cc79875c8f0ba5d2242,ex13na,K_1434,original,5,non-literary,K
609c6cc79875c8f0ba5d2242,ex13na,W_739,original,1,non-literary,W
609c6cc79875c8f0ba5d2242,ex13na,W_103,original,1,non-literary,W
609c6cc79875c8f0ba5d2242,ex13na,W_209,original,2,non-literary,W
609c6cc79875c8f0ba5d2242,ex13na,W_485,original,1,non-literary,W
609c6cc79875c8f0ba5d2242,ex13na,W_541,original,2,non-literary,W
609c6cc79875c8f0ba5d2242,ex13na,W_5,original,1,non-literary,W
609c6cc79875c8f0ba5d2242,ex13na,K_3949,original,2,non-literary,K
609c6cc79875c8f0ba5d2242,ex13na,K_2052,original,4,non-literary,K
609c6cc79875c8f0ba5d2242,ex13na,K_1477,original,5,non-literary,K
609c6cc79875c8f0ba5d2242,ex13na,K_259,original,2,non-literary,K
609c6cc79875c8f0ba5d2242,ex13na,K_1973,original,2,non-literary,K
609c6cc79875c8f0ba5d2242,ex13na,K_1042,original,4,non-literary,K
61545686d49a33dab8587297,ex13na,K_3158,original,2,non-literary,K
61545686d49a33dab8587297,ex13na,K_1434,original,2,non-literary,K
61545686d49a33dab8587297,ex13na,K_2052,original,1,non-literary,K
61545686d49a33dab8587297,ex13na,K_1042,original,1,non-literary,K
61545686d49a33dab8587297,ex13na,W_344,original,1,non-literary,W
61545686d49a33dab8587297,ex13na,W_5,original,1,non-literary,W
61545686d49a33dab8587297,ex13na,K_1117,original,1,non-literary,K
61545686d49a33dab8587297,ex13na,W_529,original,1,non-literary,W
61545686d49a33dab8587297,ex13na,K_34,original,2,non-literary,K
61545686d49a33dab8587297,ex13na,K_259,original,1,non-literary,K
61545686d49a33dab8587297,ex13na,K_1477,original,2,non-literary,K
61545686d49a33dab8587297,ex13na,W_672,original,1,non-literary,W
61545686d49a33dab8587297,ex13na,W_209,original,1,non-literary,W
61545686d49a33dab8587297,ex13na,K_2251,original,1,non-literary,K
61545686d49a33dab8587297,ex13na,K_1290,original,5,non-literary,K
61545686d49a33dab8587297,ex13na,W_377,original,1,non-literary,W
61545686d49a33dab8587297,ex13na,W_726,original,1,non-literary,W
61545686d49a33dab8587297,ex13na,W_103,original,1,non-literary,W
61545686d49a33dab8587297,ex13na,W_413,original,1,non-literary,W
61545686d49a33dab8587297,ex13na,W_671,original,1,non-literary,W
61545686d49a33dab8587297,ex13na,K_723,original,1,non-literary,K
61545686d49a33dab8587297,ex13na,W_463,original,1,non-literary,W
61545686d49a33dab8587297,ex13na,W_541,original,1,non-literary,W
61545686d49a33dab8587297,ex13na,K_2038,original,1,non-literary,K
61545686d49a33dab8587297,ex13na,K_1992,original,1,non-literary,K
61545686d49a33dab8587297,ex13na,W_750,original,1,non-literary,W
61545686d49a33dab8587297,ex13na,W_59,original,1,non-literary,W
61545686d49a33dab8587297,ex13na,K_2846,original,1,non-literary,K
61545686d49a33dab8587297,ex13na,W_422,original,1,non-literary,W
61545686d49a33dab8587297,ex13na,W_485,original,1,non-literary,W
61545686d49a33dab8587297,ex13na,K_1973,original,1,non-literary,K
61545686d49a33dab8587297,ex13na,K_3949,original,1,non-literary,K
61545686d49a33dab8587297,ex13na,W_739,original,1,non-literary,W
60f2c01eda767e48b6c2830a,ex13na,W_541,original,2,non-literary,W
60f2c01eda767e48b6c2830a,ex13na,K_34,original,5,non-literary,K
60f2c01eda767e48b6c2830a,ex13na,W_463,original,2,non-literary,W
60f2c01eda767e48b6c2830a,ex13na,W_413,original,2,non-literary,W
60f2c01eda767e48b6c2830a,ex13na,K_723,original,2,non-literary,K
60f2c01eda767e48b6c2830a,ex13na,W_422,original,2,non-literary,W
60f2c01eda767e48b6c2830a,ex13na,W_485,original,4,non-literary,W
60f2c01eda767e48b6c2830a,ex13na,K_2052,original,4,non-literary,K
60f2c01eda767e48b6c2830a,ex13na,W_344,original,4,non-literary,W
60f2c01eda767e48b6c2830a,ex13na,K_2846,original,4,non-literary,K
60f2c01eda767e48b6c2830a,ex13na,K_1290,original,6,non-literary,K
60f2c01eda767e48b6c2830a,ex13na,W_671,original,2,non-literary,W
60f2c01eda767e48b6c2830a,ex13na,K_2251,original,2,non-literary,K
60f2c01eda767e48b6c2830a,ex13na,W_726,original,4,non-literary,W
60f2c01eda767e48b6c2830a,ex13na,W_672,original,3,non-literary,W
60f2c01eda767e48b6c2830a,ex13na,W_750,original,5,non-literary,W
60f2c01eda767e48b6c2830a,ex13na,W_103,original,3,non-literary,W
60f2c01eda767e48b6c2830a,ex13na,K_1434,original,5,non-literary,K
60f2c01eda767e48b6c2830a,ex13na,W_59,original,3,non-literary,W
60f2c01eda767e48b6c2830a,ex13na,K_1992,original,5,non-literary,K
60f2c01eda767e48b6c2830a,ex13na,K_3158,original,5,non-literary,K
60f2c01eda767e48b6c2830a,ex13na,W_5,original,2,non-literary,W
60f2c01eda767e48b6c2830a,ex13na,K_1477,original,5,non-literary,K
60f2c01eda767e48b6c2830a,ex13na,K_259,original,4,non-literary,K
60f2c01eda767e48b6c2830a,ex13na,K_1973,original,3,non-literary,K
60f2c01eda767e48b6c2830a,ex13na,W_209,original,3,non-literary,W
60f2c01eda767e48b6c2830a,ex13na,K_1117,original,5,non-literary,K
60f2c01eda767e48b6c2830a,ex13na,K_2038,original,1,non-literary,K
60f2c01eda767e48b6c2830a,ex13na,K_1042,original,4,non-literary,K
60f2c01eda767e48b6c2830a,ex13na,W_529,original,4,non-literary,W
60f2c01eda767e48b6c2830a,ex13na,W_739,original,3,non-literary,W
60f2c01eda767e48b6c2830a,ex13na,K_3949,original,3,non-literary,K
60f2c01eda767e48b6c2830a,ex13na,W_377,original,2,non-literary,W
5f4e62f4ebe77d02892f18bc,ex13na,K_3158,original,3,non-literary,K
5f4e62f4ebe77d02892f18bc,ex13na,W_485,original,1,non-literary,W
5f4e62f4ebe77d02892f18bc,ex13na,W_344,original,2,non-literary,W
5f4e62f4ebe77d02892f18bc,ex13na,W_377,original,1,non-literary,W
5f4e62f4ebe77d02892f18bc,ex13na,W_672,original,2,non-literary,W
5f4e62f4ebe77d02892f18bc,ex13na,K_1434,original,5,non-literary,K
5f4e62f4ebe77d02892f18bc,ex13na,W_541,original,2,non-literary,W
5f4e62f4ebe77d02892f18bc,ex13na,K_1477,original,4,non-literary,K
5f4e62f4ebe77d02892f18bc,ex13na,W_739,original,1,non-literary,W
5f4e62f4ebe77d02892f18bc,ex13na,K_2846,original,4,non-literary,K
5f4e62f4ebe77d02892f18bc,ex13na,K_723,original,1,non-literary,K
5f4e62f4ebe77d02892f18bc,ex13na,W_726,original,2,non-literary,W
5f4e62f4ebe77d02892f18bc,ex13na,W_422,original,2,non-literary,W
5f4e62f4ebe77d02892f18bc,ex13na,K_2038,original,1,non-literary,K
5f4e62f4ebe77d02892f18bc,ex13na,K_2251,original,4,non-literary,K
5f4e62f4ebe77d02892f18bc,ex13na,W_5,original,1,non-literary,W
5f4e62f4ebe77d02892f18bc,ex13na,K_3949,original,4,non-literary,K
5f4e62f4ebe77d02892f18bc,ex13na,K_2052,original,2,non-literary,K
5f4e62f4ebe77d02892f18bc,ex13na,K_34,original,5,non-literary,K
5f4e62f4ebe77d02892f18bc,ex13na,W_103,original,1,non-literary,W
5f4e62f4ebe77d02892f18bc,ex13na,K_1992,original,3,non-literary,K
5f4e62f4ebe77d02892f18bc,ex13na,W_463,original,2,non-literary,W
5f4e62f4ebe77d02892f18bc,ex13na,W_529,original,3,non-literary,W
5f4e62f4ebe77d02892f18bc,ex13na,K_1290,original,6,non-literary,K
5f4e62f4ebe77d02892f18bc,ex13na,W_59,original,2,non-literary,W
5f4e62f4ebe77d02892f18bc,ex13na,K_259,original,2,non-literary,K
5f4e62f4ebe77d02892f18bc,ex13na,W_209,original,1,non-literary,W
5f4e62f4ebe77d02892f18bc,ex13na,K_1117,original,3,non-literary,K
5f4e62f4ebe77d02892f18bc,ex13na,W_671,original,1,non-literary,W
5f4e62f4ebe77d02892f18bc,ex13na,K_1042,original,3,non-literary,K
5f4e62f4ebe77d02892f18bc,ex13na,W_750,original,3,non-literary,W
5f4e62f4ebe77d02892f18bc,ex13na,W_413,original,1,non-literary,W
6107d087053bae4b6d7ab1d5,ex13na,W_739,original,1,non-literary,W
6107d087053bae4b6d7ab1d5,ex13na,W_422,original,3,non-literary,W
6107d087053bae4b6d7ab1d5,ex13na,W_413,original,1,non-literary,W
6107d087053bae4b6d7ab1d5,ex13na,W_209,original,2,non-literary,W
6107d087053bae4b6d7ab1d5,ex13na,K_723,original,4,non-literary,K
6107d087053bae4b6d7ab1d5,ex13na,K_2251,original,1,non-literary,K
6107d087053bae4b6d7ab1d5,ex13na,W_485,original,3,non-literary,W
6107d087053bae4b6d7ab1d5,ex13na,W_529,original,2,non-literary,W
6107d087053bae4b6d7ab1d5,ex13na,K_2846,original,3,non-literary,K
6107d087053bae4b6d7ab1d5,ex13na,K_1477,original,4,non-literary,K
6107d087053bae4b6d7ab1d5,ex13na,K_1290,original,5,non-literary,K
6107d087053bae4b6d7ab1d5,ex13na,W_103,original,2,non-literary,W
6107d087053bae4b6d7ab1d5,ex13na,W_344,original,2,non-literary,W
6107d087053bae4b6d7ab1d5,ex13na,W_671,original,1,non-literary,W
6107d087053bae4b6d7ab1d5,ex13na,K_259,original,1,non-literary,K
6107d087053bae4b6d7ab1d5,ex13na,W_5,original,1,non-literary,W
6107d087053bae4b6d7ab1d5,ex13na,W_541,original,2,non-literary,W
6107d087053bae4b6d7ab1d5,ex13na,K_1042,original,5,non-literary,K
6107d087053bae4b6d7ab1d5,ex13na,K_34,original,5,non-literary,K
6107d087053bae4b6d7ab1d5,ex13na,K_2052,original,4,non-literary,K
6107d087053bae4b6d7ab1d5,ex13na,W_672,original,3,non-literary,W
6107d087053bae4b6d7ab1d5,ex13na,K_1973,original,3,non-literary,K
6107d087053bae4b6d7ab1d5,ex13na,K_3158,original,4,non-literary,K
6107d087053bae4b6d7ab1d5,ex13na,K_2038,original,1,non-literary,K
6107d087053bae4b6d7ab1d5,ex13na,K_1434,original,4,non-literary,K
6107d087053bae4b6d7ab1d5,ex13na,K_1117,original,4,non-literary,K
6107d087053bae4b6d7ab1d5,ex13na,K_1992,original,2,non-literary,K
6107d087053bae4b6d7ab1d5,ex13na,W_463,original,3,non-literary,W
6107d087053bae4b6d7ab1d5,ex13na,W_726,original,3,non-literary,W
6107d087053bae4b6d7ab1d5,ex13na,W_59,original,2,non-literary,W
6107d087053bae4b6d7ab1d5,ex13na,K_3949,original,1,non-literary,K
6107d087053bae4b6d7ab1d5,ex13na,W_750,original,3,non-literary,W
6107d087053bae4b6d7ab1d5,ex13na,W_377,original,1,non-literary,W
614595c2f02b81d11457a399,ex13na,W_5,original,1,non-literary,W
614595c2f02b81d11457a399,ex13na,W_726,original,1,non-literary,W
614595c2f02b81d11457a399,ex13na,K_723,original,1,non-literary,K
614595c2f02b81d11457a399,ex13na,W_209,original,1,non-literary,W
614595c2f02b81d11457a399,ex13na,K_1290,original,5,non-literary,K
614595c2f02b81d11457a399,ex13na,W_463,original,1,non-literary,W
614595c2f02b81d11457a399,ex13na,W_671,original,1,non-literary,W
614595c2f02b81d11457a399,ex13na,K_1434,original,4,non-literary,K
614595c2f02b81d11457a399,ex13na,W_485,original,1,non-literary,W
614595c2f02b81d11457a399,ex13na,K_3158,original,2,non-literary,K
614595c2f02b81d11457a399,ex13na,W_59,original,1,non-literary,W
614595c2f02b81d11457a399,ex13na,K_1992,original,1,non-literary,K
614595c2f02b81d11457a399,ex13na,K_2052,original,2,non-literary,K
614595c2f02b81d11457a399,ex13na,K_3949,original,1,non-literary,K
614595c2f02b81d11457a399,ex13na,K_1477,original,4,non-literary,K
614595c2f02b81d11457a399,ex13na,W_541,original,1,non-literary,W
614595c2f02b81d11457a399,ex13na,W_672,original,1,non-literary,W
614595c2f02b81d11457a399,ex13na,K_2846,original,5,non-literary,K
614595c2f02b81d11457a399,ex13na,K_259,original,1,non-literary,K
614595c2f02b81d11457a399,ex13na,W_413,original,1,non-literary,W
614595c2f02b81d11457a399,ex13na,K_2251,original,4,non-literary,K
614595c2f02b81d11457a399,ex13na,W_739,original,1,non-literary,W
614595c2f02b81d11457a399,ex13na,W_529,original,1,non-literary,W
614595c2f02b81d11457a399,ex13na,W_103,original,1,non-literary,W
614595c2f02b81d11457a399,ex13na,K_1973,original,1,non-literary,K
614595c2f02b81d11457a399,ex13na,K_1117,original,2,non-literary,K
614595c2f02b81d11457a399,ex13na,K_2038,original,1,non-literary,K
614595c2f02b81d11457a399,ex13na,K_34,original,3,non-literary,K
614595c2f02b81d11457a399,ex13na,W_377,original,1,non-literary,W
614595c2f02b81d11457a399,ex13na,K_1042,original,4,non-literary,K
614595c2f02b81d11457a399,ex13na,W_750,original,1,non-literary,W
614595c2f02b81d11457a399,ex13na,W_344,original,1,non-literary,W
614595c2f02b81d11457a399,ex13na,W_422,original,1,non-literary,W
5c3d0d156d874c0001bd80f8,ex13na,K_2038,original,2,non-literary,K
5c3d0d156d874c0001bd80f8,ex13na,K_723,original,2,non-literary,K
5c3d0d156d874c0001bd80f8,ex13na,K_259,original,3,non-literary,K
5c3d0d156d874c0001bd80f8,ex13na,W_672,original,5,non-literary,W
5c3d0d156d874c0001bd80f8,ex13na,W_59,original,2,non-literary,W
5c3d0d156d874c0001bd80f8,ex13na,K_1973,original,4,non-literary,K
5c3d0d156d874c0001bd80f8,ex13na,W_344,original,2,non-literary,W
5c3d0d156d874c0001bd80f8,ex13na,W_422,original,2,non-literary,W
5c3d0d156d874c0001bd80f8,ex13na,K_34,original,4,non-literary,K
5c3d0d156d874c0001bd80f8,ex13na,K_1042,original,4,non-literary,K
5c3d0d156d874c0001bd80f8,ex13na,K_1290,original,4,non-literary,K
5c3d0d156d874c0001bd80f8,ex13na,K_1477,original,4,non-literary,K
5c3d0d156d874c0001bd80f8,ex13na,K_1434,original,4,non-literary,K
5c3d0d156d874c0001bd80f8,ex13na,K_3158,original,4,non-literary,K
5c3d0d156d874c0001bd80f8,ex13na,W_5,original,2,non-literary,W
5c3d0d156d874c0001bd80f8,ex13na,W_750,original,4,non-literary,W
5c3d0d156d874c0001bd80f8,ex13na,K_2846,original,5,non-literary,K
5c3d0d156d874c0001bd80f8,ex13na,W_739,original,3,non-literary,W
5c3d0d156d874c0001bd80f8,ex13na,W_413,original,3,non-literary,W
5c3d0d156d874c0001bd80f8,ex13na,W_463,original,4,non-literary,W
5c3d0d156d874c0001bd80f8,ex13na,K_1992,original,4,non-literary,K
5c3d0d156d874c0001bd80f8,ex13na,W_377,original,2,non-literary,W
5c3d0d156d874c0001bd80f8,ex13na,K_1117,original,4,non-literary,K
5c3d0d156d874c0001bd80f8,ex13na,K_3949,original,3,non-literary,K
5c3d0d156d874c0001bd80f8,ex13na,K_2251,original,3,non-literary,K
5c3d0d156d874c0001bd80f8,ex13na,W_726,original,4,non-literary,W
5c3d0d156d874c0001bd80f8,ex13na,W_485,original,3,non-literary,W
5c3d0d156d874c0001bd80f8,ex13na,W_209,original,3,non-literary,W
5c3d0d156d874c0001bd80f8,ex13na,K_2052,original,5,non-literary,K
5c3d0d156d874c0001bd80f8,ex13na,W_671,original,3,non-literary,W
5c3d0d156d874c0001bd80f8,ex13na,W_529,original,3,non-literary,W
5c3d0d156d874c0001bd80f8,ex13na,W_541,original,3,non-literary,W
5c3d0d156d874c0001bd80f8,ex13na,W_103,original,4,non-literary,W
604e43ea58d1b8206e9d85ba,ex12na,W_560,original,1,non-literary,W
604e43ea58d1b8206e9d85ba,ex12na,K_1902,original,5,non-literary,K
604e43ea58d1b8206e9d85ba,ex12na,K_627,original,4,non-literary,K
604e43ea58d1b8206e9d85ba,ex12na,W_153,original,1,non-literary,W
604e43ea58d1b8206e9d85ba,ex12na,K_3076,original,4,non-literary,K
604e43ea58d1b8206e9d85ba,ex12na,W_641,original,1,non-literary,W
604e43ea58d1b8206e9d85ba,ex12na,W_321,original,1,non-literary,W
604e43ea58d1b8206e9d85ba,ex12na,K_421,original,2,non-literary,K
604e43ea58d1b8206e9d85ba,ex12na,W_407,original,1,non-literary,W
604e43ea58d1b8206e9d85ba,ex12na,K_1016,original,4,non-literary,K
604e43ea58d1b8206e9d85ba,ex12na,K_560,original,2,non-literary,K
604e43ea58d1b8206e9d85ba,ex12na,W_204,original,3,non-literary,W
604e43ea58d1b8206e9d85ba,ex12na,K_1647,original,3,non-literary,K
604e43ea58d1b8206e9d85ba,ex12na,W_227,original,1,non-literary,W
604e43ea58d1b8206e9d85ba,ex12na,W_177,original,1,non-literary,W
604e43ea58d1b8206e9d85ba,ex12na,K_589,original,5,non-literary,K
604e43ea58d1b8206e9d85ba,ex12na,K_3734,original,4,non-literary,K
604e43ea58d1b8206e9d85ba,ex12na,W_533,original,1,non-literary,W
604e43ea58d1b8206e9d85ba,ex12na,W_475,original,1,non-literary,W
604e43ea58d1b8206e9d85ba,ex12na,K_2989,original,3,non-literary,K
604e43ea58d1b8206e9d85ba,ex12na,K_2088,original,5,non-literary,K
604e43ea58d1b8206e9d85ba,ex12na,W_443,original,2,non-literary,W
604e43ea58d1b8206e9d85ba,ex12na,W_733,original,1,non-literary,W
604e43ea58d1b8206e9d85ba,ex12na,K_2131,original,3,non-literary,K
604e43ea58d1b8206e9d85ba,ex12na,K_1314,original,2,non-literary,K
604e43ea58d1b8206e9d85ba,ex12na,K_1733,original,5,non-literary,K
604e43ea58d1b8206e9d85ba,ex12na,W_145,original,1,non-literary,W
604e43ea58d1b8206e9d85ba,ex12na,W_100,original,1,non-literary,W
604e43ea58d1b8206e9d85ba,ex12na,W_751,original,1,non-literary,W
604e43ea58d1b8206e9d85ba,ex12na,K_3318,original,6,non-literary,K
604e43ea58d1b8206e9d85ba,ex12na,K_1567,original,3,non-literary,K
604e43ea58d1b8206e9d85ba,ex12na,K_1815,original,4,non-literary,K
604e43ea58d1b8206e9d85ba,ex12na,W_169,original,1,non-literary,W
604e43ea58d1b8206e9d85ba,ex12na,W_447,original,1,non-literary,W
5b9d3b7e1b99540001d790c0,ex12na,W_145,original,1,non-literary,W
5b9d3b7e1b99540001d790c0,ex12na,K_1314,original,3,non-literary,K
5b9d3b7e1b99540001d790c0,ex12na,W_100,original,3,non-literary,W
5b9d3b7e1b99540001d790c0,ex12na,K_589,original,5,non-literary,K
5b9d3b7e1b99540001d790c0,ex12na,K_1647,original,4,non-literary,K
5b9d3b7e1b99540001d790c0,ex12na,W_475,original,2,non-literary,W
5b9d3b7e1b99540001d790c0,ex12na,W_533,original,2,non-literary,W
5b9d3b7e1b99540001d790c0,ex12na,W_153,original,2,non-literary,W
5b9d3b7e1b99540001d790c0,ex12na,K_3318,original,5,non-literary,K
5b9d3b7e1b99540001d790c0,ex12na,K_421,original,3,non-literary,K
5b9d3b7e1b99540001d790c0,ex12na,K_627,original,3,non-literary,K
5b9d3b7e1b99540001d790c0,ex12na,W_407,original,2,non-literary,W
5b9d3b7e1b99540001d790c0,ex12na,W_560,original,1,non-literary,W
5b9d3b7e1b99540001d790c0,ex12na,K_1733,original,4,non-literary,K
5b9d3b7e1b99540001d790c0,ex12na,K_3076,original,4,non-literary,K
5b9d3b7e1b99540001d790c0,ex12na,W_204,original,2,non-literary,W
5b9d3b7e1b99540001d790c0,ex12na,W_447,original,2,non-literary,W
5b9d3b7e1b99540001d790c0,ex12na,K_2088,original,4,non-literary,K
5b9d3b7e1b99540001d790c0,ex12na,W_227,original,3,non-literary,W
5b9d3b7e1b99540001d790c0,ex12na,K_1016,original,4,non-literary,K
5b9d3b7e1b99540001d790c0,ex12na,W_641,original,2,non-literary,W
5b9d3b7e1b99540001d790c0,ex12na,K_1567,original,2,non-literary,K
5b9d3b7e1b99540001d790c0,ex12na,K_3734,original,3,non-literary,K
5b9d3b7e1b99540001d790c0,ex12na,W_177,original,3,non-literary,W
5b9d3b7e1b99540001d790c0,ex12na,K_1902,original,4,non-literary,K
5b9d3b7e1b99540001d790c0,ex12na,W_169,original,2,non-literary,W
5b9d3b7e1b99540001d790c0,ex12na,K_2989,original,3,non-literary,K
5b9d3b7e1b99540001d790c0,ex12na,W_751,original,1,non-literary,W
5b9d3b7e1b99540001d790c0,ex12na,K_1815,original,5,non-literary,K
5b9d3b7e1b99540001d790c0,ex12na,K_560,original,4,non-literary,K
5b9d3b7e1b99540001d790c0,ex12na,K_2131,original,3,non-literary,K
5b9d3b7e1b99540001d790c0,ex12na,W_443,original,1,non-literary,W
5b9d3b7e1b99540001d790c0,ex12na,W_321,original,2,non-literary,W
5b9d3b7e1b99540001d790c0,ex12na,W_733,original,2,non-literary,W
5da0f6e6b16ded001628cfd7,ex12na,W_177,original,1,non-literary,W
5da0f6e6b16ded001628cfd7,ex12na,K_3076,original,6,non-literary,K
5da0f6e6b16ded001628cfd7,ex12na,W_751,original,1,non-literary,W
5da0f6e6b16ded001628cfd7,ex12na,K_1016,original,2,non-literary,K
5da0f6e6b16ded001628cfd7,ex12na,W_733,original,1,non-literary,W
5da0f6e6b16ded001628cfd7,ex12na,K_1815,original,2,non-literary,K
5da0f6e6b16ded001628cfd7,ex12na,K_627,original,5,non-literary,K
5da0f6e6b16ded001628cfd7,ex12na,W_443,original,1,non-literary,W
5da0f6e6b16ded001628cfd7,ex12na,K_2088,original,5,non-literary,K
5da0f6e6b16ded001628cfd7,ex12na,K_589,original,5,non-literary,K
5da0f6e6b16ded001628cfd7,ex12na,K_3734,original,4,non-literary,K
5da0f6e6b16ded001628cfd7,ex12na,W_560,original,1,non-literary,W
5da0f6e6b16ded001628cfd7,ex12na,K_2131,original,3,non-literary,K
5da0f6e6b16ded001628cfd7,ex12na,K_1902,original,3,non-literary,K
5da0f6e6b16ded001628cfd7,ex12na,W_100,original,1,non-literary,W
5da0f6e6b16ded001628cfd7,ex12na,W_204,original,1,non-literary,W
5da0f6e6b16ded001628cfd7,ex12na,K_1647,original,3,non-literary,K
5da0f6e6b16ded001628cfd7,ex12na,W_169,original,1,non-literary,W
5da0f6e6b16ded001628cfd7,ex12na,K_2989,original,3,non-literary,K
5da0f6e6b16ded001628cfd7,ex12na,K_560,original,5,non-literary,K
5da0f6e6b16ded001628cfd7,ex12na,W_153,original,1,non-literary,W
5da0f6e6b16ded001628cfd7,ex12na,K_1567,original,1,non-literary,K
5da0f6e6b16ded001628cfd7,ex12na,K_421,original,4,non-literary,K
5da0f6e6b16ded001628cfd7,ex12na,W_321,original,1,non-literary,W
5da0f6e6b16ded001628cfd7,ex12na,W_145,original,1,non-literary,W
5da0f6e6b16ded001628cfd7,ex12na,W_447,original,1,non-literary,W
5da0f6e6b16ded001628cfd7,ex12na,W_227,original,1,non-literary,W
5da0f6e6b16ded001628cfd7,ex12na,W_475,original,1,non-literary,W
5da0f6e6b16ded001628cfd7,ex12na,K_1314,original,1,non-literary,K
5da0f6e6b16ded001628cfd7,ex12na,K_1733,original,4,non-literary,K
5da0f6e6b16ded001628cfd7,ex12na,W_407,original,1,non-literary,W
5da0f6e6b16ded001628cfd7,ex12na,K_3318,original,5,non-literary,K
5da0f6e6b16ded001628cfd7,ex12na,W_533,original,1,non-literary,W
5da0f6e6b16ded001628cfd7,ex12na,W_641,original,1,non-literary,W
606b7c30e6da4dc44e190c03,ex12na,K_1902,original,5,non-literary,K
606b7c30e6da4dc44e190c03,ex12na,K_589,original,6,non-literary,K
606b7c30e6da4dc44e190c03,ex12na,K_421,original,5,non-literary,K
606b7c30e6da4dc44e190c03,ex12na,W_443,original,1,non-literary,W
606b7c30e6da4dc44e190c03,ex12na,K_1733,original,6,non-literary,K
606b7c30e6da4dc44e190c03,ex12na,K_1016,original,5,non-literary,K
606b7c30e6da4dc44e190c03,ex12na,W_407,original,1,non-literary,W
606b7c30e6da4dc44e190c03,ex12na,W_560,original,1,non-literary,W
606b7c30e6da4dc44e190c03,ex12na,K_1647,original,5,non-literary,K
606b7c30e6da4dc44e190c03,ex12na,W_100,original,1,non-literary,W
606b7c30e6da4dc44e190c03,ex12na,W_475,original,3,non-literary,W
606b7c30e6da4dc44e190c03,ex12na,K_1815,original,4,non-literary,K
606b7c30e6da4dc44e190c03,ex12na,K_627,original,5,non-literary,K
606b7c30e6da4dc44e190c03,ex12na,K_2131,original,4,non-literary,K
606b7c30e6da4dc44e190c03,ex12na,K_3734,original,3,non-literary,K
606b7c30e6da4dc44e190c03,ex12na,W_145,original,2,non-literary,W
606b7c30e6da4dc44e190c03,ex12na,W_169,original,4,non-literary,W
606b7c30e6da4dc44e190c03,ex12na,W_321,original,1,non-literary,W
606b7c30e6da4dc44e190c03,ex12na,W_153,original,3,non-literary,W
606b7c30e6da4dc44e190c03,ex12na,W_204,original,2,non-literary,W
606b7c30e6da4dc44e190c03,ex12na,K_3076,original,5,non-literary,K
606b7c30e6da4dc44e190c03,ex12na,W_447,original,1,non-literary,W
606b7c30e6da4dc44e190c03,ex12na,W_641,original,1,non-literary,W
606b7c30e6da4dc44e190c03,ex12na,W_227,original,3,non-literary,W
606b7c30e6da4dc44e190c03,ex12na,K_560,original,3,non-literary,K
606b7c30e6da4dc44e190c03,ex12na,K_1567,original,2,non-literary,K
606b7c30e6da4dc44e190c03,ex12na,W_533,original,3,non-literary,W
606b7c30e6da4dc44e190c03,ex12na,W_733,original,1,non-literary,W
606b7c30e6da4dc44e190c03,ex12na,K_3318,original,6,non-literary,K
606b7c30e6da4dc44e190c03,ex12na,W_751,original,1,non-literary,W
606b7c30e6da4dc44e190c03,ex12na,K_1314,original,2,non-literary,K
606b7c30e6da4dc44e190c03,ex12na,W_177,original,1,non-literary,W
606b7c30e6da4dc44e190c03,ex12na,K_2989,original,3,non-literary,K
606b7c30e6da4dc44e190c03,ex12na,K_2088,original,6,non-literary,K
60915a5ad91c6f5cdcb5cf9f,ex12na,W_641,original,4,non-literary,W
60915a5ad91c6f5cdcb5cf9f,ex12na,K_1567,original,1,non-literary,K
60915a5ad91c6f5cdcb5cf9f,ex12na,K_3318,original,6,non-literary,K
60915a5ad91c6f5cdcb5cf9f,ex12na,W_177,original,3,non-literary,W
60915a5ad91c6f5cdcb5cf9f,ex12na,K_627,original,2,non-literary,K
60915a5ad91c6f5cdcb5cf9f,ex12na,K_1016,original,3,non-literary,K
60915a5ad91c6f5cdcb5cf9f,ex12na,W_733,original,1,non-literary,W
60915a5ad91c6f5cdcb5cf9f,ex12na,W_475,original,1,non-literary,W
60915a5ad91c6f5cdcb5cf9f,ex12na,K_1647,original,5,non-literary,K
60915a5ad91c6f5cdcb5cf9f,ex12na,W_533,original,1,non-literary,W
60915a5ad91c6f5cdcb5cf9f,ex12na,K_3734,original,2,non-literary,K
60915a5ad91c6f5cdcb5cf9f,ex12na,K_1733,original,5,non-literary,K
60915a5ad91c6f5cdcb5cf9f,ex12na,W_443,original,1,non-literary,W
60915a5ad91c6f5cdcb5cf9f,ex12na,W_204,original,2,non-literary,W
60915a5ad91c6f5cdcb5cf9f,ex12na,K_1815,original,5,non-literary,K
60915a5ad91c6f5cdcb5cf9f,ex12na,W_169,original,2,non-literary,W
60915a5ad91c6f5cdcb5cf9f,ex12na,W_751,original,1,non-literary,W
60915a5ad91c6f5cdcb5cf9f,ex12na,W_560,original,1,non-literary,W
60915a5ad91c6f5cdcb5cf9f,ex12na,K_1902,original,5,non-literary,K
60915a5ad91c6f5cdcb5cf9f,ex12na,W_321,original,1,non-literary,W
60915a5ad91c6f5cdcb5cf9f,ex12na,K_1314,original,1,non-literary,K
60915a5ad91c6f5cdcb5cf9f,ex12na,W_447,original,1,non-literary,W
60915a5ad91c6f5cdcb5cf9f,ex12na,K_2088,original,6,non-literary,K
60915a5ad91c6f5cdcb5cf9f,ex12na,W_145,original,1,non-literary,W
60915a5ad91c6f5cdcb5cf9f,ex12na,K_421,original,2,non-literary,K
60915a5ad91c6f5cdcb5cf9f,ex12na,K_2989,original,4,non-literary,K
60915a5ad91c6f5cdcb5cf9f,ex12na,W_407,original,1,non-literary,W
60915a5ad91c6f5cdcb5cf9f,ex12na,W_153,original,1,non-literary,W
60915a5ad91c6f5cdcb5cf9f,ex12na,K_3076,original,6,non-literary,K
60915a5ad91c6f5cdcb5cf9f,ex12na,K_560,original,3,non-literary,K
60915a5ad91c6f5cdcb5cf9f,ex12na,K_2131,original,2,non-literary,K
60915a5ad91c6f5cdcb5cf9f,ex12na,W_100,original,3,non-literary,W
60915a5ad91c6f5cdcb5cf9f,ex12na,W_227,original,3,non-literary,W
60915a5ad91c6f5cdcb5cf9f,ex12na,K_589,original,6,non-literary,K
5fbe72941cf1d201bc50c1d4,ex12na,K_2131,original,2,non-literary,K
5fbe72941cf1d201bc50c1d4,ex12na,K_627,original,4,non-literary,K
5fbe72941cf1d201bc50c1d4,ex12na,W_204,original,1,non-literary,W
5fbe72941cf1d201bc50c1d4,ex12na,W_227,original,2,non-literary,W
5fbe72941cf1d201bc50c1d4,ex12na,K_560,original,5,non-literary,K
5fbe72941cf1d201bc50c1d4,ex12na,K_1733,original,5,non-literary,K
5fbe72941cf1d201bc50c1d4,ex12na,W_751,original,1,non-literary,W
5fbe72941cf1d201bc50c1d4,ex12na,W_733,original,1,non-literary,W
5fbe72941cf1d201bc50c1d4,ex12na,K_421,original,3,non-literary,K
5fbe72941cf1d201bc50c1d4,ex12na,K_3318,original,6,non-literary,K
5fbe72941cf1d201bc50c1d4,ex12na,K_1647,original,5,non-literary,K
5fbe72941cf1d201bc50c1d4,ex12na,K_2088,original,6,non-literary,K
5fbe72941cf1d201bc50c1d4,ex12na,W_153,original,1,non-literary,W
5fbe72941cf1d201bc50c1d4,ex12na,W_321,original,1,non-literary,W
5fbe72941cf1d201bc50c1d4,ex12na,W_641,original,1,non-literary,W
5fbe72941cf1d201bc50c1d4,ex12na,K_589,original,5,non-literary,K
5fbe72941cf1d201bc50c1d4,ex12na,W_177,original,1,non-literary,W
5fbe72941cf1d201bc50c1d4,ex12na,W_560,original,1,non-literary,W
5fbe72941cf1d201bc50c1d4,ex12na,K_2989,original,4,non-literary,K
5fbe72941cf1d201bc50c1d4,ex12na,W_533,original,1,non-literary,W
5fbe72941cf1d201bc50c1d4,ex12na,K_3734,original,4,non-literary,K
5fbe72941cf1d201bc50c1d4,ex12na,W_145,original,1,non-literary,W
5fbe72941cf1d201bc50c1d4,ex12na,W_169,original,1,non-literary,W
5fbe72941cf1d201bc50c1d4,ex12na,K_3076,original,6,non-literary,K
5fbe72941cf1d201bc50c1d4,ex12na,W_443,original,1,non-literary,W
5fbe72941cf1d201bc50c1d4,ex12na,K_1815,original,5,non-literary,K
5fbe72941cf1d201bc50c1d4,ex12na,W_447,original,1,non-literary,W
5fbe72941cf1d201bc50c1d4,ex12na,W_475,original,1,non-literary,W
5fbe72941cf1d201bc50c1d4,ex12na,K_1016,original,6,non-literary,K
5fbe72941cf1d201bc50c1d4,ex12na,K_1902,original,5,non-literary,K
5fbe72941cf1d201bc50c1d4,ex12na,W_100,original,1,non-literary,W
5fbe72941cf1d201bc50c1d4,ex12na,W_407,original,2,non-literary,W
5fbe72941cf1d201bc50c1d4,ex12na,K_1314,original,2,non-literary,K
5fbe72941cf1d201bc50c1d4,ex12na,K_1567,original,1,non-literary,K
5a65077363394a00015568b0,ex12na,K_627,original,4,non-literary,K
5a65077363394a00015568b0,ex12na,K_3318,original,6,non-literary,K
5a65077363394a00015568b0,ex12na,K_2088,original,5,non-literary,K
5a65077363394a00015568b0,ex12na,K_3734,original,3,non-literary,K
5a65077363394a00015568b0,ex12na,K_1314,original,1,non-literary,K
5a65077363394a00015568b0,ex12na,W_177,original,3,non-literary,W
5a65077363394a00015568b0,ex12na,K_2131,original,2,non-literary,K
5a65077363394a00015568b0,ex12na,K_560,original,3,non-literary,K
5a65077363394a00015568b0,ex12na,K_3076,original,2,non-literary,K
5a65077363394a00015568b0,ex12na,K_1016,original,3,non-literary,K
5a65077363394a00015568b0,ex12na,W_641,original,1,non-literary,W
5a65077363394a00015568b0,ex12na,W_153,original,1,non-literary,W
5a65077363394a00015568b0,ex12na,W_533,original,2,non-literary,W
5a65077363394a00015568b0,ex12na,W_321,original,1,non-literary,W
5a65077363394a00015568b0,ex12na,W_751,original,1,non-literary,W
5a65077363394a00015568b0,ex12na,W_443,original,1,non-literary,W
5a65077363394a00015568b0,ex12na,W_407,original,1,non-literary,W
5a65077363394a00015568b0,ex12na,K_1647,original,4,non-literary,K
5a65077363394a00015568b0,ex12na,W_475,original,1,non-literary,W
5a65077363394a00015568b0,ex12na,W_145,original,2,non-literary,W
5a65077363394a00015568b0,ex12na,K_589,original,5,non-literary,K
5a65077363394a00015568b0,ex12na,K_1567,original,2,non-literary,K
5a65077363394a00015568b0,ex12na,K_1733,original,6,non-literary,K
5a65077363394a00015568b0,ex12na,K_2989,original,4,non-literary,K
5a65077363394a00015568b0,ex12na,W_447,original,1,non-literary,W
5a65077363394a00015568b0,ex12na,W_733,original,1,non-literary,W
5a65077363394a00015568b0,ex12na,W_169,original,3,non-literary,W
5a65077363394a00015568b0,ex12na,W_204,original,3,non-literary,W
5a65077363394a00015568b0,ex12na,K_1815,original,4,non-literary,K
5a65077363394a00015568b0,ex12na,K_421,original,4,non-literary,K
5a65077363394a00015568b0,ex12na,W_560,original,1,non-literary,W
5a65077363394a00015568b0,ex12na,W_227,original,5,non-literary,W
5a65077363394a00015568b0,ex12na,W_100,original,2,non-literary,W
5a65077363394a00015568b0,ex12na,K_1902,original,6,non-literary,K
67854071ac21627fb3f2ff71,ex12na,W_641,original,2,non-literary,W
67854071ac21627fb3f2ff71,ex12na,K_2989,original,2,non-literary,K
67854071ac21627fb3f2ff71,ex12na,K_2131,original,2,non-literary,K
67854071ac21627fb3f2ff71,ex12na,W_100,original,1,non-literary,W
67854071ac21627fb3f2ff71,ex12na,W_560,original,1,non-literary,W
67854071ac21627fb3f2ff71,ex12na,K_1567,original,2,non-literary,K
67854071ac21627fb3f2ff71,ex12na,W_407,original,1,non-literary,W
67854071ac21627fb3f2ff71,ex12na,K_589,original,6,non-literary,K
67854071ac21627fb3f2ff71,ex12na,W_443,original,1,non-literary,W
67854071ac21627fb3f2ff71,ex12na,W_227,original,4,non-literary,W
67854071ac21627fb3f2ff71,ex12na,K_3318,original,6,non-literary,K
67854071ac21627fb3f2ff71,ex12na,W_751,original,1,non-literary,W
67854071ac21627fb3f2ff71,ex12na,K_1733,original,5,non-literary,K
67854071ac21627fb3f2ff71,ex12na,W_153,original,1,non-literary,W
67854071ac21627fb3f2ff71,ex12na,W_204,original,5,non-literary,W
67854071ac21627fb3f2ff71,ex12na,W_533,original,1,non-literary,W
67854071ac21627fb3f2ff71,ex12na,W_475,original,1,non-literary,W
67854071ac21627fb3f2ff71,ex12na,K_560,original,4,non-literary,K
67854071ac21627fb3f2ff71,ex12na,W_447,original,1,non-literary,W
67854071ac21627fb3f2ff71,ex12na,K_3076,original,6,non-literary,K
67854071ac21627fb3f2ff71,ex12na,K_421,original,1,non-literary,K
67854071ac21627fb3f2ff71,ex12na,W_321,original,1,non-literary,W
67854071ac21627fb3f2ff71,ex12na,K_1647,original,5,non-literary,K
67854071ac21627fb3f2ff71,ex12na,W_177,original,3,non-literary,W
67854071ac21627fb3f2ff71,ex12na,K_1902,original,6,non-literary,K
67854071ac21627fb3f2ff71,ex12na,W_145,original,1,non-literary,W
67854071ac21627fb3f2ff71,ex12na,K_3734,original,1,non-literary,K
67854071ac21627fb3f2ff71,ex12na,K_1016,original,1,non-literary,K
67854071ac21627fb3f2ff71,ex12na,W_733,original,1,non-literary,W
67854071ac21627fb3f2ff71,ex12na,K_627,original,4,non-literary,K
67854071ac21627fb3f2ff71,ex12na,K_2088,original,6,non-literary,K
67854071ac21627fb3f2ff71,ex12na,K_1314,original,6,non-literary,K
67854071ac21627fb3f2ff71,ex12na,K_1815,original,6,non-literary,K
5c0f8d00367ee9000125404a,ex12na,K_3734,original,3,non-literary,K
5c0f8d00367ee9000125404a,ex12na,W_145,original,2,non-literary,W
5c0f8d00367ee9000125404a,ex12na,W_153,original,1,non-literary,W
5c0f8d00367ee9000125404a,ex12na,K_3318,original,4,non-literary,K
5c0f8d00367ee9000125404a,ex12na,W_533,original,3,non-literary,W
5c0f8d00367ee9000125404a,ex12na,K_1567,original,2,non-literary,K
5c0f8d00367ee9000125404a,ex12na,W_443,original,1,non-literary,W
5c0f8d00367ee9000125404a,ex12na,K_2088,original,5,non-literary,K
5c0f8d00367ee9000125404a,ex12na,K_627,original,4,non-literary,K
5c0f8d00367ee9000125404a,ex12na,K_3076,original,4,non-literary,K
5c0f8d00367ee9000125404a,ex12na,W_560,original,1,non-literary,W
5c0f8d00367ee9000125404a,ex12na,W_475,original,2,non-literary,W
5c0f8d00367ee9000125404a,ex12na,W_407,original,1,non-literary,W
5c0f8d00367ee9000125404a,ex12na,W_100,original,1,non-literary,W
5c0f8d00367ee9000125404a,ex12na,W_733,original,2,non-literary,W
5c0f8d00367ee9000125404a,ex12na,K_560,original,4,non-literary,K
5c0f8d00367ee9000125404a,ex12na,W_641,original,2,non-literary,W
5c0f8d00367ee9000125404a,ex12na,W_751,original,1,non-literary,W
5c0f8d00367ee9000125404a,ex12na,K_2989,original,3,non-literary,K
5c0f8d00367ee9000125404a,ex12na,W_204,original,3,non-literary,W
5c0f8d00367ee9000125404a,ex12na,K_1647,original,3,non-literary,K
5c0f8d00367ee9000125404a,ex12na,K_421,original,2,non-literary,K
5c0f8d00367ee9000125404a,ex12na,W_447,original,1,non-literary,W
5c0f8d00367ee9000125404a,ex12na,W_227,original,3,non-literary,W
5c0f8d00367ee9000125404a,ex12na,K_1314,original,2,non-literary,K
5c0f8d00367ee9000125404a,ex12na,K_589,original,5,non-literary,K
5c0f8d00367ee9000125404a,ex12na,K_1733,original,5,non-literary,K
5c0f8d00367ee9000125404a,ex12na,K_1815,original,4,non-literary,K
5c0f8d00367ee9000125404a,ex12na,K_1902,original,3,non-literary,K
5c0f8d00367ee9000125404a,ex12na,W_169,original,1,non-literary,W
5c0f8d00367ee9000125404a,ex12na,K_1016,original,3,non-literary,K
5c0f8d00367ee9000125404a,ex12na,W_321,original,1,non-literary,W
5c0f8d00367ee9000125404a,ex12na,W_177,original,1,non-literary,W
5c0f8d00367ee9000125404a,ex12na,K_2131,original,1,non-literary,K
61507e42dcca22e52eac77a3,ex12na,K_627,original,3,non-literary,K
61507e42dcca22e52eac77a3,ex12na,K_2088,original,3,non-literary,K
61507e42dcca22e52eac77a3,ex12na,W_560,original,1,non-literary,W
61507e42dcca22e52eac77a3,ex12na,K_1815,original,4,non-literary,K
61507e42dcca22e52eac77a3,ex12na,W_533,original,4,non-literary,W
61507e42dcca22e52eac77a3,ex12na,K_1314,original,3,non-literary,K
61507e42dcca22e52eac77a3,ex12na,K_1567,original,3,non-literary,K
61507e42dcca22e52eac77a3,ex12na,W_177,original,4,non-literary,W
61507e42dcca22e52eac77a3,ex12na,W_751,original,3,non-literary,W
61507e42dcca22e52eac77a3,ex12na,W_475,original,2,non-literary,W
61507e42dcca22e52eac77a3,ex12na,W_100,original,2,non-literary,W
61507e42dcca22e52eac77a3,ex12na,K_560,original,4,non-literary,K
61507e42dcca22e52eac77a3,ex12na,W_407,original,3,non-literary,W
61507e42dcca22e52eac77a3,ex12na,W_227,original,4,non-literary,W
61507e42dcca22e52eac77a3,ex12na,K_2989,original,4,non-literary,K
61507e42dcca22e52eac77a3,ex12na,K_3318,original,4,non-literary,K
61507e42dcca22e52eac77a3,ex12na,W_204,original,3,non-literary,W
61507e42dcca22e52eac77a3,ex12na,K_589,original,5,non-literary,K
61507e42dcca22e52eac77a3,ex12na,W_443,original,2,non-literary,W
61507e42dcca22e52eac77a3,ex12na,K_1016,original,1,non-literary,K
61507e42dcca22e52eac77a3,ex12na,K_2131,original,2,non-literary,K
61507e42dcca22e52eac77a3,ex12na,W_153,original,1,non-literary,W
61507e42dcca22e52eac77a3,ex12na,K_3734,original,5,non-literary,K
61507e42dcca22e52eac77a3,ex12na,K_3076,original,3,non-literary,K
61507e42dcca22e52eac77a3,ex12na,K_1647,original,3,non-literary,K
61507e42dcca22e52eac77a3,ex12na,W_447,original,2,non-literary,W
61507e42dcca22e52eac77a3,ex12na,W_733,original,1,non-literary,W
61507e42dcca22e52eac77a3,ex12na,W_169,original,3,non-literary,W
61507e42dcca22e52eac77a3,ex12na,W_321,original,1,non-literary,W
61507e42dcca22e52eac77a3,ex12na,K_1902,original,4,non-literary,K
61507e42dcca22e52eac77a3,ex12na,W_145,original,1,non-literary,W
61507e42dcca22e52eac77a3,ex12na,K_1733,original,5,non-literary,K
61507e42dcca22e52eac77a3,ex12na,W_641,original,1,non-literary,W
61507e42dcca22e52eac77a3,ex12na,K_421,original,4,non-literary,K
63e541ce8f1afa32cc7d1627,ex16na,K_223,original,5,non-literary,K
63e541ce8f1afa32cc7d1627,ex16na,K_3436,original,5,non-literary,K
63e541ce8f1afa32cc7d1627,ex16na,K_2685,original,5,non-literary,K
63e541ce8f1afa32cc7d1627,ex16na,K_3264,original,4,non-literary,K
63e541ce8f1afa32cc7d1627,ex16na,K_216,original,5,non-literary,K
63e541ce8f1afa32cc7d1627,ex16na,K_2949,original,3,non-literary,K
63e541ce8f1afa32cc7d1627,ex16na,W_163,original,1,non-literary,W
63e541ce8f1afa32cc7d1627,ex16na,W_771,original,4,non-literary,W
63e541ce8f1afa32cc7d1627,ex16na,K_911,original,5,non-literary,K
63e541ce8f1afa32cc7d1627,ex16na,W_661,original,1,non-literary,W
63e541ce8f1afa32cc7d1627,ex16na,W_408,original,2,non-literary,W
63e541ce8f1afa32cc7d1627,ex16na,W_769,original,1,non-literary,W
63e541ce8f1afa32cc7d1627,ex16na,W_121,original,3,non-literary,W
63e541ce8f1afa32cc7d1627,ex16na,W_597,original,2,non-literary,W
63e541ce8f1afa32cc7d1627,ex16na,W_311,original,3,non-literary,W
63e541ce8f1afa32cc7d1627,ex16na,K_1237,original,5,non-literary,K
63e541ce8f1afa32cc7d1627,ex16na,W_652,original,4,non-literary,W
63e541ce8f1afa32cc7d1627,ex16na,W_703,original,3,non-literary,W
63e541ce8f1afa32cc7d1627,ex16na,W_291,original,3,non-literary,W
63e541ce8f1afa32cc7d1627,ex16na,K_1124,original,2,non-literary,K
63e541ce8f1afa32cc7d1627,ex16na,W_60,original,3,non-literary,W
63e541ce8f1afa32cc7d1627,ex16na,K_2552,original,5,non-literary,K
63e541ce8f1afa32cc7d1627,ex16na,K_1174,original,3,non-literary,K
63e541ce8f1afa32cc7d1627,ex16na,W_675,original,2,non-literary,W
63e541ce8f1afa32cc7d1627,ex16na,W_581,original,3,non-literary,W
63e541ce8f1afa32cc7d1627,ex16na,K_1865,original,3,non-literary,K
63e541ce8f1afa32cc7d1627,ex16na,K_1134,original,4,non-literary,K
63e541ce8f1afa32cc7d1627,ex16na,K_4121,original,5,non-literary,K
63e541ce8f1afa32cc7d1627,ex16na,K_3853,original,3,non-literary,K
63e541ce8f1afa32cc7d1627,ex16na,W_49,original,4,non-literary,W
63e541ce8f1afa32cc7d1627,ex16na,K_2658,original,5,non-literary,K
63e541ce8f1afa32cc7d1627,ex16na,W_781,original,3,non-literary,W
63e541ce8f1afa32cc7d1627,ex16na,W_762,original,4,non-literary,W
63eaa34e4d5bdf6b859a1149,ex16na,K_216,original,4,non-literary,K
63eaa34e4d5bdf6b859a1149,ex16na,W_163,original,1,non-literary,W
63eaa34e4d5bdf6b859a1149,ex16na,K_2552,original,5,non-literary,K
63eaa34e4d5bdf6b859a1149,ex16na,W_769,original,1,non-literary,W
63eaa34e4d5bdf6b859a1149,ex16na,W_49,original,3,non-literary,W
63eaa34e4d5bdf6b859a1149,ex16na,K_1865,original,3,non-literary,K
63eaa34e4d5bdf6b859a1149,ex16na,K_1174,original,2,non-literary,K
63eaa34e4d5bdf6b859a1149,ex16na,W_781,original,1,non-literary,W
63eaa34e4d5bdf6b859a1149,ex16na,K_2949,original,3,non-literary,K
63eaa34e4d5bdf6b859a1149,ex16na,W_581,original,2,non-literary,W
63eaa34e4d5bdf6b859a1149,ex16na,W_771,original,1,non-literary,W
63eaa34e4d5bdf6b859a1149,ex16na,W_703,original,2,non-literary,W
63eaa34e4d5bdf6b859a1149,ex16na,K_1124,original,4,non-literary,K
63eaa34e4d5bdf6b859a1149,ex16na,K_1237,original,3,non-literary,K
63eaa34e4d5bdf6b859a1149,ex16na,W_121,original,1,non-literary,W
63eaa34e4d5bdf6b859a1149,ex16na,W_762,original,2,non-literary,W
63eaa34e4d5bdf6b859a1149,ex16na,W_597,original,1,non-literary,W
63eaa34e4d5bdf6b859a1149,ex16na,K_1134,original,4,non-literary,K
63eaa34e4d5bdf6b859a1149,ex16na,W_652,original,1,non-literary,W
63eaa34e4d5bdf6b859a1149,ex16na,K_223,original,3,non-literary,K
63eaa34e4d5bdf6b859a1149,ex16na,W_60,original,1,non-literary,W
63eaa34e4d5bdf6b859a1149,ex16na,K_2685,original,4,non-literary,K
63eaa34e4d5bdf6b859a1149,ex16na,K_3436,original,4,non-literary,K
63eaa34e4d5bdf6b859a1149,ex16na,W_675,original,1,non-literary,W
63eaa34e4d5bdf6b859a1149,ex16na,W_661,original,1,non-literary,W
63eaa34e4d5bdf6b859a1149,ex16na,K_2658,original,5,non-literary,K
63eaa34e4d5bdf6b859a1149,ex16na,W_408,original,1,non-literary,W
63eaa34e4d5bdf6b859a1149,ex16na,K_3853,original,3,non-literary,K
63eaa34e4d5bdf6b859a1149,ex16na,K_4121,original,3,non-literary,K
63eaa34e4d5bdf6b859a1149,ex16na,K_911,original,5,non-literary,K
63eaa34e4d5bdf6b859a1149,ex16na,K_3264,original,4,non-literary,K
63eaa34e4d5bdf6b859a1149,ex16na,W_311,original,1,non-literary,W
63eaa34e4d5bdf6b859a1149,ex16na,W_291,original,1,non-literary,W
580bac6608adab00011f594a,ex16na,W_661,original,1,non-literary,W
580bac6608adab00011f594a,ex16na,K_3436,original,4,non-literary,K
580bac6608adab00011f594a,ex16na,W_408,original,1,non-literary,W
580bac6608adab00011f594a,ex16na,W_121,original,1,non-literary,W
580bac6608adab00011f594a,ex16na,W_581,original,2,non-literary,W
580bac6608adab00011f594a,ex16na,K_1237,original,5,non-literary,K
580bac6608adab00011f594a,ex16na,K_1134,original,5,non-literary,K
580bac6608adab00011f594a,ex16na,W_291,original,1,non-literary,W
580bac6608adab00011f594a,ex16na,W_781,original,1,non-literary,W
580bac6608adab00011f594a,ex16na,K_4121,original,5,non-literary,K
580bac6608adab00011f594a,ex16na,K_223,original,4,non-literary,K
580bac6608adab00011f594a,ex16na,K_2685,original,6,non-literary,K
580bac6608adab00011f594a,ex16na,K_216,original,6,non-literary,K
580bac6608adab00011f594a,ex16na,W_762,original,1,non-literary,W
580bac6608adab00011f594a,ex16na,K_1174,original,3,non-literary,K
580bac6608adab00011f594a,ex16na,W_703,original,1,non-literary,W
580bac6608adab00011f594a,ex16na,K_1865,original,2,non-literary,K
580bac6608adab00011f594a,ex16na,K_2658,original,5,non-literary,K
580bac6608adab00011f594a,ex16na,K_2949,original,4,non-literary,K
580bac6608adab00011f594a,ex16na,W_597,original,2,non-literary,W
580bac6608adab00011f594a,ex16na,W_675,original,1,non-literary,W
580bac6608adab00011f594a,ex16na,K_2552,original,6,non-literary,K
580bac6608adab00011f594a,ex16na,K_911,original,6,non-literary,K
580bac6608adab00011f594a,ex16na,K_3264,original,4,non-literary,K
580bac6608adab00011f594a,ex16na,W_311,original,1,non-literary,W
580bac6608adab00011f594a,ex16na,W_652,original,3,non-literary,W
580bac6608adab00011f594a,ex16na,K_1124,original,4,non-literary,K
580bac6608adab00011f594a,ex16na,W_769,original,1,non-literary,W
580bac6608adab00011f594a,ex16na,W_771,original,1,non-literary,W
580bac6608adab00011f594a,ex16na,W_60,original,2,non-literary,W
580bac6608adab00011f594a,ex16na,W_163,original,2,non-literary,W
580bac6608adab00011f594a,ex16na,K_3853,original,3,non-literary,K
580bac6608adab00011f594a,ex16na,W_49,original,2,non-literary,W
631f2951646392c69506e361,ex16na,K_3853,original,3,non-literary,K
631f2951646392c69506e361,ex16na,K_2949,original,4,non-literary,K
631f2951646392c69506e361,ex16na,W_581,original,2,non-literary,W
631f2951646392c69506e361,ex16na,K_216,original,3,non-literary,K
631f2951646392c69506e361,ex16na,K_2552,original,5,non-literary,K
631f2951646392c69506e361,ex16na,W_652,original,3,non-literary,W
631f2951646392c69506e361,ex16na,W_121,original,2,non-literary,W
631f2951646392c69506e361,ex16na,W_703,original,2,non-literary,W
631f2951646392c69506e361,ex16na,W_661,original,1,non-literary,W
631f2951646392c69506e361,ex16na,W_769,original,2,non-literary,W
631f2951646392c69506e361,ex16na,W_291,original,1,non-literary,W
631f2951646392c69506e361,ex16na,W_163,original,2,non-literary,W
631f2951646392c69506e361,ex16na,W_311,original,1,non-literary,W
631f2951646392c69506e361,ex16na,W_762,original,2,non-literary,W
631f2951646392c69506e361,ex16na,W_408,original,2,non-literary,W
631f2951646392c69506e361,ex16na,W_675,original,1,non-literary,W
631f2951646392c69506e361,ex16na,W_781,original,2,non-literary,W
631f2951646392c69506e361,ex16na,K_1124,original,4,non-literary,K
631f2951646392c69506e361,ex16na,K_1174,original,3,non-literary,K
631f2951646392c69506e361,ex16na,K_1865,original,3,non-literary,K
631f2951646392c69506e361,ex16na,K_1237,original,5,non-literary,K
631f2951646392c69506e361,ex16na,K_223,original,5,non-literary,K
631f2951646392c69506e361,ex16na,K_3436,original,5,non-literary,K
631f2951646392c69506e361,ex16na,W_49,original,3,non-literary,W
631f2951646392c69506e361,ex16na,K_2685,original,5,non-literary,K
631f2951646392c69506e361,ex16na,W_597,original,4,non-literary,W
631f2951646392c69506e361,ex16na,K_1134,original,4,non-literary,K
631f2951646392c69506e361,ex16na,K_3264,original,3,non-literary,K
631f2951646392c69506e361,ex16na,K_4121,original,5,non-literary,K
631f2951646392c69506e361,ex16na,K_2658,original,5,non-literary,K
631f2951646392c69506e361,ex16na,W_771,original,2,non-literary,W
631f2951646392c69506e361,ex16na,W_60,original,2,non-literary,W
631f2951646392c69506e361,ex16na,K_911,original,4,non-literary,K
610fc178b5717a0d543dbe0e,ex16na,W_60,original,1,non-literary,W
610fc178b5717a0d543dbe0e,ex16na,K_1124,original,2,non-literary,K
610fc178b5717a0d543dbe0e,ex16na,K_2949,original,1,non-literary,K
610fc178b5717a0d543dbe0e,ex16na,K_1174,original,1,non-literary,K
610fc178b5717a0d543dbe0e,ex16na,K_2685,original,4,non-literary,K
610fc178b5717a0d543dbe0e,ex16na,K_3853,original,1,non-literary,K
610fc178b5717a0d543dbe0e,ex16na,W_762,original,2,non-literary,W
610fc178b5717a0d543dbe0e,ex16na,K_2658,original,3,non-literary,K
610fc178b5717a0d543dbe0e,ex16na,W_771,original,3,non-literary,W
610fc178b5717a0d543dbe0e,ex16na,W_581,original,2,non-literary,W
610fc178b5717a0d543dbe0e,ex16na,K_223,original,2,non-literary,K
610fc178b5717a0d543dbe0e,ex16na,W_781,original,2,non-literary,W
610fc178b5717a0d543dbe0e,ex16na,W_49,original,3,non-literary,W
610fc178b5717a0d543dbe0e,ex16na,W_661,original,1,non-literary,W
610fc178b5717a0d543dbe0e,ex16na,K_3436,original,5,non-literary,K
610fc178b5717a0d543dbe0e,ex16na,W_291,original,2,non-literary,W
610fc178b5717a0d543dbe0e,ex16na,K_1134,original,3,non-literary,K
610fc178b5717a0d543dbe0e,ex16na,W_703,original,2,non-literary,W
610fc178b5717a0d543dbe0e,ex16na,W_121,original,2,non-literary,W
610fc178b5717a0d543dbe0e,ex16na,W_675,original,5,non-literary,W
610fc178b5717a0d543dbe0e,ex16na,W_597,original,2,non-literary,W
610fc178b5717a0d543dbe0e,ex16na,W_163,original,4,non-literary,W
610fc178b5717a0d543dbe0e,ex16na,W_652,original,2,non-literary,W
610fc178b5717a0d543dbe0e,ex16na,K_4121,original,3,non-literary,K
610fc178b5717a0d543dbe0e,ex16na,K_1237,original,3,non-literary,K
610fc178b5717a0d543dbe0e,ex16na,W_311,original,4,non-literary,W
610fc178b5717a0d543dbe0e,ex16na,K_1865,original,1,non-literary,K
610fc178b5717a0d543dbe0e,ex16na,W_408,original,2,non-literary,W
610fc178b5717a0d543dbe0e,ex16na,K_2552,original,6,non-literary,K
610fc178b5717a0d543dbe0e,ex16na,K_216,original,3,non-literary,K
610fc178b5717a0d543dbe0e,ex16na,K_911,original,5,non-literary,K
610fc178b5717a0d543dbe0e,ex16na,K_3264,original,5,non-literary,K
610fc178b5717a0d543dbe0e,ex16na,W_769,original,3,non-literary,W
668a8bc959b968386fbd2803,ex16na,W_597,original,1,non-literary,W
668a8bc959b968386fbd2803,ex16na,W_675,original,1,non-literary,W
668a8bc959b968386fbd2803,ex16na,K_1865,original,1,non-literary,K
668a8bc959b968386fbd2803,ex16na,W_291,original,1,non-literary,W
668a8bc959b968386fbd2803,ex16na,W_311,original,1,non-literary,W
668a8bc959b968386fbd2803,ex16na,W_121,original,1,non-literary,W
668a8bc959b968386fbd2803,ex16na,K_3853,original,2,non-literary,K
668a8bc959b968386fbd2803,ex16na,W_652,original,1,non-literary,W
668a8bc959b968386fbd2803,ex16na,W_781,original,1,non-literary,W
668a8bc959b968386fbd2803,ex16na,K_1174,original,1,non-literary,K
668a8bc959b968386fbd2803,ex16na,W_581,original,1,non-literary,W
668a8bc959b968386fbd2803,ex16na,K_216,original,2,non-literary,K
668a8bc959b968386fbd2803,ex16na,W_408,original,1,non-literary,W
668a8bc959b968386fbd2803,ex16na,W_163,original,1,non-literary,W
668a8bc959b968386fbd2803,ex16na,K_2658,original,5,non-literary,K
668a8bc959b968386fbd2803,ex16na,K_4121,original,1,non-literary,K
668a8bc959b968386fbd2803,ex16na,K_2552,original,4,non-literary,K
668a8bc959b968386fbd2803,ex16na,K_3436,original,3,non-literary,K
668a8bc959b968386fbd2803,ex16na,W_60,original,1,non-literary,W
668a8bc959b968386fbd2803,ex16na,K_223,original,3,non-literary,K
668a8bc959b968386fbd2803,ex16na,W_661,original,1,non-literary,W
668a8bc959b968386fbd2803,ex16na,K_1124,original,1,non-literary,K
668a8bc959b968386fbd2803,ex16na,W_771,original,1,non-literary,W
668a8bc959b968386fbd2803,ex16na,K_1134,original,3,non-literary,K
668a8bc959b968386fbd2803,ex16na,K_911,original,6,non-literary,K
668a8bc959b968386fbd2803,ex16na,W_762,original,1,non-literary,W
668a8bc959b968386fbd2803,ex16na,K_3264,original,1,non-literary,K
668a8bc959b968386fbd2803,ex16na,W_703,original,1,non-literary,W
668a8bc959b968386fbd2803,ex16na,K_1237,original,2,non-literary,K
668a8bc959b968386fbd2803,ex16na,K_2685,original,6,non-literary,K
668a8bc959b968386fbd2803,ex16na,K_2949,original,3,non-literary,K
668a8bc959b968386fbd2803,ex16na,W_49,original,1,non-literary,W
668a8bc959b968386fbd2803,ex16na,W_769,original,1,non-literary,W
582630568061bd0001327245,ex16na,W_762,original,1,non-literary,W
582630568061bd0001327245,ex16na,W_652,original,2,non-literary,W
582630568061bd0001327245,ex16na,W_49,original,2,non-literary,W
582630568061bd0001327245,ex16na,K_2552,original,4,non-literary,K
582630568061bd0001327245,ex16na,K_2685,original,5,non-literary,K
582630568061bd0001327245,ex16na,K_1134,original,4,non-literary,K
582630568061bd0001327245,ex16na,W_769,original,1,non-literary,W
582630568061bd0001327245,ex16na,K_1237,original,4,non-literary,K
582630568061bd0001327245,ex16na,W_163,original,1,non-literary,W
582630568061bd0001327245,ex16na,K_4121,original,3,non-literary,K
582630568061bd0001327245,ex16na,K_3264,original,4,non-literary,K
582630568061bd0001327245,ex16na,K_3853,original,1,non-literary,K
582630568061bd0001327245,ex16na,K_911,original,5,non-literary,K
582630568061bd0001327245,ex16na,K_1174,original,2,non-literary,K
582630568061bd0001327245,ex16na,W_771,original,1,non-literary,W
582630568061bd0001327245,ex16na,W_597,original,1,non-literary,W
582630568061bd0001327245,ex16na,K_1124,original,1,non-literary,K
582630568061bd0001327245,ex16na,K_216,original,4,non-literary,K
582630568061bd0001327245,ex16na,W_781,original,1,non-literary,W
582630568061bd0001327245,ex16na,W_408,original,1,non-literary,W
582630568061bd0001327245,ex16na,W_581,original,1,non-literary,W
582630568061bd0001327245,ex16na,W_675,original,2,non-literary,W
582630568061bd0001327245,ex16na,W_60,original,1,non-literary,W
582630568061bd0001327245,ex16na,W_703,original,1,non-literary,W
582630568061bd0001327245,ex16na,K_223,original,3,non-literary,K
582630568061bd0001327245,ex16na,K_3436,original,1,non-literary,K
582630568061bd0001327245,ex16na,K_2949,original,1,non-literary,K
582630568061bd0001327245,ex16na,K_1865,original,2,non-literary,K
582630568061bd0001327245,ex16na,K_2658,original,5,non-literary,K
582630568061bd0001327245,ex16na,W_121,original,1,non-literary,W
582630568061bd0001327245,ex16na,W_291,original,1,non-literary,W
582630568061bd0001327245,ex16na,W_661,original,1,non-literary,W
582630568061bd0001327245,ex16na,W_311,original,1,non-literary,W
5f2ea8b3704e4d078da3c725,ex16na,W_311,original,2,non-literary,W
5f2ea8b3704e4d078da3c725,ex16na,W_703,original,1,non-literary,W
5f2ea8b3704e4d078da3c725,ex16na,W_771,original,2,non-literary,W
5f2ea8b3704e4d078da3c725,ex16na,W_769,original,1,non-literary,W
5f2ea8b3704e4d078da3c725,ex16na,K_911,original,5,non-literary,K
5f2ea8b3704e4d078da3c725,ex16na,W_762,original,1,non-literary,W
5f2ea8b3704e4d078da3c725,ex16na,K_223,original,3,non-literary,K
5f2ea8b3704e4d078da3c725,ex16na,K_1237,original,2,non-literary,K
5f2ea8b3704e4d078da3c725,ex16na,W_675,original,2,non-literary,W
5f2ea8b3704e4d078da3c725,ex16na,K_2685,original,4,non-literary,K
5f2ea8b3704e4d078da3c725,ex16na,K_1865,original,4,non-literary,K
5f2ea8b3704e4d078da3c725,ex16na,K_216,original,3,non-literary,K
5f2ea8b3704e4d078da3c725,ex16na,W_661,original,1,non-literary,W
5f2ea8b3704e4d078da3c725,ex16na,K_4121,original,3,non-literary,K
5f2ea8b3704e4d078da3c725,ex16na,K_1124,original,1,non-literary,K
5f2ea8b3704e4d078da3c725,ex16na,W_163,original,2,non-literary,W
5f2ea8b3704e4d078da3c725,ex16na,K_1134,original,4,non-literary,K
5f2ea8b3704e4d078da3c725,ex16na,W_652,original,2,non-literary,W
5f2ea8b3704e4d078da3c725,ex16na,K_2552,original,5,non-literary,K
5f2ea8b3704e4d078da3c725,ex16na,W_597,original,1,non-literary,W
5f2ea8b3704e4d078da3c725,ex16na,W_291,original,1,non-literary,W
5f2ea8b3704e4d078da3c725,ex16na,W_581,original,2,non-literary,W
5f2ea8b3704e4d078da3c725,ex16na,K_2949,original,3,non-literary,K
5f2ea8b3704e4d078da3c725,ex16na,W_121,original,1,non-literary,W
5f2ea8b3704e4d078da3c725,ex16na,K_3264,original,3,non-literary,K
5f2ea8b3704e4d078da3c725,ex16na,W_49,original,4,non-literary,W
5f2ea8b3704e4d078da3c725,ex16na,K_3436,original,2,non-literary,K
5f2ea8b3704e4d078da3c725,ex16na,K_3853,original,1,non-literary,K
5f2ea8b3704e4d078da3c725,ex16na,K_2658,original,4,non-literary,K
5f2ea8b3704e4d078da3c725,ex16na,K_1174,original,1,non-literary,K
5f2ea8b3704e4d078da3c725,ex16na,W_781,original,1,non-literary,W
5f2ea8b3704e4d078da3c725,ex16na,W_408,original,1,non-literary,W
5f2ea8b3704e4d078da3c725,ex16na,W_60,original,1,non-literary,W
627bd413f8b54768625e3c4c,ex16na,W_408,original,2,non-literary,W
627bd413f8b54768625e3c4c,ex16na,K_1865,original,3,non-literary,K
627bd413f8b54768625e3c4c,ex16na,K_4121,original,2,non-literary,K
627bd413f8b54768625e3c4c,ex16na,W_762,original,1,non-literary,W
627bd413f8b54768625e3c4c,ex16na,W_163,original,1,non-literary,W
627bd413f8b54768625e3c4c,ex16na,K_2658,original,3,non-literary,K
627bd413f8b54768625e3c4c,ex16na,K_3264,original,3,non-literary,K
627bd413f8b54768625e3c4c,ex16na,K_3853,original,1,non-literary,K
627bd413f8b54768625e3c4c,ex16na,W_121,original,1,non-literary,W
627bd413f8b54768625e3c4c,ex16na,K_223,original,2,non-literary,K
627bd413f8b54768625e3c4c,ex16na,K_2685,original,3,non-literary,K
627bd413f8b54768625e3c4c,ex16na,W_769,original,3,non-literary,W
627bd413f8b54768625e3c4c,ex16na,K_911,original,4,non-literary,K
627bd413f8b54768625e3c4c,ex16na,W_675,original,1,non-literary,W
627bd413f8b54768625e3c4c,ex16na,K_216,original,3,non-literary,K
627bd413f8b54768625e3c4c,ex16na,K_1237,original,3,non-literary,K
627bd413f8b54768625e3c4c,ex16na,K_1124,original,2,non-literary,K
627bd413f8b54768625e3c4c,ex16na,W_661,original,1,non-literary,W
627bd413f8b54768625e3c4c,ex16na,W_49,original,2,non-literary,W
627bd413f8b54768625e3c4c,ex16na,W_311,original,1,non-literary,W
627bd413f8b54768625e3c4c,ex16na,W_781,original,1,non-literary,W
627bd413f8b54768625e3c4c,ex16na,W_60,original,1,non-literary,W
627bd413f8b54768625e3c4c,ex16na,K_3436,original,4,non-literary,K
627bd413f8b54768625e3c4c,ex16na,K_2552,original,6,non-literary,K
627bd413f8b54768625e3c4c,ex16na,K_1174,original,1,non-literary,K
627bd413f8b54768625e3c4c,ex16na,W_771,original,2,non-literary,W
627bd413f8b54768625e3c4c,ex16na,W_652,original,1,non-literary,W
627bd413f8b54768625e3c4c,ex16na,W_597,original,2,non-literary,W
627bd413f8b54768625e3c4c,ex16na,K_1134,original,5,non-literary,K
627bd413f8b54768625e3c4c,ex16na,K_2949,original,3,non-literary,K
627bd413f8b54768625e3c4c,ex16na,W_581,original,1,non-literary,W
627bd413f8b54768625e3c4c,ex16na,W_291,original,2,non-literary,W
627bd413f8b54768625e3c4c,ex16na,W_703,original,1,non-literary,W
60fd3d262e419d609598f116,ex16na,K_1865,original,1,non-literary,K
60fd3d262e419d609598f116,ex16na,W_311,original,1,non-literary,W
60fd3d262e419d609598f116,ex16na,W_60,original,1,non-literary,W
60fd3d262e419d609598f116,ex16na,K_2552,original,5,non-literary,K
60fd3d262e419d609598f116,ex16na,K_1124,original,3,non-literary,K
60fd3d262e419d609598f116,ex16na,K_1134,original,3,non-literary,K
60fd3d262e419d609598f116,ex16na,W_703,original,1,non-literary,W
60fd3d262e419d609598f116,ex16na,W_581,original,1,non-literary,W
60fd3d262e419d609598f116,ex16na,K_1237,original,4,non-literary,K
60fd3d262e419d609598f116,ex16na,K_4121,original,3,non-literary,K
60fd3d262e419d609598f116,ex16na,K_1174,original,3,non-literary,K
60fd3d262e419d609598f116,ex16na,K_911,original,5,non-literary,K
60fd3d262e419d609598f116,ex16na,K_3436,original,2,non-literary,K
60fd3d262e419d609598f116,ex16na,K_2685,original,5,non-literary,K
60fd3d262e419d609598f116,ex16na,W_121,original,1,non-literary,W
60fd3d262e419d609598f116,ex16na,W_661,original,1,non-literary,W
60fd3d262e419d609598f116,ex16na,W_771,original,1,non-literary,W
60fd3d262e419d609598f116,ex16na,K_2658,original,5,non-literary,K
60fd3d262e419d609598f116,ex16na,W_163,original,1,non-literary,W
60fd3d262e419d609598f116,ex16na,W_675,original,2,non-literary,W
60fd3d262e419d609598f116,ex16na,W_781,original,1,non-literary,W
60fd3d262e419d609598f116,ex16na,W_652,original,2,non-literary,W
60fd3d262e419d609598f116,ex16na,W_291,original,1,non-literary,W
60fd3d262e419d609598f116,ex16na,W_762,original,1,non-literary,W
60fd3d262e419d609598f116,ex16na,K_3853,original,1,non-literary,K
60fd3d262e419d609598f116,ex16na,W_49,original,4,non-literary,W
60fd3d262e419d609598f116,ex16na,W_597,original,1,non-literary,W
60fd3d262e419d609598f116,ex16na,W_408,original,1,non-literary,W
60fd3d262e419d609598f116,ex16na,K_2949,original,3,non-literary,K
60fd3d262e419d609598f116,ex16na,K_223,original,3,non-literary,K
60fd3d262e419d609598f116,ex16na,K_3264,original,2,non-literary,K
60fd3d262e419d609598f116,ex16na,W_769,original,3,non-literary,W
60fd3d262e419d609598f116,ex16na,K_216,original,4,non-literary,K
62ea83d29a7ce920cbc1de32,ex11na,K_3015,original,3,non-literary,K
62ea83d29a7ce920cbc1de32,ex11na,K_492,original,1,non-literary,K
62ea83d29a7ce920cbc1de32,ex11na,W_719,original,2,non-literary,W
62ea83d29a7ce920cbc1de32,ex11na,K_1123,original,4,non-literary,K
62ea83d29a7ce920cbc1de32,ex11na,W_416,original,2,non-literary,W
62ea83d29a7ce920cbc1de32,ex11na,W_530,original,3,non-literary,W
62ea83d29a7ce920cbc1de32,ex11na,K_1000000,original,5,non-literary,K
62ea83d29a7ce920cbc1de32,ex11na,K_1757,original,4,non-literary,K
62ea83d29a7ce920cbc1de32,ex11na,K_2074,original,1,non-literary,K
62ea83d29a7ce920cbc1de32,ex11na,K_3295,original,2,non-literary,K
62ea83d29a7ce920cbc1de32,ex11na,K_428,original,2,non-literary,K
62ea83d29a7ce920cbc1de32,ex11na,K_58,original,4,non-literary,K
62ea83d29a7ce920cbc1de32,ex11na,W_122,original,1,non-literary,W
62ea83d29a7ce920cbc1de32,ex11na,W_281,original,1,non-literary,W
62ea83d29a7ce920cbc1de32,ex11na,W_431,original,2,non-literary,W
62ea83d29a7ce920cbc1de32,ex11na,W_538,original,4,non-literary,W
62ea83d29a7ce920cbc1de32,ex11na,K_56,original,4,non-literary,K
62ea83d29a7ce920cbc1de32,ex11na,K_2570,original,4,non-literary,K
62ea83d29a7ce920cbc1de32,ex11na,K_422,original,5,non-literary,K
62ea83d29a7ce920cbc1de32,ex11na,W_778,original,1,non-literary,W
62ea83d29a7ce920cbc1de32,ex11na,K_3850,original,4,non-literary,K
62ea83d29a7ce920cbc1de32,ex11na,W_205,original,1,non-literary,W
62ea83d29a7ce920cbc1de32,ex11na,K_1234,original,4,non-literary,K
62ea83d29a7ce920cbc1de32,ex11na,K_2169,original,3,non-literary,K
62ea83d29a7ce920cbc1de32,ex11na,W_75,original,2,non-literary,W
62ea83d29a7ce920cbc1de32,ex11na,W_268,original,4,non-literary,W
62ea83d29a7ce920cbc1de32,ex11na,W_590,original,2,non-literary,W
62ea83d29a7ce920cbc1de32,ex11na,W_650,original,2,non-literary,W
62ea83d29a7ce920cbc1de32,ex11na,W_705,original,4,non-literary,W
62ea83d29a7ce920cbc1de32,ex11na,W_423,original,2,non-literary,W
62ea83d29a7ce920cbc1de32,ex11na,K_1110,original,5,non-literary,K
62ea83d29a7ce920cbc1de32,ex11na,W_452,original,1,non-literary,W
62ea83d29a7ce920cbc1de32,ex11na,K_1719,original,2,non-literary,K
5fb42f807e81960acbfdb22e,ex11na,W_75,original,1,non-literary,W
5fb42f807e81960acbfdb22e,ex11na,K_1123,original,2,non-literary,K
5fb42f807e81960acbfdb22e,ex11na,K_428,original,2,non-literary,K
5fb42f807e81960acbfdb22e,ex11na,W_530,original,3,non-literary,W
5fb42f807e81960acbfdb22e,ex11na,W_719,original,1,non-literary,W
5fb42f807e81960acbfdb22e,ex11na,W_416,original,2,non-literary,W
5fb42f807e81960acbfdb22e,ex11na,K_2169,original,3,non-literary,K
5fb42f807e81960acbfdb22e,ex11na,K_422,original,4,non-literary,K
5fb42f807e81960acbfdb22e,ex11na,W_431,original,1,non-literary,W
5fb42f807e81960acbfdb22e,ex11na,W_650,original,1,non-literary,W
5fb42f807e81960acbfdb22e,ex11na,K_3850,original,2,non-literary,K
5fb42f807e81960acbfdb22e,ex11na,K_1719,original,3,non-literary,K
5fb42f807e81960acbfdb22e,ex11na,W_423,original,1,non-literary,W
5fb42f807e81960acbfdb22e,ex11na,K_56,original,3,non-literary,K
5fb42f807e81960acbfdb22e,ex11na,K_2074,original,1,non-literary,K
5fb42f807e81960acbfdb22e,ex11na,K_3015,original,4,non-literary,K
5fb42f807e81960acbfdb22e,ex11na,K_2570,original,5,non-literary,K
5fb42f807e81960acbfdb22e,ex11na,K_3295,original,3,non-literary,K
5fb42f807e81960acbfdb22e,ex11na,K_1000000,original,6,non-literary,K
5fb42f807e81960acbfdb22e,ex11na,W_705,original,1,non-literary,W
5fb42f807e81960acbfdb22e,ex11na,K_1110,original,6,non-literary,K
5fb42f807e81960acbfdb22e,ex11na,W_452,original,1,non-literary,W
5fb42f807e81960acbfdb22e,ex11na,W_281,original,1,non-literary,W
5fb42f807e81960acbfdb22e,ex11na,K_58,original,3,non-literary,K
5fb42f807e81960acbfdb22e,ex11na,W_268,original,4,non-literary,W
5fb42f807e81960acbfdb22e,ex11na,K_1234,original,5,non-literary,K
5fb42f807e81960acbfdb22e,ex11na,W_778,original,1,non-literary,W
5fb42f807e81960acbfdb22e,ex11na,W_122,original,3,non-literary,W
5fb42f807e81960acbfdb22e,ex11na,W_538,original,1,non-literary,W
5fb42f807e81960acbfdb22e,ex11na,W_590,original,1,non-literary,W
5fb42f807e81960acbfdb22e,ex11na,K_1757,original,4,non-literary,K
5fb42f807e81960acbfdb22e,ex11na,W_205,original,1,non-literary,W
5fb42f807e81960acbfdb22e,ex11na,K_492,original,1,non-literary,K
645a5ccce666074558d757e9,ex11na,K_1757,original,2,non-literary,K
645a5ccce666074558d757e9,ex11na,K_3850,original,1,non-literary,K
645a5ccce666074558d757e9,ex11na,W_452,original,1,non-literary,W
645a5ccce666074558d757e9,ex11na,K_428,original,1,non-literary,K
645a5ccce666074558d757e9,ex11na,K_492,original,1,non-literary,K
645a5ccce666074558d757e9,ex11na,W_416,original,5,non-literary,W
645a5ccce666074558d757e9,ex11na,W_205,original,1,non-literary,W
645a5ccce666074558d757e9,ex11na,W_719,original,2,non-literary,W
645a5ccce666074558d757e9,ex11na,W_281,original,1,non-literary,W
645a5ccce666074558d757e9,ex11na,K_56,original,6,non-literary,K
645a5ccce666074558d757e9,ex11na,W_530,original,4,non-literary,W
645a5ccce666074558d757e9,ex11na,K_1110,original,6,non-literary,K
645a5ccce666074558d757e9,ex11na,K_422,original,6,non-literary,K
645a5ccce666074558d757e9,ex11na,W_650,original,4,non-literary,W
645a5ccce666074558d757e9,ex11na,W_423,original,1,non-literary,W
645a5ccce666074558d757e9,ex11na,W_431,original,6,non-literary,W
645a5ccce666074558d757e9,ex11na,K_1234,original,5,non-literary,K
645a5ccce666074558d757e9,ex11na,W_590,original,1,non-literary,W
645a5ccce666074558d757e9,ex11na,W_705,original,4,non-literary,W
645a5ccce666074558d757e9,ex11na,W_778,original,1,non-literary,W
645a5ccce666074558d757e9,ex11na,W_75,original,4,non-literary,W
645a5ccce666074558d757e9,ex11na,W_538,original,3,non-literary,W
645a5ccce666074558d757e9,ex11na,K_3295,original,2,non-literary,K
645a5ccce666074558d757e9,ex11na,K_2169,original,1,non-literary,K
645a5ccce666074558d757e9,ex11na,K_1123,original,2,non-literary,K
645a5ccce666074558d757e9,ex11na,K_2074,original,1,non-literary,K
645a5ccce666074558d757e9,ex11na,W_268,original,4,non-literary,W
645a5ccce666074558d757e9,ex11na,K_58,original,5,non-literary,K
645a5ccce666074558d757e9,ex11na,K_3015,original,6,non-literary,K
645a5ccce666074558d757e9,ex11na,K_2570,original,4,non-literary,K
645a5ccce666074558d757e9,ex11na,W_122,original,3,non-literary,W
645a5ccce666074558d757e9,ex11na,K_1719,original,4,non-literary,K
645a5ccce666074558d757e9,ex11na,K_1000000,original,6,non-literary,K
63468f72be958e0ee54acef9,ex11na,W_530,original,1,non-literary,W
63468f72be958e0ee54acef9,ex11na,K_1123,original,2,non-literary,K
63468f72be958e0ee54acef9,ex11na,K_422,original,6,non-literary,K
63468f72be958e0ee54acef9,ex11na,W_281,original,1,non-literary,W
63468f72be958e0ee54acef9,ex11na,K_492,original,1,non-literary,K
63468f72be958e0ee54acef9,ex11na,W_590,original,1,non-literary,W
63468f72be958e0ee54acef9,ex11na,W_416,original,3,non-literary,W
63468f72be958e0ee54acef9,ex11na,K_1757,original,4,non-literary,K
63468f72be958e0ee54acef9,ex11na,K_1719,original,4,non-literary,K
63468f72be958e0ee54acef9,ex11na,W_205,original,1,non-literary,W
63468f72be958e0ee54acef9,ex11na,W_778,original,1,non-literary,W
63468f72be958e0ee54acef9,ex11na,W_705,original,1,non-literary,W
63468f72be958e0ee54acef9,ex11na,W_650,original,1,non-literary,W
63468f72be958e0ee54acef9,ex11na,W_452,original,4,non-literary,W
63468f72be958e0ee54acef9,ex11na,W_431,original,3,non-literary,W
63468f72be958e0ee54acef9,ex11na,K_2570,original,4,non-literary,K
63468f72be958e0ee54acef9,ex11na,W_423,original,1,non-literary,W
63468f72be958e0ee54acef9,ex11na,K_58,original,3,non-literary,K
63468f72be958e0ee54acef9,ex11na,K_3015,original,3,non-literary,K
63468f72be958e0ee54acef9,ex11na,K_1234,original,6,non-literary,K
63468f72be958e0ee54acef9,ex11na,W_75,original,1,non-literary,W
63468f72be958e0ee54acef9,ex11na,K_1000000,original,6,non-literary,K
63468f72be958e0ee54acef9,ex11na,K_1110,original,5,non-literary,K
63468f72be958e0ee54acef9,ex11na,K_2074,original,3,non-literary,K
63468f72be958e0ee54acef9,ex11na,K_3850,original,3,non-literary,K
63468f72be958e0ee54acef9,ex11na,K_2169,original,2,non-literary,K
63468f72be958e0ee54acef9,ex11na,W_268,original,2,non-literary,W
63468f72be958e0ee54acef9,ex11na,K_428,original,2,non-literary,K
63468f72be958e0ee54acef9,ex11na,K_3295,original,1,non-literary,K
63468f72be958e0ee54acef9,ex11na,W_719,original,2,non-literary,W
63468f72be958e0ee54acef9,ex11na,W_538,original,1,non-literary,W
63468f72be958e0ee54acef9,ex11na,K_56,original,1,non-literary,K
63468f72be958e0ee54acef9,ex11na,W_122,original,1,non-literary,W
5d6fda2bde432b0019b19ba7,ex11na,K_1000000,original,5,non-literary,K
5d6fda2bde432b0019b19ba7,ex11na,K_1757,original,2,non-literary,K
5d6fda2bde432b0019b19ba7,ex11na,W_538,original,1,non-literary,W
5d6fda2bde432b0019b19ba7,ex11na,W_423,original,1,non-literary,W
5d6fda2bde432b0019b19ba7,ex11na,K_1234,original,6,non-literary,K
5d6fda2bde432b0019b19ba7,ex11na,K_58,original,2,non-literary,K
5d6fda2bde432b0019b19ba7,ex11na,W_452,original,1,non-literary,W
5d6fda2bde432b0019b19ba7,ex11na,K_2169,original,1,non-literary,K
5d6fda2bde432b0019b19ba7,ex11na,W_431,original,1,non-literary,W
5d6fda2bde432b0019b19ba7,ex11na,K_428,original,2,non-literary,K
5d6fda2bde432b0019b19ba7,ex11na,W_205,original,1,non-literary,W
5d6fda2bde432b0019b19ba7,ex11na,K_2570,original,6,non-literary,K
5d6fda2bde432b0019b19ba7,ex11na,K_492,original,1,non-literary,K
5d6fda2bde432b0019b19ba7,ex11na,W_705,original,2,non-literary,W
5d6fda2bde432b0019b19ba7,ex11na,W_719,original,1,non-literary,W
5d6fda2bde432b0019b19ba7,ex11na,W_778,original,1,non-literary,W
5d6fda2bde432b0019b19ba7,ex11na,W_75,original,1,non-literary,W
5d6fda2bde432b0019b19ba7,ex11na,W_268,original,5,non-literary,W
5d6fda2bde432b0019b19ba7,ex11na,W_122,original,1,non-literary,W
5d6fda2bde432b0019b19ba7,ex11na,W_281,original,1,non-literary,W
5d6fda2bde432b0019b19ba7,ex11na,W_650,original,1,non-literary,W
5d6fda2bde432b0019b19ba7,ex11na,K_3015,original,2,non-literary,K
5d6fda2bde432b0019b19ba7,ex11na,K_1123,original,1,non-literary,K
5d6fda2bde432b0019b19ba7,ex11na,W_416,original,1,non-literary,W
5d6fda2bde432b0019b19ba7,ex11na,W_590,original,1,non-literary,W
5d6fda2bde432b0019b19ba7,ex11na,K_1110,original,6,non-literary,K
5d6fda2bde432b0019b19ba7,ex11na,W_530,original,2,non-literary,W
5d6fda2bde432b0019b19ba7,ex11na,K_3295,original,2,non-literary,K
5d6fda2bde432b0019b19ba7,ex11na,K_3850,original,2,non-literary,K
5d6fda2bde432b0019b19ba7,ex11na,K_1719,original,4,non-literary,K
5d6fda2bde432b0019b19ba7,ex11na,K_422,original,6,non-literary,K
5d6fda2bde432b0019b19ba7,ex11na,K_2074,original,1,non-literary,K
5d6fda2bde432b0019b19ba7,ex11na,K_56,original,2,non-literary,K
5e3d71c28eb5270274d528b8,ex11na,W_538,original,1,non-literary,W
5e3d71c28eb5270274d528b8,ex11na,W_719,original,3,non-literary,W
5e3d71c28eb5270274d528b8,ex11na,K_58,original,5,non-literary,K
5e3d71c28eb5270274d528b8,ex11na,W_205,original,1,non-literary,W
5e3d71c28eb5270274d528b8,ex11na,K_1757,original,6,non-literary,K
5e3d71c28eb5270274d528b8,ex11na,W_778,original,1,non-literary,W
5e3d71c28eb5270274d528b8,ex11na,K_3850,original,3,non-literary,K
5e3d71c28eb5270274d528b8,ex11na,W_416,original,1,non-literary,W
5e3d71c28eb5270274d528b8,ex11na,W_530,original,5,non-literary,W
5e3d71c28eb5270274d528b8,ex11na,K_422,original,6,non-literary,K
5e3d71c28eb5270274d528b8,ex11na,K_1000000,original,6,non-literary,K
5e3d71c28eb5270274d528b8,ex11na,W_590,original,1,non-literary,W
5e3d71c28eb5270274d528b8,ex11na,W_122,original,1,non-literary,W
5e3d71c28eb5270274d528b8,ex11na,K_2169,original,6,non-literary,K
5e3d71c28eb5270274d528b8,ex11na,W_268,original,5,non-literary,W
5e3d71c28eb5270274d528b8,ex11na,K_3015,original,5,non-literary,K
5e3d71c28eb5270274d528b8,ex11na,K_1123,original,1,non-literary,K
5e3d71c28eb5270274d528b8,ex11na,K_492,original,1,non-literary,K
5e3d71c28eb5270274d528b8,ex11na,K_1110,original,6,non-literary,K
5e3d71c28eb5270274d528b8,ex11na,W_452,original,1,non-literary,W
5e3d71c28eb5270274d528b8,ex11na,W_431,original,3,non-literary,W
5e3d71c28eb5270274d528b8,ex11na,K_56,original,2,non-literary,K
5e3d71c28eb5270274d528b8,ex11na,K_1234,original,6,non-literary,K
5e3d71c28eb5270274d528b8,ex11na,K_2074,original,3,non-literary,K
5e3d71c28eb5270274d528b8,ex11na,W_650,original,1,non-literary,W
5e3d71c28eb5270274d528b8,ex11na,K_2570,original,6,non-literary,K
5e3d71c28eb5270274d528b8,ex11na,W_75,original,1,non-literary,W
5e3d71c28eb5270274d528b8,ex11na,W_281,original,1,non-literary,W
5e3d71c28eb5270274d528b8,ex11na,W_423,original,1,non-literary,W
5e3d71c28eb5270274d528b8,ex11na,K_3295,original,2,non-literary,K
5e3d71c28eb5270274d528b8,ex11na,K_1719,original,6,non-literary,K
5e3d71c28eb5270274d528b8,ex11na,K_428,original,2,non-literary,K
5e3d71c28eb5270274d528b8,ex11na,W_705,original,1,non-literary,W
5c23c651d9435800010b7e48,ex11na,K_1757,original,4,non-literary,K
5c23c651d9435800010b7e48,ex11na,K_1110,original,5,non-literary,K
5c23c651d9435800010b7e48,ex11na,K_1719,original,2,non-literary,K
5c23c651d9435800010b7e48,ex11na,K_492,original,1,non-literary,K
5c23c651d9435800010b7e48,ex11na,W_122,original,1,non-literary,W
5c23c651d9435800010b7e48,ex11na,K_1000000,original,5,non-literary,K
5c23c651d9435800010b7e48,ex11na,W_452,original,2,non-literary,W
5c23c651d9435800010b7e48,ex11na,W_705,original,2,non-literary,W
5c23c651d9435800010b7e48,ex11na,W_538,original,2,non-literary,W
5c23c651d9435800010b7e48,ex11na,K_2074,original,1,non-literary,K
5c23c651d9435800010b7e48,ex11na,W_268,original,2,non-literary,W
5c23c651d9435800010b7e48,ex11na,K_58,original,4,non-literary,K
5c23c651d9435800010b7e48,ex11na,W_75,original,1,non-literary,W
5c23c651d9435800010b7e48,ex11na,K_2169,original,1,non-literary,K
5c23c651d9435800010b7e48,ex11na,K_428,original,2,non-literary,K
5c23c651d9435800010b7e48,ex11na,K_2570,original,5,non-literary,K
5c23c651d9435800010b7e48,ex11na,K_56,original,2,non-literary,K
5c23c651d9435800010b7e48,ex11na,W_423,original,1,non-literary,W
5c23c651d9435800010b7e48,ex11na,K_3295,original,1,non-literary,K
5c23c651d9435800010b7e48,ex11na,K_1234,original,6,non-literary,K
5c23c651d9435800010b7e48,ex11na,W_778,original,1,non-literary,W
5c23c651d9435800010b7e48,ex11na,W_281,original,1,non-literary,W
5c23c651d9435800010b7e48,ex11na,K_1123,original,1,non-literary,K
5c23c651d9435800010b7e48,ex11na,W_431,original,2,non-literary,W
5c23c651d9435800010b7e48,ex11na,W_719,original,1,non-literary,W
5c23c651d9435800010b7e48,ex11na,W_590,original,1,non-literary,W
5c23c651d9435800010b7e48,ex11na,W_205,original,1,non-literary,W
5c23c651d9435800010b7e48,ex11na,K_3850,original,3,non-literary,K
5c23c651d9435800010b7e48,ex11na,W_416,original,1,non-literary,W
5c23c651d9435800010b7e48,ex11na,W_650,original,1,non-literary,W
5c23c651d9435800010b7e48,ex11na,W_530,original,2,non-literary,W
5c23c651d9435800010b7e48,ex11na,K_3015,original,4,non-literary,K
5c23c651d9435800010b7e48,ex11na,K_422,original,5,non-literary,K
6829ab9e23c0754ae557cc3e,ex11na,W_719,original,2,non-literary,W
6829ab9e23c0754ae557cc3e,ex11na,W_75,original,2,non-literary,W
6829ab9e23c0754ae557cc3e,ex11na,K_3295,original,3,non-literary,K
6829ab9e23c0754ae557cc3e,ex11na,W_281,original,1,non-literary,W
6829ab9e23c0754ae557cc3e,ex11na,K_2570,original,5,non-literary,K
6829ab9e23c0754ae557cc3e,ex11na,K_1234,original,6,non-literary,K
6829ab9e23c0754ae557cc3e,ex11na,W_538,original,2,non-literary,W
6829ab9e23c0754ae557cc3e,ex11na,W_590,original,1,non-literary,W
6829ab9e23c0754ae557cc3e,ex11na,W_530,original,5,non-literary,W
6829ab9e23c0754ae557cc3e,ex11na,K_2074,original,1,non-literary,K
6829ab9e23c0754ae557cc3e,ex11na,K_1110,original,6,non-literary,K
6829ab9e23c0754ae557cc3e,ex11na,K_58,original,6,non-literary,K
6829ab9e23c0754ae557cc3e,ex11na,K_1719,original,5,non-literary,K
6829ab9e23c0754ae557cc3e,ex11na,W_705,original,2,non-literary,W
6829ab9e23c0754ae557cc3e,ex11na,W_431,original,4,non-literary,W
6829ab9e23c0754ae557cc3e,ex11na,W_205,original,1,non-literary,W
6829ab9e23c0754ae557cc3e,ex11na,W_650,original,1,non-literary,W
6829ab9e23c0754ae557cc3e,ex11na,W_452,original,4,non-literary,W
6829ab9e23c0754ae557cc3e,ex11na,W_778,original,1,non-literary,W
6829ab9e23c0754ae557cc3e,ex11na,K_3015,original,6,non-literary,K
6829ab9e23c0754ae557cc3e,ex11na,W_416,original,4,non-literary,W
6829ab9e23c0754ae557cc3e,ex11na,K_1123,original,5,non-literary,K
6829ab9e23c0754ae557cc3e,ex11na,W_268,original,6,non-literary,W
6829ab9e23c0754ae557cc3e,ex11na,K_1000000,original,6,non-literary,K
6829ab9e23c0754ae557cc3e,ex11na,K_3850,original,5,non-literary,K
6829ab9e23c0754ae557cc3e,ex11na,K_492,original,1,non-literary,K
6829ab9e23c0754ae557cc3e,ex11na,W_423,original,2,non-literary,W
6829ab9e23c0754ae557cc3e,ex11na,W_122,original,5,non-literary,W
6829ab9e23c0754ae557cc3e,ex11na,K_428,original,6,non-literary,K
6829ab9e23c0754ae557cc3e,ex11na,K_1757,original,6,non-literary,K
6829ab9e23c0754ae557cc3e,ex11na,K_422,original,6,non-literary,K
6829ab9e23c0754ae557cc3e,ex11na,K_2169,original,6,non-literary,K
6829ab9e23c0754ae557cc3e,ex11na,K_56,original,6,non-literary,K
68123fd3dd037b9ad0e08c19,ex11na,W_719,original,3,non-literary,W
68123fd3dd037b9ad0e08c19,ex11na,K_422,original,6,non-literary,K
68123fd3dd037b9ad0e08c19,ex11na,W_650,original,2,non-literary,W
68123fd3dd037b9ad0e08c19,ex11na,W_281,original,1,non-literary,W
68123fd3dd037b9ad0e08c19,ex11na,W_75,original,3,non-literary,W
68123fd3dd037b9ad0e08c19,ex11na,W_431,original,5,non-literary,W
68123fd3dd037b9ad0e08c19,ex11na,K_2169,original,1,non-literary,K
68123fd3dd037b9ad0e08c19,ex11na,K_3015,original,6,non-literary,K
68123fd3dd037b9ad0e08c19,ex11na,K_428,original,1,non-literary,K
68123fd3dd037b9ad0e08c19,ex11na,W_268,original,3,non-literary,W
68123fd3dd037b9ad0e08c19,ex11na,K_56,original,6,non-literary,K
68123fd3dd037b9ad0e08c19,ex11na,W_416,original,5,non-literary,W
68123fd3dd037b9ad0e08c19,ex11na,W_590,original,4,non-literary,W
68123fd3dd037b9ad0e08c19,ex11na,K_3850,original,5,non-literary,K
68123fd3dd037b9ad0e08c19,ex11na,K_1123,original,2,non-literary,K
68123fd3dd037b9ad0e08c19,ex11na,W_122,original,4,non-literary,W
68123fd3dd037b9ad0e08c19,ex11na,W_530,original,5,non-literary,W
68123fd3dd037b9ad0e08c19,ex11na,K_1719,original,4,non-literary,K
68123fd3dd037b9ad0e08c19,ex11na,K_58,original,6,non-literary,K
68123fd3dd037b9ad0e08c19,ex11na,K_1000000,original,6,non-literary,K
68123fd3dd037b9ad0e08c19,ex11na,K_2074,original,1,non-literary,K
68123fd3dd037b9ad0e08c19,ex11na,K_3295,original,1,non-literary,K
68123fd3dd037b9ad0e08c19,ex11na,W_705,original,1,non-literary,W
68123fd3dd037b9ad0e08c19,ex11na,K_1110,original,3,non-literary,K
68123fd3dd037b9ad0e08c19,ex11na,K_1234,original,2,non-literary,K
68123fd3dd037b9ad0e08c19,ex11na,W_452,original,2,non-literary,W
68123fd3dd037b9ad0e08c19,ex11na,W_538,original,2,non-literary,W
68123fd3dd037b9ad0e08c19,ex11na,W_423,original,3,non-literary,W
68123fd3dd037b9ad0e08c19,ex11na,K_492,original,1,non-literary,K
68123fd3dd037b9ad0e08c19,ex11na,W_205,original,2,non-literary,W
68123fd3dd037b9ad0e08c19,ex11na,K_2570,original,5,non-literary,K
68123fd3dd037b9ad0e08c19,ex11na,W_778,original,1,non-literary,W
5bf3199ebe7c7300017b710a,ex11na,K_56,original,5,non-literary,K
5bf3199ebe7c7300017b710a,ex11na,K_422,original,5,non-literary,K
5bf3199ebe7c7300017b710a,ex11na,W_423,original,1,non-literary,W
5bf3199ebe7c7300017b710a,ex11na,K_2074,original,2,non-literary,K
5bf3199ebe7c7300017b710a,ex11na,W_281,original,3,non-literary,W
5bf3199ebe7c7300017b710a,ex11na,W_268,original,3,non-literary,W
5bf3199ebe7c7300017b710a,ex11na,K_2570,original,4,non-literary,K
5bf3199ebe7c7300017b710a,ex11na,W_205,original,1,non-literary,W
5bf3199ebe7c7300017b710a,ex11na,K_1123,original,2,non-literary,K
5bf3199ebe7c7300017b710a,ex11na,W_530,original,2,non-literary,W
5bf3199ebe7c7300017b710a,ex11na,K_2169,original,4,non-literary,K
5bf3199ebe7c7300017b710a,ex11na,W_778,original,1,non-literary,W
5bf3199ebe7c7300017b710a,ex11na,W_650,original,1,non-literary,W
5bf3199ebe7c7300017b710a,ex11na,K_3015,original,3,non-literary,K
5bf3199ebe7c7300017b710a,ex11na,K_1757,original,4,non-literary,K
5bf3199ebe7c7300017b710a,ex11na,W_538,original,1,non-literary,W
5bf3199ebe7c7300017b710a,ex11na,W_431,original,1,non-literary,W
5bf3199ebe7c7300017b710a,ex11na,K_1719,original,1,non-literary,K
5bf3199ebe7c7300017b710a,ex11na,W_719,original,1,non-literary,W
5bf3199ebe7c7300017b710a,ex11na,W_705,original,2,non-literary,W
5bf3199ebe7c7300017b710a,ex11na,K_58,original,3,non-literary,K
5bf3199ebe7c7300017b710a,ex11na,K_3850,original,1,non-literary,K
5bf3199ebe7c7300017b710a,ex11na,W_122,original,1,non-literary,W
5bf3199ebe7c7300017b710a,ex11na,K_492,original,1,non-literary,K
5bf3199ebe7c7300017b710a,ex11na,K_1234,original,3,non-literary,K
5bf3199ebe7c7300017b710a,ex11na,W_452,original,1,non-literary,W
5bf3199ebe7c7300017b710a,ex11na,W_590,original,1,non-literary,W
5bf3199ebe7c7300017b710a,ex11na,W_416,original,2,non-literary,W
5bf3199ebe7c7300017b710a,ex11na,W_75,original,1,non-literary,W
5bf3199ebe7c7300017b710a,ex11na,K_3295,original,1,non-literary,K
5bf3199ebe7c7300017b710a,ex11na,K_1110,original,5,non-literary,K
5bf3199ebe7c7300017b710a,ex11na,K_428,original,2,non-literary,K
5bf3199ebe7c7300017b710a,ex11na,K_1000000,original,5,non-literary,K
607512402f23b51552ab2d58,ex15na,K_2090,original,1,non-literary,K
607512402f23b51552ab2d58,ex15na,K_495,original,3,non-literary,K
607512402f23b51552ab2d58,ex15na,K_1744,original,6,non-literary,K
607512402f23b51552ab2d58,ex15na,K_3546,original,3,non-literary,K
607512402f23b51552ab2d58,ex15na,W_232,original,1,non-literary,W
607512402f23b51552ab2d58,ex15na,W_14,original,1,non-literary,W
607512402f23b51552ab2d58,ex15na,W_303,original,1,non-literary,W
607512402f23b51552ab2d58,ex15na,W_298,original,2,non-literary,W
607512402f23b51552ab2d58,ex15na,W_353,original,1,non-literary,W
607512402f23b51552ab2d58,ex15na,K_1658,original,1,non-literary,K
607512402f23b51552ab2d58,ex15na,K_3440,original,2,non-literary,K
607512402f23b51552ab2d58,ex15na,K_3343,original,2,non-literary,K
607512402f23b51552ab2d58,ex15na,K_378,original,3,non-literary,K
607512402f23b51552ab2d58,ex15na,W_613,original,2,non-literary,W
607512402f23b51552ab2d58,ex15na,K_3355,original,3,non-literary,K
607512402f23b51552ab2d58,ex15na,W_17,original,1,non-literary,W
607512402f23b51552ab2d58,ex15na,W_464,original,1,non-literary,W
607512402f23b51552ab2d58,ex15na,K_1951,original,1,non-literary,K
607512402f23b51552ab2d58,ex15na,W_1,original,1,non-literary,W
607512402f23b51552ab2d58,ex15na,W_583,original,1,non-literary,W
607512402f23b51552ab2d58,ex15na,W_446,original,1,non-literary,W
607512402f23b51552ab2d58,ex15na,K_694,original,3,non-literary,K
607512402f23b51552ab2d58,ex15na,K_2240,original,3,non-literary,K
607512402f23b51552ab2d58,ex15na,W_480,original,1,non-literary,W
607512402f23b51552ab2d58,ex15na,K_1598,original,2,non-literary,K
607512402f23b51552ab2d58,ex15na,W_458,original,1,non-literary,W
607512402f23b51552ab2d58,ex15na,K_3350,original,3,non-literary,K
607512402f23b51552ab2d58,ex15na,W_787,original,1,non-literary,W
607512402f23b51552ab2d58,ex15na,W_712,original,1,non-literary,W
607512402f23b51552ab2d58,ex15na,K_1310,original,3,non-literary,K
607512402f23b51552ab2d58,ex15na,W_666,original,1,non-literary,W
607512402f23b51552ab2d58,ex15na,K_270,original,3,non-literary,K
607512402f23b51552ab2d58,ex15na,W_692,original,2,non-literary,W
607512402f23b51552ab2d58,ex15na,K_2025,original,3,non-literary,K
682059291052c5aa9a351831,ex15na,K_694,original,2,non-literary,K
682059291052c5aa9a351831,ex15na,K_2240,original,1,non-literary,K
682059291052c5aa9a351831,ex15na,W_666,original,1,non-literary,W
682059291052c5aa9a351831,ex15na,K_1598,original,1,non-literary,K
682059291052c5aa9a351831,ex15na,K_378,original,5,non-literary,K
682059291052c5aa9a351831,ex15na,W_1,original,1,non-literary,W
682059291052c5aa9a351831,ex15na,W_787,original,1,non-literary,W
682059291052c5aa9a351831,ex15na,W_458,original,1,non-literary,W
682059291052c5aa9a351831,ex15na,K_1951,original,1,non-literary,K
682059291052c5aa9a351831,ex15na,W_232,original,1,non-literary,W
682059291052c5aa9a351831,ex15na,W_353,original,1,non-literary,W
682059291052c5aa9a351831,ex15na,W_583,original,1,non-literary,W
682059291052c5aa9a351831,ex15na,K_2025,original,3,non-literary,K
682059291052c5aa9a351831,ex15na,W_446,original,1,non-literary,W
682059291052c5aa9a351831,ex15na,W_692,original,1,non-literary,W
682059291052c5aa9a351831,ex15na,K_3343,original,4,non-literary,K
682059291052c5aa9a351831,ex15na,K_3350,original,2,non-literary,K
682059291052c5aa9a351831,ex15na,W_14,original,1,non-literary,W
682059291052c5aa9a351831,ex15na,W_464,original,1,non-literary,W
682059291052c5aa9a351831,ex15na,W_613,original,2,non-literary,W
682059291052c5aa9a351831,ex15na,K_270,original,2,non-literary,K
682059291052c5aa9a351831,ex15na,K_1658,original,2,non-literary,K
682059291052c5aa9a351831,ex15na,K_3440,original,2,non-literary,K
682059291052c5aa9a351831,ex15na,W_17,original,1,non-literary,W
682059291052c5aa9a351831,ex15na,W_480,original,1,non-literary,W
682059291052c5aa9a351831,ex15na,K_3355,original,4,non-literary,K
682059291052c5aa9a351831,ex15na,K_3546,original,4,non-literary,K
682059291052c5aa9a351831,ex15na,K_495,original,5,non-literary,K
682059291052c5aa9a351831,ex15na,K_1310,original,5,non-literary,K
682059291052c5aa9a351831,ex15na,K_1744,original,4,non-literary,K
682059291052c5aa9a351831,ex15na,W_298,original,2,non-literary,W
682059291052c5aa9a351831,ex15na,W_712,original,1,non-literary,W
682059291052c5aa9a351831,ex15na,K_2090,original,1,non-literary,K
682059291052c5aa9a351831,ex15na,W_303,original,1,non-literary,W
5a74e93feea3d300016dd8ca,ex15na,W_464,original,1,non-literary,W
5a74e93feea3d300016dd8ca,ex15na,W_480,original,1,non-literary,W
5a74e93feea3d300016dd8ca,ex15na,W_232,original,1,non-literary,W
5a74e93feea3d300016dd8ca,ex15na,K_3546,original,3,non-literary,K
5a74e93feea3d300016dd8ca,ex15na,K_3355,original,3,non-literary,K
5a74e93feea3d300016dd8ca,ex15na,K_495,original,3,non-literary,K
5a74e93feea3d300016dd8ca,ex15na,W_712,original,1,non-literary,W
5a74e93feea3d300016dd8ca,ex15na,K_1310,original,3,non-literary,K
5a74e93feea3d300016dd8ca,ex15na,W_14,original,2,non-literary,W
5a74e93feea3d300016dd8ca,ex15na,K_2240,original,3,non-literary,K
5a74e93feea3d300016dd8ca,ex15na,W_446,original,1,non-literary,W
5a74e93feea3d300016dd8ca,ex15na,W_298,original,3,non-literary,W
5a74e93feea3d300016dd8ca,ex15na,K_2025,original,3,non-literary,K
5a74e93feea3d300016dd8ca,ex15na,K_3350,original,2,non-literary,K
5a74e93feea3d300016dd8ca,ex15na,K_270,original,4,non-literary,K
5a74e93feea3d300016dd8ca,ex15na,K_1951,original,1,non-literary,K
5a74e93feea3d300016dd8ca,ex15na,K_378,original,5,non-literary,K
5a74e93feea3d300016dd8ca,ex15na,W_303,original,1,non-literary,W
5a74e93feea3d300016dd8ca,ex15na,K_3343,original,1,non-literary,K
5a74e93feea3d300016dd8ca,ex15na,W_666,original,1,non-literary,W
5a74e93feea3d300016dd8ca,ex15na,K_694,original,5,non-literary,K
5a74e93feea3d300016dd8ca,ex15na,W_692,original,2,non-literary,W
5a74e93feea3d300016dd8ca,ex15na,W_1,original,2,non-literary,W
5a74e93feea3d300016dd8ca,ex15na,W_17,original,2,non-literary,W
5a74e93feea3d300016dd8ca,ex15na,K_3440,original,1,non-literary,K
5a74e93feea3d300016dd8ca,ex15na,W_613,original,2,non-literary,W
5a74e93feea3d300016dd8ca,ex15na,K_2090,original,1,non-literary,K
5a74e93feea3d300016dd8ca,ex15na,K_1658,original,2,non-literary,K
5a74e93feea3d300016dd8ca,ex15na,W_353,original,2,non-literary,W
5a74e93feea3d300016dd8ca,ex15na,K_1598,original,2,non-literary,K
5a74e93feea3d300016dd8ca,ex15na,W_583,original,1,non-literary,W
5a74e93feea3d300016dd8ca,ex15na,W_787,original,2,non-literary,W
5a74e93feea3d300016dd8ca,ex15na,K_1744,original,2,non-literary,K
5a74e93feea3d300016dd8ca,ex15na,W_458,original,1,non-literary,W
5906ff5f0070cb000186b5fb,ex15na,W_446,original,1,non-literary,W
5906ff5f0070cb000186b5fb,ex15na,W_232,original,2,non-literary,W
5906ff5f0070cb000186b5fb,ex15na,W_17,original,5,non-literary,W
5906ff5f0070cb000186b5fb,ex15na,W_666,original,2,non-literary,W
5906ff5f0070cb000186b5fb,ex15na,K_3440,original,4,non-literary,K
5906ff5f0070cb000186b5fb,ex15na,W_712,original,2,non-literary,W
5906ff5f0070cb000186b5fb,ex15na,K_3546,original,5,non-literary,K
5906ff5f0070cb000186b5fb,ex15na,K_3343,original,3,non-literary,K
5906ff5f0070cb000186b5fb,ex15na,W_14,original,4,non-literary,W
5906ff5f0070cb000186b5fb,ex15na,W_787,original,1,non-literary,W
5906ff5f0070cb000186b5fb,ex15na,W_692,original,3,non-literary,W
5906ff5f0070cb000186b5fb,ex15na,K_1744,original,4,non-literary,K
5906ff5f0070cb000186b5fb,ex15na,K_495,original,3,non-literary,K
5906ff5f0070cb000186b5fb,ex15na,K_1951,original,1,non-literary,K
5906ff5f0070cb000186b5fb,ex15na,W_480,original,3,non-literary,W
5906ff5f0070cb000186b5fb,ex15na,K_1310,original,4,non-literary,K
5906ff5f0070cb000186b5fb,ex15na,W_303,original,3,non-literary,W
5906ff5f0070cb000186b5fb,ex15na,W_298,original,4,non-literary,W
5906ff5f0070cb000186b5fb,ex15na,W_464,original,1,non-literary,W
5906ff5f0070cb000186b5fb,ex15na,K_270,original,4,non-literary,K
5906ff5f0070cb000186b5fb,ex15na,K_2025,original,4,non-literary,K
5906ff5f0070cb000186b5fb,ex15na,K_378,original,5,non-literary,K
5906ff5f0070cb000186b5fb,ex15na,W_613,original,3,non-literary,W
5906ff5f0070cb000186b5fb,ex15na,K_3355,original,6,non-literary,K
5906ff5f0070cb000186b5fb,ex15na,W_353,original,3,non-literary,W
5906ff5f0070cb000186b5fb,ex15na,K_694,original,5,non-literary,K
5906ff5f0070cb000186b5fb,ex15na,K_2240,original,5,non-literary,K
5906ff5f0070cb000186b5fb,ex15na,W_583,original,2,non-literary,W
5906ff5f0070cb000186b5fb,ex15na,W_1,original,4,non-literary,W
5906ff5f0070cb000186b5fb,ex15na,K_1658,original,4,non-literary,K
5906ff5f0070cb000186b5fb,ex15na,K_2090,original,1,non-literary,K
5906ff5f0070cb000186b5fb,ex15na,W_458,original,2,non-literary,W
5906ff5f0070cb000186b5fb,ex15na,K_3350,original,4,non-literary,K
60fd91693f551eb25cefe587,ex15na,K_1598,original,4,non-literary,K
60fd91693f551eb25cefe587,ex15na,W_17,original,2,non-literary,W
60fd91693f551eb25cefe587,ex15na,W_303,original,3,non-literary,W
60fd91693f551eb25cefe587,ex15na,K_2090,original,1,non-literary,K
60fd91693f551eb25cefe587,ex15na,W_583,original,5,non-literary,W
60fd91693f551eb25cefe587,ex15na,W_613,original,4,non-literary,W
60fd91693f551eb25cefe587,ex15na,K_378,original,5,non-literary,K
60fd91693f551eb25cefe587,ex15na,K_1744,original,4,non-literary,K
60fd91693f551eb25cefe587,ex15na,K_2025,original,5,non-literary,K
60fd91693f551eb25cefe587,ex15na,K_3546,original,4,non-literary,K
60fd91693f551eb25cefe587,ex15na,K_3440,original,4,non-literary,K
60fd91693f551eb25cefe587,ex15na,W_666,original,2,non-literary,W
60fd91693f551eb25cefe587,ex15na,K_1310,original,2,non-literary,K
60fd91693f551eb25cefe587,ex15na,W_464,original,2,non-literary,W
60fd91693f551eb25cefe587,ex15na,K_3355,original,4,non-literary,K
60fd91693f551eb25cefe587,ex15na,W_446,original,2,non-literary,W
60fd91693f551eb25cefe587,ex15na,W_692,original,2,non-literary,W
60fd91693f551eb25cefe587,ex15na,K_1951,original,1,non-literary,K
60fd91693f551eb25cefe587,ex15na,K_694,original,6,non-literary,K
60fd91693f551eb25cefe587,ex15na,K_3350,original,2,non-literary,K
60fd91693f551eb25cefe587,ex15na,W_14,original,2,non-literary,W
60fd91693f551eb25cefe587,ex15na,W_480,original,2,non-literary,W
60fd91693f551eb25cefe587,ex15na,K_495,original,3,non-literary,K
60fd91693f551eb25cefe587,ex15na,K_1658,original,4,non-literary,K
60fd91693f551eb25cefe587,ex15na,K_3343,original,4,non-literary,K
60fd91693f551eb25cefe587,ex15na,W_787,original,4,non-literary,W
60fd91693f551eb25cefe587,ex15na,W_353,original,4,non-literary,W
60fd91693f551eb25cefe587,ex15na,W_712,original,1,non-literary,W
60fd91693f551eb25cefe587,ex15na,K_270,original,4,non-literary,K
60fd91693f551eb25cefe587,ex15na,W_298,original,4,non-literary,W
60fd91693f551eb25cefe587,ex15na,W_458,original,2,non-literary,W
60fd91693f551eb25cefe587,ex15na,W_232,original,2,non-literary,W
60fd91693f551eb25cefe587,ex15na,W_1,original,3,non-literary,W
60fd91693f551eb25cefe587,ex15na,K_2240,original,5,non-literary,K
63408fcd2af6d768d5901d79,ex15na,W_303,original,2,non-literary,W
63408fcd2af6d768d5901d79,ex15na,W_446,original,1,non-literary,W
63408fcd2af6d768d5901d79,ex15na,K_694,original,3,non-literary,K
63408fcd2af6d768d5901d79,ex15na,W_458,original,1,non-literary,W
63408fcd2af6d768d5901d79,ex15na,K_1310,original,2,non-literary,K
63408fcd2af6d768d5901d79,ex15na,K_1951,original,1,non-literary,K
63408fcd2af6d768d5901d79,ex15na,K_1598,original,4,non-literary,K
63408fcd2af6d768d5901d79,ex15na,K_1744,original,6,non-literary,K
63408fcd2af6d768d5901d79,ex15na,W_712,original,2,non-literary,W
63408fcd2af6d768d5901d79,ex15na,K_2025,original,3,non-literary,K
63408fcd2af6d768d5901d79,ex15na,W_583,original,2,non-literary,W
63408fcd2af6d768d5901d79,ex15na,K_1658,original,2,non-literary,K
63408fcd2af6d768d5901d79,ex15na,W_298,original,4,non-literary,W
63408fcd2af6d768d5901d79,ex15na,K_3350,original,3,non-literary,K
63408fcd2af6d768d5901d79,ex15na,K_2240,original,2,non-literary,K
63408fcd2af6d768d5901d79,ex15na,W_1,original,3,non-literary,W
63408fcd2af6d768d5901d79,ex15na,K_495,original,4,non-literary,K
63408fcd2af6d768d5901d79,ex15na,W_353,original,3,non-literary,W
63408fcd2af6d768d5901d79,ex15na,K_2090,original,2,non-literary,K
63408fcd2af6d768d5901d79,ex15na,W_666,original,1,non-literary,W
63408fcd2af6d768d5901d79,ex15na,W_613,original,4,non-literary,W
63408fcd2af6d768d5901d79,ex15na,K_3546,original,4,non-literary,K
63408fcd2af6d768d5901d79,ex15na,K_270,original,5,non-literary,K
63408fcd2af6d768d5901d79,ex15na,W_17,original,5,non-literary,W
63408fcd2af6d768d5901d79,ex15na,W_480,original,3,non-literary,W
63408fcd2af6d768d5901d79,ex15na,W_14,original,2,non-literary,W
63408fcd2af6d768d5901d79,ex15na,W_692,original,1,non-literary,W
63408fcd2af6d768d5901d79,ex15na,K_3343,original,4,non-literary,K
63408fcd2af6d768d5901d79,ex15na,W_787,original,5,non-literary,W
63408fcd2af6d768d5901d79,ex15na,W_232,original,2,non-literary,W
63408fcd2af6d768d5901d79,ex15na,K_3440,original,5,non-literary,K
63408fcd2af6d768d5901d79,ex15na,W_464,original,2,non-literary,W
63408fcd2af6d768d5901d79,ex15na,K_3355,original,5,non-literary,K
63408fcd2af6d768d5901d79,ex15na,K_378,original,5,non-literary,K
614f18c401f0591601029297,ex15na,W_464,original,4,non-literary,W
614f18c401f0591601029297,ex15na,W_1,original,4,non-literary,W
614f18c401f0591601029297,ex15na,K_3546,original,4,non-literary,K
614f18c401f0591601029297,ex15na,W_446,original,4,non-literary,W
614f18c401f0591601029297,ex15na,K_378,original,5,non-literary,K
614f18c401f0591601029297,ex15na,K_2025,original,4,non-literary,K
614f18c401f0591601029297,ex15na,K_3343,original,3,non-literary,K
614f18c401f0591601029297,ex15na,K_270,original,4,non-literary,K
614f18c401f0591601029297,ex15na,W_298,original,4,non-literary,W
614f18c401f0591601029297,ex15na,W_17,original,4,non-literary,W
614f18c401f0591601029297,ex15na,W_583,original,2,non-literary,W
614f18c401f0591601029297,ex15na,K_3350,original,5,non-literary,K
614f18c401f0591601029297,ex15na,W_232,original,2,non-literary,W
614f18c401f0591601029297,ex15na,K_1658,original,5,non-literary,K
614f18c401f0591601029297,ex15na,W_14,original,5,non-literary,W
614f18c401f0591601029297,ex15na,K_3440,original,4,non-literary,K
614f18c401f0591601029297,ex15na,K_694,original,5,non-literary,K
614f18c401f0591601029297,ex15na,K_1310,original,5,non-literary,K
614f18c401f0591601029297,ex15na,K_1951,original,2,non-literary,K
614f18c401f0591601029297,ex15na,W_787,original,2,non-literary,W
614f18c401f0591601029297,ex15na,K_1598,original,4,non-literary,K
614f18c401f0591601029297,ex15na,W_666,original,2,non-literary,W
614f18c401f0591601029297,ex15na,W_353,original,4,non-literary,W
614f18c401f0591601029297,ex15na,K_2090,original,2,non-literary,K
614f18c401f0591601029297,ex15na,K_495,original,2,non-literary,K
614f18c401f0591601029297,ex15na,K_3355,original,5,non-literary,K
614f18c401f0591601029297,ex15na,W_480,original,2,non-literary,W
614f18c401f0591601029297,ex15na,W_613,original,3,non-literary,W
614f18c401f0591601029297,ex15na,W_692,original,2,non-literary,W
614f18c401f0591601029297,ex15na,K_2240,original,2,non-literary,K
614f18c401f0591601029297,ex15na,W_712,original,2,non-literary,W
614f18c401f0591601029297,ex15na,W_458,original,2,non-literary,W
614f18c401f0591601029297,ex15na,W_303,original,2,non-literary,W
614f18c401f0591601029297,ex15na,K_1744,original,5,non-literary,K
5f32d5f107d49607c3f6cf7a,ex15na,W_712,original,4,non-literary,W
5f32d5f107d49607c3f6cf7a,ex15na,W_298,original,3,non-literary,W
5f32d5f107d49607c3f6cf7a,ex15na,W_787,original,3,non-literary,W
5f32d5f107d49607c3f6cf7a,ex15na,W_446,original,3,non-literary,W
5f32d5f107d49607c3f6cf7a,ex15na,K_3355,original,2,non-literary,K
5f32d5f107d49607c3f6cf7a,ex15na,W_14,original,2,non-literary,W
5f32d5f107d49607c3f6cf7a,ex15na,W_480,original,3,non-literary,W
5f32d5f107d49607c3f6cf7a,ex15na,K_1310,original,4,non-literary,K
5f32d5f107d49607c3f6cf7a,ex15na,W_458,original,2,non-literary,W
5f32d5f107d49607c3f6cf7a,ex15na,K_3343,original,5,non-literary,K
5f32d5f107d49607c3f6cf7a,ex15na,K_2090,original,3,non-literary,K
5f32d5f107d49607c3f6cf7a,ex15na,K_1951,original,3,non-literary,K
5f32d5f107d49607c3f6cf7a,ex15na,W_464,original,3,non-literary,W
5f32d5f107d49607c3f6cf7a,ex15na,K_3440,original,2,non-literary,K
5f32d5f107d49607c3f6cf7a,ex15na,W_583,original,3,non-literary,W
5f32d5f107d49607c3f6cf7a,ex15na,K_378,original,3,non-literary,K
5f32d5f107d49607c3f6cf7a,ex15na,K_1744,original,4,non-literary,K
5f32d5f107d49607c3f6cf7a,ex15na,K_1658,original,2,non-literary,K
5f32d5f107d49607c3f6cf7a,ex15na,W_692,original,2,non-literary,W
5f32d5f107d49607c3f6cf7a,ex15na,W_232,original,3,non-literary,W
5f32d5f107d49607c3f6cf7a,ex15na,K_2025,original,5,non-literary,K
5f32d5f107d49607c3f6cf7a,ex15na,W_1,original,4,non-literary,W
5f32d5f107d49607c3f6cf7a,ex15na,K_3350,original,4,non-literary,K
5f32d5f107d49607c3f6cf7a,ex15na,K_3546,original,4,non-literary,K
5f32d5f107d49607c3f6cf7a,ex15na,K_2240,original,4,non-literary,K
5f32d5f107d49607c3f6cf7a,ex15na,W_303,original,3,non-literary,W
5f32d5f107d49607c3f6cf7a,ex15na,W_666,original,2,non-literary,W
5f32d5f107d49607c3f6cf7a,ex15na,K_694,original,2,non-literary,K
5f32d5f107d49607c3f6cf7a,ex15na,W_613,original,3,non-literary,W
5f32d5f107d49607c3f6cf7a,ex15na,K_1598,original,6,non-literary,K
5f32d5f107d49607c3f6cf7a,ex15na,W_353,original,4,non-literary,W
5f32d5f107d49607c3f6cf7a,ex15na,K_495,original,5,non-literary,K
5f32d5f107d49607c3f6cf7a,ex15na,K_270,original,5,non-literary,K
63b75572ed10d22f0b97d96d,ex15na,K_2090,original,1,non-literary,K
63b75572ed10d22f0b97d96d,ex15na,W_458,original,1,non-literary,W
63b75572ed10d22f0b97d96d,ex15na,W_480,original,1,non-literary,W
63b75572ed10d22f0b97d96d,ex15na,W_298,original,3,non-literary,W
63b75572ed10d22f0b97d96d,ex15na,W_613,original,2,non-literary,W
63b75572ed10d22f0b97d96d,ex15na,W_1,original,2,non-literary,W
63b75572ed10d22f0b97d96d,ex15na,W_232,original,1,non-literary,W
63b75572ed10d22f0b97d96d,ex15na,K_270,original,3,non-literary,K
63b75572ed10d22f0b97d96d,ex15na,K_3343,original,4,non-literary,K
63b75572ed10d22f0b97d96d,ex15na,W_464,original,1,non-literary,W
63b75572ed10d22f0b97d96d,ex15na,W_303,original,2,non-literary,W
63b75572ed10d22f0b97d96d,ex15na,W_666,original,1,non-literary,W
63b75572ed10d22f0b97d96d,ex15na,K_2240,original,4,non-literary,K
63b75572ed10d22f0b97d96d,ex15na,K_1658,original,3,non-literary,K
63b75572ed10d22f0b97d96d,ex15na,W_17,original,2,non-literary,W
63b75572ed10d22f0b97d96d,ex15na,W_787,original,1,non-literary,W
63b75572ed10d22f0b97d96d,ex15na,K_495,original,5,non-literary,K
63b75572ed10d22f0b97d96d,ex15na,K_2025,original,4,non-literary,K
63b75572ed10d22f0b97d96d,ex15na,K_3350,original,3,non-literary,K
63b75572ed10d22f0b97d96d,ex15na,K_3355,original,4,non-literary,K
63b75572ed10d22f0b97d96d,ex15na,K_378,original,5,non-literary,K
63b75572ed10d22f0b97d96d,ex15na,K_1310,original,4,non-literary,K
63b75572ed10d22f0b97d96d,ex15na,K_1598,original,3,non-literary,K
63b75572ed10d22f0b97d96d,ex15na,W_692,original,1,non-literary,W
63b75572ed10d22f0b97d96d,ex15na,K_3440,original,3,non-literary,K
63b75572ed10d22f0b97d96d,ex15na,W_446,original,1,non-literary,W
63b75572ed10d22f0b97d96d,ex15na,K_1951,original,1,non-literary,K
63b75572ed10d22f0b97d96d,ex15na,W_583,original,2,non-literary,W
63b75572ed10d22f0b97d96d,ex15na,W_14,original,3,non-literary,W
63b75572ed10d22f0b97d96d,ex15na,W_353,original,2,non-literary,W
63b75572ed10d22f0b97d96d,ex15na,K_1744,original,4,non-literary,K
63b75572ed10d22f0b97d96d,ex15na,K_694,original,5,non-literary,K
63b75572ed10d22f0b97d96d,ex15na,W_712,original,1,non-literary,W
63b75572ed10d22f0b97d96d,ex15na,K_3546,original,4,non-literary,K
5bf2eb0cf77fed00011d5226,ex15na,K_2240,original,4,non-literary,K
5bf2eb0cf77fed00011d5226,ex15na,W_712,original,1,non-literary,W
5bf2eb0cf77fed00011d5226,ex15na,W_446,original,1,non-literary,W
5bf2eb0cf77fed00011d5226,ex15na,K_3350,original,4,non-literary,K
5bf2eb0cf77fed00011d5226,ex15na,W_666,original,1,non-literary,W
5bf2eb0cf77fed00011d5226,ex15na,W_353,original,3,non-literary,W
5bf2eb0cf77fed00011d5226,ex15na,W_613,original,2,non-literary,W
5bf2eb0cf77fed00011d5226,ex15na,W_480,original,1,non-literary,W
5bf2eb0cf77fed00011d5226,ex15na,K_3355,original,6,non-literary,K
5bf2eb0cf77fed00011d5226,ex15na,K_270,original,4,non-literary,K
5bf2eb0cf77fed00011d5226,ex15na,W_303,original,2,non-literary,W
5bf2eb0cf77fed00011d5226,ex15na,W_458,original,1,non-literary,W
5bf2eb0cf77fed00011d5226,ex15na,W_787,original,1,non-literary,W
5bf2eb0cf77fed00011d5226,ex15na,K_1951,original,1,non-literary,K
5bf2eb0cf77fed00011d5226,ex15na,K_1658,original,5,non-literary,K
5bf2eb0cf77fed00011d5226,ex15na,K_2025,original,6,non-literary,K
5bf2eb0cf77fed00011d5226,ex15na,W_583,original,3,non-literary,W
5bf2eb0cf77fed00011d5226,ex15na,W_17,original,3,non-literary,W
5bf2eb0cf77fed00011d5226,ex15na,K_1310,original,6,non-literary,K
5bf2eb0cf77fed00011d5226,ex15na,W_14,original,1,non-literary,W
5bf2eb0cf77fed00011d5226,ex15na,W_1,original,5,non-literary,W
5bf2eb0cf77fed00011d5226,ex15na,K_3546,original,4,non-literary,K
5bf2eb0cf77fed00011d5226,ex15na,K_3440,original,4,non-literary,K
5bf2eb0cf77fed00011d5226,ex15na,K_694,original,3,non-literary,K
5bf2eb0cf77fed00011d5226,ex15na,K_378,original,4,non-literary,K
5bf2eb0cf77fed00011d5226,ex15na,W_298,original,3,non-literary,W
5bf2eb0cf77fed00011d5226,ex15na,K_1598,original,5,non-literary,K
5bf2eb0cf77fed00011d5226,ex15na,W_464,original,2,non-literary,W
5bf2eb0cf77fed00011d5226,ex15na,W_232,original,2,non-literary,W
5bf2eb0cf77fed00011d5226,ex15na,K_2090,original,2,non-literary,K
5bf2eb0cf77fed00011d5226,ex15na,K_3343,original,5,non-literary,K
5bf2eb0cf77fed00011d5226,ex15na,W_692,original,1,non-literary,W
5bf2eb0cf77fed00011d5226,ex15na,K_495,original,5,non-literary,K
5bf2eb0cf77fed00011d5226,ex15na,K_1744,original,6,non-literary,K
