SENTENCE_ID,TOKEN_ID,SENTENCE_CLEAN,TOKEN,ANNOTATION_FINAL,MET_TYPE
W_452,1,"Gaeta: kleine Hafenstadt (Provinz Latina) mit pittoresker Altstadt, mittelalterliches Kastell, romanischer Dom mit Glockenturm .",Gaeta,Non-MRW,Non-MRW
W_452,2,"Gaeta: kleine Hafenstadt (Provinz Latina) mit pittoresker Altstadt, mittelalterliches Kastell, romanischer Dom mit Glockenturm .",kleine,Non-MRW,Non-MRW
W_452,3,"Gaeta: kleine Hafenstadt (Provinz Latina) mit pittoresker Altstadt, mittelalterliches Kastell, romanischer Dom mit Glockenturm .",Hafenstadt,Non-MRW,Non-MRW
W_452,4,"Gaeta: kleine Hafenstadt (Provinz Latina) mit pittoresker Altstadt, mittelalterliches Kastell, romanischer Dom mit Glockenturm .",Provinz,Non-MRW,Non-MRW
W_452,5,"Gaeta: kleine Hafenstadt (Provinz Latina) mit pittoresker Altstadt, mittelalterliches Kastell, romanischer Dom mit Glockenturm .",Latina,MWE,MWE
W_452,6,"Gaeta: kleine Hafenstadt (Provinz Latina) mit pittoresker Altstadt, mittelalterliches Kastell, romanischer Dom mit Glockenturm .",mit,Non-MRW,Non-MRW
W_452,7,"Gaeta: kleine Hafenstadt (Provinz Latina) mit pittoresker Altstadt, mittelalterliches Kastell, romanischer Dom mit Glockenturm .",pittoresker,Non-MRW,Non-MRW
W_452,8,"Gaeta: kleine Hafenstadt (Provinz Latina) mit pittoresker Altstadt, mittelalterliches Kastell, romanischer Dom mit Glockenturm .",Altstadt,Non-MRW,Non-MRW
W_452,9,"Gaeta: kleine Hafenstadt (Provinz Latina) mit pittoresker Altstadt, mittelalterliches Kastell, romanischer Dom mit Glockenturm .",mittelalterliches,Non-MRW,Non-MRW
W_452,10,"Gaeta: kleine Hafenstadt (Provinz Latina) mit pittoresker Altstadt, mittelalterliches Kastell, romanischer Dom mit Glockenturm .",Kastell,Non-MRW,Non-MRW
W_452,11,"Gaeta: kleine Hafenstadt (Provinz Latina) mit pittoresker Altstadt, mittelalterliches Kastell, romanischer Dom mit Glockenturm .",romanischer,Non-MRW,Non-MRW
W_452,12,"Gaeta: kleine Hafenstadt (Provinz Latina) mit pittoresker Altstadt, mittelalterliches Kastell, romanischer Dom mit Glockenturm .",Dom,Non-MRW,Non-MRW
W_452,13,"Gaeta: kleine Hafenstadt (Provinz Latina) mit pittoresker Altstadt, mittelalterliches Kastell, romanischer Dom mit Glockenturm .",mit,Non-MRW,Non-MRW
W_452,14,"Gaeta: kleine Hafenstadt (Provinz Latina) mit pittoresker Altstadt, mittelalterliches Kastell, romanischer Dom mit Glockenturm .",Glockenturm,Non-MRW,Non-MRW
W_781,1,Hartman National Park: Dieser Park befindet sich im Südwesten von Grenada und schützt ein Küstengebiet mit Mangrovenwäldern und Korallenriffen.,Hartman,Non-MRW,Non-MRW
W_781,2,Hartman National Park: Dieser Park befindet sich im Südwesten von Grenada und schützt ein Küstengebiet mit Mangrovenwäldern und Korallenriffen.,National,MWE,MWE
W_781,3,Hartman National Park: Dieser Park befindet sich im Südwesten von Grenada und schützt ein Küstengebiet mit Mangrovenwäldern und Korallenriffen.,Park,MWE,MWE
W_781,4,Hartman National Park: Dieser Park befindet sich im Südwesten von Grenada und schützt ein Küstengebiet mit Mangrovenwäldern und Korallenriffen.,Dieser,Non-MRW,Non-MRW
W_781,5,Hartman National Park: Dieser Park befindet sich im Südwesten von Grenada und schützt ein Küstengebiet mit Mangrovenwäldern und Korallenriffen.,Park,Non-MRW,Non-MRW
W_781,6,Hartman National Park: Dieser Park befindet sich im Südwesten von Grenada und schützt ein Küstengebiet mit Mangrovenwäldern und Korallenriffen.,befindet,Non-MRW,Non-MRW
W_781,7,Hartman National Park: Dieser Park befindet sich im Südwesten von Grenada und schützt ein Küstengebiet mit Mangrovenwäldern und Korallenriffen.,sich,MWE,MWE
W_781,8,Hartman National Park: Dieser Park befindet sich im Südwesten von Grenada und schützt ein Küstengebiet mit Mangrovenwäldern und Korallenriffen.,im,MRW,indirect
W_781,9,Hartman National Park: Dieser Park befindet sich im Südwesten von Grenada und schützt ein Küstengebiet mit Mangrovenwäldern und Korallenriffen.,Südwesten,Non-MRW,Non-MRW
W_781,10,Hartman National Park: Dieser Park befindet sich im Südwesten von Grenada und schützt ein Küstengebiet mit Mangrovenwäldern und Korallenriffen.,von,Non-MRW,Non-MRW
W_781,11,Hartman National Park: Dieser Park befindet sich im Südwesten von Grenada und schützt ein Küstengebiet mit Mangrovenwäldern und Korallenriffen.,Grenada,Non-MRW,Non-MRW
W_781,12,Hartman National Park: Dieser Park befindet sich im Südwesten von Grenada und schützt ein Küstengebiet mit Mangrovenwäldern und Korallenriffen.,und,Non-MRW,Non-MRW
W_781,13,Hartman National Park: Dieser Park befindet sich im Südwesten von Grenada und schützt ein Küstengebiet mit Mangrovenwäldern und Korallenriffen.,schützt,MRW,indirect
W_781,14,Hartman National Park: Dieser Park befindet sich im Südwesten von Grenada und schützt ein Küstengebiet mit Mangrovenwäldern und Korallenriffen.,ein,Non-MRW,Non-MRW
W_781,15,Hartman National Park: Dieser Park befindet sich im Südwesten von Grenada und schützt ein Küstengebiet mit Mangrovenwäldern und Korallenriffen.,Küstengebiet,Non-MRW,Non-MRW
W_781,16,Hartman National Park: Dieser Park befindet sich im Südwesten von Grenada und schützt ein Küstengebiet mit Mangrovenwäldern und Korallenriffen.,mit,Non-MRW,Non-MRW
W_781,17,Hartman National Park: Dieser Park befindet sich im Südwesten von Grenada und schützt ein Küstengebiet mit Mangrovenwäldern und Korallenriffen.,Mangrovenwäldern,Non-MRW,Non-MRW
W_781,18,Hartman National Park: Dieser Park befindet sich im Südwesten von Grenada und schützt ein Küstengebiet mit Mangrovenwäldern und Korallenriffen.,und,Non-MRW,Non-MRW
W_781,19,Hartman National Park: Dieser Park befindet sich im Südwesten von Grenada und schützt ein Küstengebiet mit Mangrovenwäldern und Korallenriffen.,Korallenriffen,Non-MRW,Non-MRW
W_675,1,Ungewöhnlicherweise beherbergt die Mall nur ein einziges Kaufhaus (Super Target).,Ungewöhnlicherweise,Non-MRW,Non-MRW
W_675,2,Ungewöhnlicherweise beherbergt die Mall nur ein einziges Kaufhaus (Super Target).,beherbergt,MRW,indirect
W_675,3,Ungewöhnlicherweise beherbergt die Mall nur ein einziges Kaufhaus (Super Target).,die,Non-MRW,Non-MRW
W_675,4,Ungewöhnlicherweise beherbergt die Mall nur ein einziges Kaufhaus (Super Target).,Mall,Non-MRW,Non-MRW
W_675,5,Ungewöhnlicherweise beherbergt die Mall nur ein einziges Kaufhaus (Super Target).,nur,Non-MRW,Non-MRW
W_675,6,Ungewöhnlicherweise beherbergt die Mall nur ein einziges Kaufhaus (Super Target).,ein,Non-MRW,Non-MRW
W_675,7,Ungewöhnlicherweise beherbergt die Mall nur ein einziges Kaufhaus (Super Target).,einziges,Non-MRW,Non-MRW
W_675,8,Ungewöhnlicherweise beherbergt die Mall nur ein einziges Kaufhaus (Super Target).,Kaufhaus,Non-MRW,Non-MRW
W_675,9,Ungewöhnlicherweise beherbergt die Mall nur ein einziges Kaufhaus (Super Target).,Super,Non-MRW,Non-MRW
W_675,10,Ungewöhnlicherweise beherbergt die Mall nur ein einziges Kaufhaus (Super Target).,Target,MWE,MWE
W_373,1,Neben den Casinos im Süden der Halbinsel sind gerade die alten Kolonialbauten aus der portugiesischen Vergangenheit sehenswert.,Neben,MRW,indirect
W_373,2,Neben den Casinos im Süden der Halbinsel sind gerade die alten Kolonialbauten aus der portugiesischen Vergangenheit sehenswert.,den,Non-MRW,Non-MRW
W_373,3,Neben den Casinos im Süden der Halbinsel sind gerade die alten Kolonialbauten aus der portugiesischen Vergangenheit sehenswert.,Casinos,Non-MRW,Non-MRW
W_373,4,Neben den Casinos im Süden der Halbinsel sind gerade die alten Kolonialbauten aus der portugiesischen Vergangenheit sehenswert.,im,Non-MRW,Non-MRW
W_373,5,Neben den Casinos im Süden der Halbinsel sind gerade die alten Kolonialbauten aus der portugiesischen Vergangenheit sehenswert.,Süden,Non-MRW,Non-MRW
W_373,6,Neben den Casinos im Süden der Halbinsel sind gerade die alten Kolonialbauten aus der portugiesischen Vergangenheit sehenswert.,der,Non-MRW,Non-MRW
W_373,7,Neben den Casinos im Süden der Halbinsel sind gerade die alten Kolonialbauten aus der portugiesischen Vergangenheit sehenswert.,Halbinsel,Non-MRW,Non-MRW
W_373,8,Neben den Casinos im Süden der Halbinsel sind gerade die alten Kolonialbauten aus der portugiesischen Vergangenheit sehenswert.,sind,Non-MRW,Non-MRW
W_373,9,Neben den Casinos im Süden der Halbinsel sind gerade die alten Kolonialbauten aus der portugiesischen Vergangenheit sehenswert.,gerade,MRW,indirect
W_373,10,Neben den Casinos im Süden der Halbinsel sind gerade die alten Kolonialbauten aus der portugiesischen Vergangenheit sehenswert.,die,Non-MRW,Non-MRW
W_373,11,Neben den Casinos im Süden der Halbinsel sind gerade die alten Kolonialbauten aus der portugiesischen Vergangenheit sehenswert.,alten,Non-MRW,Non-MRW
W_373,12,Neben den Casinos im Süden der Halbinsel sind gerade die alten Kolonialbauten aus der portugiesischen Vergangenheit sehenswert.,Kolonialbauten,Non-MRW,Non-MRW
W_373,13,Neben den Casinos im Süden der Halbinsel sind gerade die alten Kolonialbauten aus der portugiesischen Vergangenheit sehenswert.,aus,MRW,indirect
W_373,14,Neben den Casinos im Süden der Halbinsel sind gerade die alten Kolonialbauten aus der portugiesischen Vergangenheit sehenswert.,der,Non-MRW,Non-MRW
W_373,15,Neben den Casinos im Süden der Halbinsel sind gerade die alten Kolonialbauten aus der portugiesischen Vergangenheit sehenswert.,portugiesischen,Non-MRW,Non-MRW
W_373,16,Neben den Casinos im Süden der Halbinsel sind gerade die alten Kolonialbauten aus der portugiesischen Vergangenheit sehenswert.,Vergangenheit,MRW,indirect
W_373,17,Neben den Casinos im Süden der Halbinsel sind gerade die alten Kolonialbauten aus der portugiesischen Vergangenheit sehenswert.,sehenswert,Non-MRW,Non-MRW
W_530,1,"Im Inselkern, eingerahmt vom Deich, befinden sich die Äcker, Strassen, Höfe und auch alle anderen Gebäude der Insel sicher geschützt vor Sturmfluten und Überschwemmungen.",Im,MRW,indirect
W_530,2a,"Im Inselkern, eingerahmt vom Deich, befinden sich die Äcker, Strassen, Höfe und auch alle anderen Gebäude der Insel sicher geschützt vor Sturmfluten und Überschwemmungen.",Insel,Non-MRW,Non-MRW
W_530,2b,"Im Inselkern, eingerahmt vom Deich, befinden sich die Äcker, Strassen, Höfe und auch alle anderen Gebäude der Insel sicher geschützt vor Sturmfluten und Überschwemmungen.",kern,MRW,indirect
W_530,3,"Im Inselkern, eingerahmt vom Deich, befinden sich die Äcker, Strassen, Höfe und auch alle anderen Gebäude der Insel sicher geschützt vor Sturmfluten und Überschwemmungen.",eingerahmt,MRW,indirect
W_530,4,"Im Inselkern, eingerahmt vom Deich, befinden sich die Äcker, Strassen, Höfe und auch alle anderen Gebäude der Insel sicher geschützt vor Sturmfluten und Überschwemmungen.",vom,Non-MRW,Non-MRW
W_530,5,"Im Inselkern, eingerahmt vom Deich, befinden sich die Äcker, Strassen, Höfe und auch alle anderen Gebäude der Insel sicher geschützt vor Sturmfluten und Überschwemmungen.",Deich,Non-MRW,Non-MRW
W_530,6,"Im Inselkern, eingerahmt vom Deich, befinden sich die Äcker, Strassen, Höfe und auch alle anderen Gebäude der Insel sicher geschützt vor Sturmfluten und Überschwemmungen.",befinden,Non-MRW,Non-MRW
W_530,7,"Im Inselkern, eingerahmt vom Deich, befinden sich die Äcker, Strassen, Höfe und auch alle anderen Gebäude der Insel sicher geschützt vor Sturmfluten und Überschwemmungen.",sich,MWE,MWE
W_530,8,"Im Inselkern, eingerahmt vom Deich, befinden sich die Äcker, Strassen, Höfe und auch alle anderen Gebäude der Insel sicher geschützt vor Sturmfluten und Überschwemmungen.",die,Non-MRW,Non-MRW
W_530,9,"Im Inselkern, eingerahmt vom Deich, befinden sich die Äcker, Strassen, Höfe und auch alle anderen Gebäude der Insel sicher geschützt vor Sturmfluten und Überschwemmungen.",Äcker,Non-MRW,Non-MRW
W_530,10,"Im Inselkern, eingerahmt vom Deich, befinden sich die Äcker, Strassen, Höfe und auch alle anderen Gebäude der Insel sicher geschützt vor Sturmfluten und Überschwemmungen.",Strassen,Non-MRW,Non-MRW
W_530,11,"Im Inselkern, eingerahmt vom Deich, befinden sich die Äcker, Strassen, Höfe und auch alle anderen Gebäude der Insel sicher geschützt vor Sturmfluten und Überschwemmungen.",Höfe,Non-MRW,Non-MRW
W_530,12,"Im Inselkern, eingerahmt vom Deich, befinden sich die Äcker, Strassen, Höfe und auch alle anderen Gebäude der Insel sicher geschützt vor Sturmfluten und Überschwemmungen.",und,Non-MRW,Non-MRW
W_530,13,"Im Inselkern, eingerahmt vom Deich, befinden sich die Äcker, Strassen, Höfe und auch alle anderen Gebäude der Insel sicher geschützt vor Sturmfluten und Überschwemmungen.",auch,Non-MRW,Non-MRW
W_530,14,"Im Inselkern, eingerahmt vom Deich, befinden sich die Äcker, Strassen, Höfe und auch alle anderen Gebäude der Insel sicher geschützt vor Sturmfluten und Überschwemmungen.",alle,Non-MRW,Non-MRW
W_530,15,"Im Inselkern, eingerahmt vom Deich, befinden sich die Äcker, Strassen, Höfe und auch alle anderen Gebäude der Insel sicher geschützt vor Sturmfluten und Überschwemmungen.",anderen,Non-MRW,Non-MRW
W_530,16,"Im Inselkern, eingerahmt vom Deich, befinden sich die Äcker, Strassen, Höfe und auch alle anderen Gebäude der Insel sicher geschützt vor Sturmfluten und Überschwemmungen.",Gebäude,Non-MRW,Non-MRW
W_530,17,"Im Inselkern, eingerahmt vom Deich, befinden sich die Äcker, Strassen, Höfe und auch alle anderen Gebäude der Insel sicher geschützt vor Sturmfluten und Überschwemmungen.",der,Non-MRW,Non-MRW
W_530,18,"Im Inselkern, eingerahmt vom Deich, befinden sich die Äcker, Strassen, Höfe und auch alle anderen Gebäude der Insel sicher geschützt vor Sturmfluten und Überschwemmungen.",Insel,Non-MRW,Non-MRW
W_530,19,"Im Inselkern, eingerahmt vom Deich, befinden sich die Äcker, Strassen, Höfe und auch alle anderen Gebäude der Insel sicher geschützt vor Sturmfluten und Überschwemmungen.",sicher,Non-MRW,Non-MRW
W_530,20,"Im Inselkern, eingerahmt vom Deich, befinden sich die Äcker, Strassen, Höfe und auch alle anderen Gebäude der Insel sicher geschützt vor Sturmfluten und Überschwemmungen.",geschützt,Non-MRW,Non-MRW
W_530,21,"Im Inselkern, eingerahmt vom Deich, befinden sich die Äcker, Strassen, Höfe und auch alle anderen Gebäude der Insel sicher geschützt vor Sturmfluten und Überschwemmungen.",vor,MRW,indirect
W_530,22a,"Im Inselkern, eingerahmt vom Deich, befinden sich die Äcker, Strassen, Höfe und auch alle anderen Gebäude der Insel sicher geschützt vor Sturmfluten und Überschwemmungen.",Sturmfluten,Non-MRW,Non-MRW
W_530,23,"Im Inselkern, eingerahmt vom Deich, befinden sich die Äcker, Strassen, Höfe und auch alle anderen Gebäude der Insel sicher geschützt vor Sturmfluten und Überschwemmungen.",und,Non-MRW,Non-MRW
W_530,24,"Im Inselkern, eingerahmt vom Deich, befinden sich die Äcker, Strassen, Höfe und auch alle anderen Gebäude der Insel sicher geschützt vor Sturmfluten und Überschwemmungen.",Überschwemmungen,Non-MRW,Non-MRW
W_209,1,"Teile des Gebietes werden aber seit den 1960er Jahren als Erholungsgebiet genutzt und es finden sich im unmittelbaren Umfeld der Bergbauflächen neben einem Waldbad, ein Campingplatz und mehrere Bungalowsiedlungen.",Teile,Non-MRW,Non-MRW
W_209,2,"Teile des Gebietes werden aber seit den 1960er Jahren als Erholungsgebiet genutzt und es finden sich im unmittelbaren Umfeld der Bergbauflächen neben einem Waldbad, ein Campingplatz und mehrere Bungalowsiedlungen.",des,Non-MRW,Non-MRW
W_209,3,"Teile des Gebietes werden aber seit den 1960er Jahren als Erholungsgebiet genutzt und es finden sich im unmittelbaren Umfeld der Bergbauflächen neben einem Waldbad, ein Campingplatz und mehrere Bungalowsiedlungen.",Gebietes,Non-MRW,Non-MRW
W_209,4,"Teile des Gebietes werden aber seit den 1960er Jahren als Erholungsgebiet genutzt und es finden sich im unmittelbaren Umfeld der Bergbauflächen neben einem Waldbad, ein Campingplatz und mehrere Bungalowsiedlungen.",werden,Non-MRW,Non-MRW
W_209,5,"Teile des Gebietes werden aber seit den 1960er Jahren als Erholungsgebiet genutzt und es finden sich im unmittelbaren Umfeld der Bergbauflächen neben einem Waldbad, ein Campingplatz und mehrere Bungalowsiedlungen.",aber,Non-MRW,Non-MRW
W_209,6,"Teile des Gebietes werden aber seit den 1960er Jahren als Erholungsgebiet genutzt und es finden sich im unmittelbaren Umfeld der Bergbauflächen neben einem Waldbad, ein Campingplatz und mehrere Bungalowsiedlungen.",seit,Non-MRW,Non-MRW
W_209,7,"Teile des Gebietes werden aber seit den 1960er Jahren als Erholungsgebiet genutzt und es finden sich im unmittelbaren Umfeld der Bergbauflächen neben einem Waldbad, ein Campingplatz und mehrere Bungalowsiedlungen.",den,Non-MRW,Non-MRW
W_209,8,"Teile des Gebietes werden aber seit den 1960er Jahren als Erholungsgebiet genutzt und es finden sich im unmittelbaren Umfeld der Bergbauflächen neben einem Waldbad, ein Campingplatz und mehrere Bungalowsiedlungen.",er,Non-MRW,Non-MRW
W_209,9,"Teile des Gebietes werden aber seit den 1960er Jahren als Erholungsgebiet genutzt und es finden sich im unmittelbaren Umfeld der Bergbauflächen neben einem Waldbad, ein Campingplatz und mehrere Bungalowsiedlungen.",Jahren,Non-MRW,Non-MRW
W_209,10,"Teile des Gebietes werden aber seit den 1960er Jahren als Erholungsgebiet genutzt und es finden sich im unmittelbaren Umfeld der Bergbauflächen neben einem Waldbad, ein Campingplatz und mehrere Bungalowsiedlungen.",als,Non-MRW,Non-MRW
W_209,11,"Teile des Gebietes werden aber seit den 1960er Jahren als Erholungsgebiet genutzt und es finden sich im unmittelbaren Umfeld der Bergbauflächen neben einem Waldbad, ein Campingplatz und mehrere Bungalowsiedlungen.",Erholungsgebiet,Non-MRW,Non-MRW
W_209,12,"Teile des Gebietes werden aber seit den 1960er Jahren als Erholungsgebiet genutzt und es finden sich im unmittelbaren Umfeld der Bergbauflächen neben einem Waldbad, ein Campingplatz und mehrere Bungalowsiedlungen.",genutzt,Non-MRW,Non-MRW
W_209,13,"Teile des Gebietes werden aber seit den 1960er Jahren als Erholungsgebiet genutzt und es finden sich im unmittelbaren Umfeld der Bergbauflächen neben einem Waldbad, ein Campingplatz und mehrere Bungalowsiedlungen.",und,Non-MRW,Non-MRW
W_209,14,"Teile des Gebietes werden aber seit den 1960er Jahren als Erholungsgebiet genutzt und es finden sich im unmittelbaren Umfeld der Bergbauflächen neben einem Waldbad, ein Campingplatz und mehrere Bungalowsiedlungen.",es,Non-MRW,Non-MRW
W_209,15,"Teile des Gebietes werden aber seit den 1960er Jahren als Erholungsgebiet genutzt und es finden sich im unmittelbaren Umfeld der Bergbauflächen neben einem Waldbad, ein Campingplatz und mehrere Bungalowsiedlungen.",finden,MRW,indirect
W_209,16,"Teile des Gebietes werden aber seit den 1960er Jahren als Erholungsgebiet genutzt und es finden sich im unmittelbaren Umfeld der Bergbauflächen neben einem Waldbad, ein Campingplatz und mehrere Bungalowsiedlungen.",sich,MWE,MWE
W_209,17,"Teile des Gebietes werden aber seit den 1960er Jahren als Erholungsgebiet genutzt und es finden sich im unmittelbaren Umfeld der Bergbauflächen neben einem Waldbad, ein Campingplatz und mehrere Bungalowsiedlungen.",im,MRW,indirect
W_209,18,"Teile des Gebietes werden aber seit den 1960er Jahren als Erholungsgebiet genutzt und es finden sich im unmittelbaren Umfeld der Bergbauflächen neben einem Waldbad, ein Campingplatz und mehrere Bungalowsiedlungen.",unmittelbaren,Non-MRW,Non-MRW
W_209,19,"Teile des Gebietes werden aber seit den 1960er Jahren als Erholungsgebiet genutzt und es finden sich im unmittelbaren Umfeld der Bergbauflächen neben einem Waldbad, ein Campingplatz und mehrere Bungalowsiedlungen.",Umfeld,Non-MRW,Non-MRW
W_209,20,"Teile des Gebietes werden aber seit den 1960er Jahren als Erholungsgebiet genutzt und es finden sich im unmittelbaren Umfeld der Bergbauflächen neben einem Waldbad, ein Campingplatz und mehrere Bungalowsiedlungen.",der,Non-MRW,Non-MRW
W_209,21,"Teile des Gebietes werden aber seit den 1960er Jahren als Erholungsgebiet genutzt und es finden sich im unmittelbaren Umfeld der Bergbauflächen neben einem Waldbad, ein Campingplatz und mehrere Bungalowsiedlungen.",Bergbauflächen,Non-MRW,Non-MRW
W_209,22,"Teile des Gebietes werden aber seit den 1960er Jahren als Erholungsgebiet genutzt und es finden sich im unmittelbaren Umfeld der Bergbauflächen neben einem Waldbad, ein Campingplatz und mehrere Bungalowsiedlungen.",neben,MRW,indirect
W_209,23,"Teile des Gebietes werden aber seit den 1960er Jahren als Erholungsgebiet genutzt und es finden sich im unmittelbaren Umfeld der Bergbauflächen neben einem Waldbad, ein Campingplatz und mehrere Bungalowsiedlungen.",einem,Non-MRW,Non-MRW
W_209,24,"Teile des Gebietes werden aber seit den 1960er Jahren als Erholungsgebiet genutzt und es finden sich im unmittelbaren Umfeld der Bergbauflächen neben einem Waldbad, ein Campingplatz und mehrere Bungalowsiedlungen.",Waldbad,Non-MRW,Non-MRW
W_209,25,"Teile des Gebietes werden aber seit den 1960er Jahren als Erholungsgebiet genutzt und es finden sich im unmittelbaren Umfeld der Bergbauflächen neben einem Waldbad, ein Campingplatz und mehrere Bungalowsiedlungen.",ein,Non-MRW,Non-MRW
W_209,26,"Teile des Gebietes werden aber seit den 1960er Jahren als Erholungsgebiet genutzt und es finden sich im unmittelbaren Umfeld der Bergbauflächen neben einem Waldbad, ein Campingplatz und mehrere Bungalowsiedlungen.",Campingplatz,Non-MRW,Non-MRW
W_209,27,"Teile des Gebietes werden aber seit den 1960er Jahren als Erholungsgebiet genutzt und es finden sich im unmittelbaren Umfeld der Bergbauflächen neben einem Waldbad, ein Campingplatz und mehrere Bungalowsiedlungen.",und,Non-MRW,Non-MRW
W_209,28,"Teile des Gebietes werden aber seit den 1960er Jahren als Erholungsgebiet genutzt und es finden sich im unmittelbaren Umfeld der Bergbauflächen neben einem Waldbad, ein Campingplatz und mehrere Bungalowsiedlungen.",mehrere,Non-MRW,Non-MRW
W_209,29,"Teile des Gebietes werden aber seit den 1960er Jahren als Erholungsgebiet genutzt und es finden sich im unmittelbaren Umfeld der Bergbauflächen neben einem Waldbad, ein Campingplatz und mehrere Bungalowsiedlungen.",Bungalowsiedlungen,Non-MRW,Non-MRW
W_761,1,Es herrscht ein quirliges Leben in der knapp 20 000 Einwohner großen Stadt.,Es,Non-MRW,Non-MRW
W_761,2,Es herrscht ein quirliges Leben in der knapp 20 000 Einwohner großen Stadt.,herrscht,MRW,indirect
W_761,3,Es herrscht ein quirliges Leben in der knapp 20 000 Einwohner großen Stadt.,ein,Non-MRW,Non-MRW
W_761,4,Es herrscht ein quirliges Leben in der knapp 20 000 Einwohner großen Stadt.,quirliges,MRW,indirect
W_761,5,Es herrscht ein quirliges Leben in der knapp 20 000 Einwohner großen Stadt.,Leben,MRW,indirect
W_761,6,Es herrscht ein quirliges Leben in der knapp 20 000 Einwohner großen Stadt.,in,MRW,indirect
W_761,7,Es herrscht ein quirliges Leben in der knapp 20 000 Einwohner großen Stadt.,der,Non-MRW,Non-MRW
W_761,8,Es herrscht ein quirliges Leben in der knapp 20 000 Einwohner großen Stadt.,knapp,Non-MRW,Non-MRW
W_761,9,Es herrscht ein quirliges Leben in der knapp 20 000 Einwohner großen Stadt.,Einwohner,Non-MRW,Non-MRW
W_761,10,Es herrscht ein quirliges Leben in der knapp 20 000 Einwohner großen Stadt.,großen,WIDLII,WIDLII
W_761,11,Es herrscht ein quirliges Leben in der knapp 20 000 Einwohner großen Stadt.,Stadt,Non-MRW,Non-MRW
W_344,1,"Nur 2 Kilometer vom Stadtzentrum entfernt, direkt unter der Festing Ruzafa, liegt auf einer ruhigen Halbinsel der Campingplatz Legjenda mit angeschlossenem tollen Restaurant.",Nur,Non-MRW,Non-MRW
W_344,2,"Nur 2 Kilometer vom Stadtzentrum entfernt, direkt unter der Festing Ruzafa, liegt auf einer ruhigen Halbinsel der Campingplatz Legjenda mit angeschlossenem tollen Restaurant.",Kilometer,Non-MRW,Non-MRW
W_344,3,"Nur 2 Kilometer vom Stadtzentrum entfernt, direkt unter der Festing Ruzafa, liegt auf einer ruhigen Halbinsel der Campingplatz Legjenda mit angeschlossenem tollen Restaurant.",vom,Non-MRW,Non-MRW
W_344,4,"Nur 2 Kilometer vom Stadtzentrum entfernt, direkt unter der Festing Ruzafa, liegt auf einer ruhigen Halbinsel der Campingplatz Legjenda mit angeschlossenem tollen Restaurant.",Stadtzentrum,Non-MRW,Non-MRW
W_344,5,"Nur 2 Kilometer vom Stadtzentrum entfernt, direkt unter der Festing Ruzafa, liegt auf einer ruhigen Halbinsel der Campingplatz Legjenda mit angeschlossenem tollen Restaurant.",entfernt,Non-MRW,Non-MRW
W_344,6,"Nur 2 Kilometer vom Stadtzentrum entfernt, direkt unter der Festing Ruzafa, liegt auf einer ruhigen Halbinsel der Campingplatz Legjenda mit angeschlossenem tollen Restaurant.",direkt,Non-MRW,Non-MRW
W_344,7,"Nur 2 Kilometer vom Stadtzentrum entfernt, direkt unter der Festing Ruzafa, liegt auf einer ruhigen Halbinsel der Campingplatz Legjenda mit angeschlossenem tollen Restaurant.",unter,Non-MRW,Non-MRW
W_344,8,"Nur 2 Kilometer vom Stadtzentrum entfernt, direkt unter der Festing Ruzafa, liegt auf einer ruhigen Halbinsel der Campingplatz Legjenda mit angeschlossenem tollen Restaurant.",der,Non-MRW,Non-MRW
W_344,9,"Nur 2 Kilometer vom Stadtzentrum entfernt, direkt unter der Festing Ruzafa, liegt auf einer ruhigen Halbinsel der Campingplatz Legjenda mit angeschlossenem tollen Restaurant.",Festing,Non-MRW,Non-MRW
W_344,10,"Nur 2 Kilometer vom Stadtzentrum entfernt, direkt unter der Festing Ruzafa, liegt auf einer ruhigen Halbinsel der Campingplatz Legjenda mit angeschlossenem tollen Restaurant.",Ruzafa,MWE,MWE
W_344,11,"Nur 2 Kilometer vom Stadtzentrum entfernt, direkt unter der Festing Ruzafa, liegt auf einer ruhigen Halbinsel der Campingplatz Legjenda mit angeschlossenem tollen Restaurant.",liegt,MRW,indirect
W_344,12,"Nur 2 Kilometer vom Stadtzentrum entfernt, direkt unter der Festing Ruzafa, liegt auf einer ruhigen Halbinsel der Campingplatz Legjenda mit angeschlossenem tollen Restaurant.",auf,MRW,indirect
W_344,13,"Nur 2 Kilometer vom Stadtzentrum entfernt, direkt unter der Festing Ruzafa, liegt auf einer ruhigen Halbinsel der Campingplatz Legjenda mit angeschlossenem tollen Restaurant.",einer,Non-MRW,Non-MRW
W_344,14,"Nur 2 Kilometer vom Stadtzentrum entfernt, direkt unter der Festing Ruzafa, liegt auf einer ruhigen Halbinsel der Campingplatz Legjenda mit angeschlossenem tollen Restaurant.",ruhigen,Non-MRW,Non-MRW
W_344,15,"Nur 2 Kilometer vom Stadtzentrum entfernt, direkt unter der Festing Ruzafa, liegt auf einer ruhigen Halbinsel der Campingplatz Legjenda mit angeschlossenem tollen Restaurant.",Halbinsel,Non-MRW,Non-MRW
W_344,16,"Nur 2 Kilometer vom Stadtzentrum entfernt, direkt unter der Festing Ruzafa, liegt auf einer ruhigen Halbinsel der Campingplatz Legjenda mit angeschlossenem tollen Restaurant.",der,Non-MRW,Non-MRW
W_344,17,"Nur 2 Kilometer vom Stadtzentrum entfernt, direkt unter der Festing Ruzafa, liegt auf einer ruhigen Halbinsel der Campingplatz Legjenda mit angeschlossenem tollen Restaurant.",Campingplatz,Non-MRW,Non-MRW
W_344,18,"Nur 2 Kilometer vom Stadtzentrum entfernt, direkt unter der Festing Ruzafa, liegt auf einer ruhigen Halbinsel der Campingplatz Legjenda mit angeschlossenem tollen Restaurant.",Legjenda,Non-MRW,Non-MRW
W_344,19,"Nur 2 Kilometer vom Stadtzentrum entfernt, direkt unter der Festing Ruzafa, liegt auf einer ruhigen Halbinsel der Campingplatz Legjenda mit angeschlossenem tollen Restaurant.",mit,Non-MRW,Non-MRW
W_344,20,"Nur 2 Kilometer vom Stadtzentrum entfernt, direkt unter der Festing Ruzafa, liegt auf einer ruhigen Halbinsel der Campingplatz Legjenda mit angeschlossenem tollen Restaurant.",angeschlossenem,MRW,indirect
W_344,21,"Nur 2 Kilometer vom Stadtzentrum entfernt, direkt unter der Festing Ruzafa, liegt auf einer ruhigen Halbinsel der Campingplatz Legjenda mit angeschlossenem tollen Restaurant.",tollen,Non-MRW,Non-MRW
W_344,22,"Nur 2 Kilometer vom Stadtzentrum entfernt, direkt unter der Festing Ruzafa, liegt auf einer ruhigen Halbinsel der Campingplatz Legjenda mit angeschlossenem tollen Restaurant.",Restaurant,Non-MRW,Non-MRW
W_544,1,Bei Nablus liegen die Ruinen der antiken Stadt Samaria. .,Bei,MRW,indirect
W_544,2,Bei Nablus liegen die Ruinen der antiken Stadt Samaria. .,Nablus,Non-MRW,Non-MRW
W_544,3,Bei Nablus liegen die Ruinen der antiken Stadt Samaria. .,liegen,MRW,indirect
W_544,4,Bei Nablus liegen die Ruinen der antiken Stadt Samaria. .,die,Non-MRW,Non-MRW
W_544,5,Bei Nablus liegen die Ruinen der antiken Stadt Samaria. .,Ruinen,Non-MRW,Non-MRW
W_544,6,Bei Nablus liegen die Ruinen der antiken Stadt Samaria. .,der,Non-MRW,Non-MRW
W_544,7,Bei Nablus liegen die Ruinen der antiken Stadt Samaria. .,antiken,Non-MRW,Non-MRW
W_544,8,Bei Nablus liegen die Ruinen der antiken Stadt Samaria. .,Stadt,Non-MRW,Non-MRW
W_544,9,Bei Nablus liegen die Ruinen der antiken Stadt Samaria. .,Samaria,Non-MRW,Non-MRW
W_733,1,"Eine frei zugängliche, öffentliche Toilettenanlage befindet sich am Rathaus oberhalb des Marktplatzes.",Eine,Non-MRW,Non-MRW
W_733,2,"Eine frei zugängliche, öffentliche Toilettenanlage befindet sich am Rathaus oberhalb des Marktplatzes.",frei,Non-MRW,Non-MRW
W_733,3,"Eine frei zugängliche, öffentliche Toilettenanlage befindet sich am Rathaus oberhalb des Marktplatzes.",zugängliche,Non-MRW,Non-MRW
W_733,4,"Eine frei zugängliche, öffentliche Toilettenanlage befindet sich am Rathaus oberhalb des Marktplatzes.",öffentliche,Non-MRW,Non-MRW
W_733,5,"Eine frei zugängliche, öffentliche Toilettenanlage befindet sich am Rathaus oberhalb des Marktplatzes.",Toilettenanlage,Non-MRW,Non-MRW
W_733,6,"Eine frei zugängliche, öffentliche Toilettenanlage befindet sich am Rathaus oberhalb des Marktplatzes.",befindet,Non-MRW,Non-MRW
W_733,7,"Eine frei zugängliche, öffentliche Toilettenanlage befindet sich am Rathaus oberhalb des Marktplatzes.",sich,MWE,MWE
W_733,8,"Eine frei zugängliche, öffentliche Toilettenanlage befindet sich am Rathaus oberhalb des Marktplatzes.",am,Non-MRW,Non-MRW
W_733,9,"Eine frei zugängliche, öffentliche Toilettenanlage befindet sich am Rathaus oberhalb des Marktplatzes.",Rathaus,Non-MRW,Non-MRW
W_733,10,"Eine frei zugängliche, öffentliche Toilettenanlage befindet sich am Rathaus oberhalb des Marktplatzes.",oberhalb,MRW,indirect
W_733,11,"Eine frei zugängliche, öffentliche Toilettenanlage befindet sich am Rathaus oberhalb des Marktplatzes.",des,Non-MRW,Non-MRW
W_733,12,"Eine frei zugängliche, öffentliche Toilettenanlage befindet sich am Rathaus oberhalb des Marktplatzes.",Marktplatzes,Non-MRW,Non-MRW
W_122,1,"Painted Post, ein Vorort von Corning, besitzt ein niedliches Geschichtsmuseum.",Painted,Non-MRW,Non-MRW
W_122,2,"Painted Post, ein Vorort von Corning, besitzt ein niedliches Geschichtsmuseum.",Post,MWE,MWE
W_122,3,"Painted Post, ein Vorort von Corning, besitzt ein niedliches Geschichtsmuseum.",ein,Non-MRW,Non-MRW
W_122,4,"Painted Post, ein Vorort von Corning, besitzt ein niedliches Geschichtsmuseum.",Vorort,Non-MRW,Non-MRW
W_122,5,"Painted Post, ein Vorort von Corning, besitzt ein niedliches Geschichtsmuseum.",von,Non-MRW,Non-MRW
W_122,6,"Painted Post, ein Vorort von Corning, besitzt ein niedliches Geschichtsmuseum.",Corning,Non-MRW,Non-MRW
W_122,7,"Painted Post, ein Vorort von Corning, besitzt ein niedliches Geschichtsmuseum.",besitzt,MRW,indirect
W_122,8,"Painted Post, ein Vorort von Corning, besitzt ein niedliches Geschichtsmuseum.",ein,Non-MRW,Non-MRW
W_122,9,"Painted Post, ein Vorort von Corning, besitzt ein niedliches Geschichtsmuseum.",niedliches,Non-MRW,Non-MRW
W_122,10,"Painted Post, ein Vorort von Corning, besitzt ein niedliches Geschichtsmuseum.",Geschichtsmuseum,Non-MRW,Non-MRW
W_407,1,"Im Park befinden sich eine Orangerie, ein Lusthäuschen und andere Bauten.",Im,MRW,indirect
W_407,2,"Im Park befinden sich eine Orangerie, ein Lusthäuschen und andere Bauten.",Park,Non-MRW,Non-MRW
W_407,3,"Im Park befinden sich eine Orangerie, ein Lusthäuschen und andere Bauten.",befinden,Non-MRW,Non-MRW
W_407,4,"Im Park befinden sich eine Orangerie, ein Lusthäuschen und andere Bauten.",sich,MWE,MWE
W_407,5,"Im Park befinden sich eine Orangerie, ein Lusthäuschen und andere Bauten.",eine,Non-MRW,Non-MRW
W_407,6,"Im Park befinden sich eine Orangerie, ein Lusthäuschen und andere Bauten.",Orangerie,Non-MRW,Non-MRW
W_407,7,"Im Park befinden sich eine Orangerie, ein Lusthäuschen und andere Bauten.",ein,Non-MRW,Non-MRW
W_407,8,"Im Park befinden sich eine Orangerie, ein Lusthäuschen und andere Bauten.",Lusthäuschen,Non-MRW,Non-MRW
W_407,9,"Im Park befinden sich eine Orangerie, ein Lusthäuschen und andere Bauten.",und,Non-MRW,Non-MRW
W_407,10,"Im Park befinden sich eine Orangerie, ein Lusthäuschen und andere Bauten.",andere,Non-MRW,Non-MRW
W_407,11,"Im Park befinden sich eine Orangerie, ein Lusthäuschen und andere Bauten.",Bauten,Non-MRW,Non-MRW
W_100,1,Der Park verläuft L-förmig um den Festungshügel.,Der,Non-MRW,Non-MRW
W_100,2,Der Park verläuft L-förmig um den Festungshügel.,Park,Non-MRW,Non-MRW
W_100,3,Der Park verläuft L-förmig um den Festungshügel.,verläuft,Non-MRW,Non-MRW
W_100,4,Der Park verläuft L-förmig um den Festungshügel.,L-förmig,Non-MRW,Non-MRW
W_100,5,Der Park verläuft L-förmig um den Festungshügel.,um,Non-MRW,Non-MRW
W_100,6,Der Park verläuft L-förmig um den Festungshügel.,den,Non-MRW,Non-MRW
W_100,7,Der Park verläuft L-förmig um den Festungshügel.,Festungshügel,Non-MRW,Non-MRW
W_422,1,Über der Stadt die imposante Ruine der Burg Kohren aus dem Hochmittelalter.,Über,MRW,indirect
W_422,2,Über der Stadt die imposante Ruine der Burg Kohren aus dem Hochmittelalter.,der,Non-MRW,Non-MRW
W_422,3,Über der Stadt die imposante Ruine der Burg Kohren aus dem Hochmittelalter.,Stadt,Non-MRW,Non-MRW
W_422,4,Über der Stadt die imposante Ruine der Burg Kohren aus dem Hochmittelalter.,die,Non-MRW,Non-MRW
W_422,5,Über der Stadt die imposante Ruine der Burg Kohren aus dem Hochmittelalter.,imposante,Non-MRW,Non-MRW
W_422,6,Über der Stadt die imposante Ruine der Burg Kohren aus dem Hochmittelalter.,Ruine,Non-MRW,Non-MRW
W_422,7,Über der Stadt die imposante Ruine der Burg Kohren aus dem Hochmittelalter.,der,Non-MRW,Non-MRW
W_422,8,Über der Stadt die imposante Ruine der Burg Kohren aus dem Hochmittelalter.,Burg,Non-MRW,Non-MRW
W_422,9,Über der Stadt die imposante Ruine der Burg Kohren aus dem Hochmittelalter.,Kohren,Non-MRW,Non-MRW
W_422,10,Über der Stadt die imposante Ruine der Burg Kohren aus dem Hochmittelalter.,aus,MRW,indirect
W_422,11,Über der Stadt die imposante Ruine der Burg Kohren aus dem Hochmittelalter.,dem,Non-MRW,Non-MRW
W_422,12,Über der Stadt die imposante Ruine der Burg Kohren aus dem Hochmittelalter.,Hochmittelalter,Non-MRW,Non-MRW
W_163,1,"Baggersee Schweinfurt (am Schwebheimer Wald): Rasenstrand, 1 Kilometer lang, Sandstrand mit großen Kinderspielplatz auf einer Halbinsel, Insel, nur für Schwimmer erreichbar, Wasserwachtstation, Beachcafé, Beachvolleyball, Tischtennis, Grillplätze im Schatten, im Kiefernwald, Hochseilgarten (siehe Klettern), Ausreichend kostenfreie Parkplätze aus Richtung Innenstadt/Hafen-West, aber sehr staubig!",Baggersee,Non-MRW,Non-MRW
W_163,2,"Baggersee Schweinfurt (am Schwebheimer Wald): Rasenstrand, 1 Kilometer lang, Sandstrand mit großen Kinderspielplatz auf einer Halbinsel, Insel, nur für Schwimmer erreichbar, Wasserwachtstation, Beachcafé, Beachvolleyball, Tischtennis, Grillplätze im Schatten, im Kiefernwald, Hochseilgarten (siehe Klettern), Ausreichend kostenfreie Parkplätze aus Richtung Innenstadt/Hafen-West, aber sehr staubig!",Schweinfurt,Non-MRW,Non-MRW
W_163,3,"Baggersee Schweinfurt (am Schwebheimer Wald): Rasenstrand, 1 Kilometer lang, Sandstrand mit großen Kinderspielplatz auf einer Halbinsel, Insel, nur für Schwimmer erreichbar, Wasserwachtstation, Beachcafé, Beachvolleyball, Tischtennis, Grillplätze im Schatten, im Kiefernwald, Hochseilgarten (siehe Klettern), Ausreichend kostenfreie Parkplätze aus Richtung Innenstadt/Hafen-West, aber sehr staubig!",am,Non-MRW,Non-MRW
W_163,4,"Baggersee Schweinfurt (am Schwebheimer Wald): Rasenstrand, 1 Kilometer lang, Sandstrand mit großen Kinderspielplatz auf einer Halbinsel, Insel, nur für Schwimmer erreichbar, Wasserwachtstation, Beachcafé, Beachvolleyball, Tischtennis, Grillplätze im Schatten, im Kiefernwald, Hochseilgarten (siehe Klettern), Ausreichend kostenfreie Parkplätze aus Richtung Innenstadt/Hafen-West, aber sehr staubig!",Schwebheimer,Non-MRW,Non-MRW
W_163,5,"Baggersee Schweinfurt (am Schwebheimer Wald): Rasenstrand, 1 Kilometer lang, Sandstrand mit großen Kinderspielplatz auf einer Halbinsel, Insel, nur für Schwimmer erreichbar, Wasserwachtstation, Beachcafé, Beachvolleyball, Tischtennis, Grillplätze im Schatten, im Kiefernwald, Hochseilgarten (siehe Klettern), Ausreichend kostenfreie Parkplätze aus Richtung Innenstadt/Hafen-West, aber sehr staubig!",Wald,MWE,MWE
W_163,6,"Baggersee Schweinfurt (am Schwebheimer Wald): Rasenstrand, 1 Kilometer lang, Sandstrand mit großen Kinderspielplatz auf einer Halbinsel, Insel, nur für Schwimmer erreichbar, Wasserwachtstation, Beachcafé, Beachvolleyball, Tischtennis, Grillplätze im Schatten, im Kiefernwald, Hochseilgarten (siehe Klettern), Ausreichend kostenfreie Parkplätze aus Richtung Innenstadt/Hafen-West, aber sehr staubig!",Rasenstrand,Non-MRW,Non-MRW
W_163,7,"Baggersee Schweinfurt (am Schwebheimer Wald): Rasenstrand, 1 Kilometer lang, Sandstrand mit großen Kinderspielplatz auf einer Halbinsel, Insel, nur für Schwimmer erreichbar, Wasserwachtstation, Beachcafé, Beachvolleyball, Tischtennis, Grillplätze im Schatten, im Kiefernwald, Hochseilgarten (siehe Klettern), Ausreichend kostenfreie Parkplätze aus Richtung Innenstadt/Hafen-West, aber sehr staubig!",Kilometer,Non-MRW,Non-MRW
W_163,8,"Baggersee Schweinfurt (am Schwebheimer Wald): Rasenstrand, 1 Kilometer lang, Sandstrand mit großen Kinderspielplatz auf einer Halbinsel, Insel, nur für Schwimmer erreichbar, Wasserwachtstation, Beachcafé, Beachvolleyball, Tischtennis, Grillplätze im Schatten, im Kiefernwald, Hochseilgarten (siehe Klettern), Ausreichend kostenfreie Parkplätze aus Richtung Innenstadt/Hafen-West, aber sehr staubig!",lang,Non-MRW,Non-MRW
W_163,9,"Baggersee Schweinfurt (am Schwebheimer Wald): Rasenstrand, 1 Kilometer lang, Sandstrand mit großen Kinderspielplatz auf einer Halbinsel, Insel, nur für Schwimmer erreichbar, Wasserwachtstation, Beachcafé, Beachvolleyball, Tischtennis, Grillplätze im Schatten, im Kiefernwald, Hochseilgarten (siehe Klettern), Ausreichend kostenfreie Parkplätze aus Richtung Innenstadt/Hafen-West, aber sehr staubig!",Sandstrand,Non-MRW,Non-MRW
W_163,10,"Baggersee Schweinfurt (am Schwebheimer Wald): Rasenstrand, 1 Kilometer lang, Sandstrand mit großen Kinderspielplatz auf einer Halbinsel, Insel, nur für Schwimmer erreichbar, Wasserwachtstation, Beachcafé, Beachvolleyball, Tischtennis, Grillplätze im Schatten, im Kiefernwald, Hochseilgarten (siehe Klettern), Ausreichend kostenfreie Parkplätze aus Richtung Innenstadt/Hafen-West, aber sehr staubig!",mit,Non-MRW,Non-MRW
W_163,11,"Baggersee Schweinfurt (am Schwebheimer Wald): Rasenstrand, 1 Kilometer lang, Sandstrand mit großen Kinderspielplatz auf einer Halbinsel, Insel, nur für Schwimmer erreichbar, Wasserwachtstation, Beachcafé, Beachvolleyball, Tischtennis, Grillplätze im Schatten, im Kiefernwald, Hochseilgarten (siehe Klettern), Ausreichend kostenfreie Parkplätze aus Richtung Innenstadt/Hafen-West, aber sehr staubig!",großen,Non-MRW,Non-MRW
W_163,12,"Baggersee Schweinfurt (am Schwebheimer Wald): Rasenstrand, 1 Kilometer lang, Sandstrand mit großen Kinderspielplatz auf einer Halbinsel, Insel, nur für Schwimmer erreichbar, Wasserwachtstation, Beachcafé, Beachvolleyball, Tischtennis, Grillplätze im Schatten, im Kiefernwald, Hochseilgarten (siehe Klettern), Ausreichend kostenfreie Parkplätze aus Richtung Innenstadt/Hafen-West, aber sehr staubig!",Kinderspielplatz,Non-MRW,Non-MRW
W_163,13,"Baggersee Schweinfurt (am Schwebheimer Wald): Rasenstrand, 1 Kilometer lang, Sandstrand mit großen Kinderspielplatz auf einer Halbinsel, Insel, nur für Schwimmer erreichbar, Wasserwachtstation, Beachcafé, Beachvolleyball, Tischtennis, Grillplätze im Schatten, im Kiefernwald, Hochseilgarten (siehe Klettern), Ausreichend kostenfreie Parkplätze aus Richtung Innenstadt/Hafen-West, aber sehr staubig!",auf,Non-MRW,Non-MRW
W_163,14,"Baggersee Schweinfurt (am Schwebheimer Wald): Rasenstrand, 1 Kilometer lang, Sandstrand mit großen Kinderspielplatz auf einer Halbinsel, Insel, nur für Schwimmer erreichbar, Wasserwachtstation, Beachcafé, Beachvolleyball, Tischtennis, Grillplätze im Schatten, im Kiefernwald, Hochseilgarten (siehe Klettern), Ausreichend kostenfreie Parkplätze aus Richtung Innenstadt/Hafen-West, aber sehr staubig!",einer,Non-MRW,Non-MRW
W_163,15,"Baggersee Schweinfurt (am Schwebheimer Wald): Rasenstrand, 1 Kilometer lang, Sandstrand mit großen Kinderspielplatz auf einer Halbinsel, Insel, nur für Schwimmer erreichbar, Wasserwachtstation, Beachcafé, Beachvolleyball, Tischtennis, Grillplätze im Schatten, im Kiefernwald, Hochseilgarten (siehe Klettern), Ausreichend kostenfreie Parkplätze aus Richtung Innenstadt/Hafen-West, aber sehr staubig!",Halbinsel,Non-MRW,Non-MRW
W_163,16,"Baggersee Schweinfurt (am Schwebheimer Wald): Rasenstrand, 1 Kilometer lang, Sandstrand mit großen Kinderspielplatz auf einer Halbinsel, Insel, nur für Schwimmer erreichbar, Wasserwachtstation, Beachcafé, Beachvolleyball, Tischtennis, Grillplätze im Schatten, im Kiefernwald, Hochseilgarten (siehe Klettern), Ausreichend kostenfreie Parkplätze aus Richtung Innenstadt/Hafen-West, aber sehr staubig!",Insel,Non-MRW,Non-MRW
W_163,17,"Baggersee Schweinfurt (am Schwebheimer Wald): Rasenstrand, 1 Kilometer lang, Sandstrand mit großen Kinderspielplatz auf einer Halbinsel, Insel, nur für Schwimmer erreichbar, Wasserwachtstation, Beachcafé, Beachvolleyball, Tischtennis, Grillplätze im Schatten, im Kiefernwald, Hochseilgarten (siehe Klettern), Ausreichend kostenfreie Parkplätze aus Richtung Innenstadt/Hafen-West, aber sehr staubig!",nur,Non-MRW,Non-MRW
W_163,18,"Baggersee Schweinfurt (am Schwebheimer Wald): Rasenstrand, 1 Kilometer lang, Sandstrand mit großen Kinderspielplatz auf einer Halbinsel, Insel, nur für Schwimmer erreichbar, Wasserwachtstation, Beachcafé, Beachvolleyball, Tischtennis, Grillplätze im Schatten, im Kiefernwald, Hochseilgarten (siehe Klettern), Ausreichend kostenfreie Parkplätze aus Richtung Innenstadt/Hafen-West, aber sehr staubig!",für,Non-MRW,Non-MRW
W_163,19,"Baggersee Schweinfurt (am Schwebheimer Wald): Rasenstrand, 1 Kilometer lang, Sandstrand mit großen Kinderspielplatz auf einer Halbinsel, Insel, nur für Schwimmer erreichbar, Wasserwachtstation, Beachcafé, Beachvolleyball, Tischtennis, Grillplätze im Schatten, im Kiefernwald, Hochseilgarten (siehe Klettern), Ausreichend kostenfreie Parkplätze aus Richtung Innenstadt/Hafen-West, aber sehr staubig!",Schwimmer,Non-MRW,Non-MRW
W_163,20,"Baggersee Schweinfurt (am Schwebheimer Wald): Rasenstrand, 1 Kilometer lang, Sandstrand mit großen Kinderspielplatz auf einer Halbinsel, Insel, nur für Schwimmer erreichbar, Wasserwachtstation, Beachcafé, Beachvolleyball, Tischtennis, Grillplätze im Schatten, im Kiefernwald, Hochseilgarten (siehe Klettern), Ausreichend kostenfreie Parkplätze aus Richtung Innenstadt/Hafen-West, aber sehr staubig!",erreichbar,Non-MRW,Non-MRW
W_163,21,"Baggersee Schweinfurt (am Schwebheimer Wald): Rasenstrand, 1 Kilometer lang, Sandstrand mit großen Kinderspielplatz auf einer Halbinsel, Insel, nur für Schwimmer erreichbar, Wasserwachtstation, Beachcafé, Beachvolleyball, Tischtennis, Grillplätze im Schatten, im Kiefernwald, Hochseilgarten (siehe Klettern), Ausreichend kostenfreie Parkplätze aus Richtung Innenstadt/Hafen-West, aber sehr staubig!",Wasserwachtstation,Non-MRW,Non-MRW
W_163,22,"Baggersee Schweinfurt (am Schwebheimer Wald): Rasenstrand, 1 Kilometer lang, Sandstrand mit großen Kinderspielplatz auf einer Halbinsel, Insel, nur für Schwimmer erreichbar, Wasserwachtstation, Beachcafé, Beachvolleyball, Tischtennis, Grillplätze im Schatten, im Kiefernwald, Hochseilgarten (siehe Klettern), Ausreichend kostenfreie Parkplätze aus Richtung Innenstadt/Hafen-West, aber sehr staubig!",Beachcaf,Non-MRW,Non-MRW
W_163,23,"Baggersee Schweinfurt (am Schwebheimer Wald): Rasenstrand, 1 Kilometer lang, Sandstrand mit großen Kinderspielplatz auf einer Halbinsel, Insel, nur für Schwimmer erreichbar, Wasserwachtstation, Beachcafé, Beachvolleyball, Tischtennis, Grillplätze im Schatten, im Kiefernwald, Hochseilgarten (siehe Klettern), Ausreichend kostenfreie Parkplätze aus Richtung Innenstadt/Hafen-West, aber sehr staubig!",Beachvolleyball,Non-MRW,Non-MRW
W_163,24,"Baggersee Schweinfurt (am Schwebheimer Wald): Rasenstrand, 1 Kilometer lang, Sandstrand mit großen Kinderspielplatz auf einer Halbinsel, Insel, nur für Schwimmer erreichbar, Wasserwachtstation, Beachcafé, Beachvolleyball, Tischtennis, Grillplätze im Schatten, im Kiefernwald, Hochseilgarten (siehe Klettern), Ausreichend kostenfreie Parkplätze aus Richtung Innenstadt/Hafen-West, aber sehr staubig!",Tischtennis,Non-MRW,Non-MRW
W_163,25,"Baggersee Schweinfurt (am Schwebheimer Wald): Rasenstrand, 1 Kilometer lang, Sandstrand mit großen Kinderspielplatz auf einer Halbinsel, Insel, nur für Schwimmer erreichbar, Wasserwachtstation, Beachcafé, Beachvolleyball, Tischtennis, Grillplätze im Schatten, im Kiefernwald, Hochseilgarten (siehe Klettern), Ausreichend kostenfreie Parkplätze aus Richtung Innenstadt/Hafen-West, aber sehr staubig!",Grillplätze,Non-MRW,Non-MRW
W_163,26,"Baggersee Schweinfurt (am Schwebheimer Wald): Rasenstrand, 1 Kilometer lang, Sandstrand mit großen Kinderspielplatz auf einer Halbinsel, Insel, nur für Schwimmer erreichbar, Wasserwachtstation, Beachcafé, Beachvolleyball, Tischtennis, Grillplätze im Schatten, im Kiefernwald, Hochseilgarten (siehe Klettern), Ausreichend kostenfreie Parkplätze aus Richtung Innenstadt/Hafen-West, aber sehr staubig!",im,MRW,indirect
W_163,27,"Baggersee Schweinfurt (am Schwebheimer Wald): Rasenstrand, 1 Kilometer lang, Sandstrand mit großen Kinderspielplatz auf einer Halbinsel, Insel, nur für Schwimmer erreichbar, Wasserwachtstation, Beachcafé, Beachvolleyball, Tischtennis, Grillplätze im Schatten, im Kiefernwald, Hochseilgarten (siehe Klettern), Ausreichend kostenfreie Parkplätze aus Richtung Innenstadt/Hafen-West, aber sehr staubig!",Schatten,Non-MRW,Non-MRW
W_163,28,"Baggersee Schweinfurt (am Schwebheimer Wald): Rasenstrand, 1 Kilometer lang, Sandstrand mit großen Kinderspielplatz auf einer Halbinsel, Insel, nur für Schwimmer erreichbar, Wasserwachtstation, Beachcafé, Beachvolleyball, Tischtennis, Grillplätze im Schatten, im Kiefernwald, Hochseilgarten (siehe Klettern), Ausreichend kostenfreie Parkplätze aus Richtung Innenstadt/Hafen-West, aber sehr staubig!",im,Non-MRW,Non-MRW
W_163,29,"Baggersee Schweinfurt (am Schwebheimer Wald): Rasenstrand, 1 Kilometer lang, Sandstrand mit großen Kinderspielplatz auf einer Halbinsel, Insel, nur für Schwimmer erreichbar, Wasserwachtstation, Beachcafé, Beachvolleyball, Tischtennis, Grillplätze im Schatten, im Kiefernwald, Hochseilgarten (siehe Klettern), Ausreichend kostenfreie Parkplätze aus Richtung Innenstadt/Hafen-West, aber sehr staubig!",Kiefernwald,Non-MRW,Non-MRW
W_163,30,"Baggersee Schweinfurt (am Schwebheimer Wald): Rasenstrand, 1 Kilometer lang, Sandstrand mit großen Kinderspielplatz auf einer Halbinsel, Insel, nur für Schwimmer erreichbar, Wasserwachtstation, Beachcafé, Beachvolleyball, Tischtennis, Grillplätze im Schatten, im Kiefernwald, Hochseilgarten (siehe Klettern), Ausreichend kostenfreie Parkplätze aus Richtung Innenstadt/Hafen-West, aber sehr staubig!",Hochseilgarten,Non-MRW,Non-MRW
W_163,31,"Baggersee Schweinfurt (am Schwebheimer Wald): Rasenstrand, 1 Kilometer lang, Sandstrand mit großen Kinderspielplatz auf einer Halbinsel, Insel, nur für Schwimmer erreichbar, Wasserwachtstation, Beachcafé, Beachvolleyball, Tischtennis, Grillplätze im Schatten, im Kiefernwald, Hochseilgarten (siehe Klettern), Ausreichend kostenfreie Parkplätze aus Richtung Innenstadt/Hafen-West, aber sehr staubig!",siehe,Non-MRW,Non-MRW
W_163,32,"Baggersee Schweinfurt (am Schwebheimer Wald): Rasenstrand, 1 Kilometer lang, Sandstrand mit großen Kinderspielplatz auf einer Halbinsel, Insel, nur für Schwimmer erreichbar, Wasserwachtstation, Beachcafé, Beachvolleyball, Tischtennis, Grillplätze im Schatten, im Kiefernwald, Hochseilgarten (siehe Klettern), Ausreichend kostenfreie Parkplätze aus Richtung Innenstadt/Hafen-West, aber sehr staubig!",Klettern,Non-MRW,Non-MRW
W_163,33,"Baggersee Schweinfurt (am Schwebheimer Wald): Rasenstrand, 1 Kilometer lang, Sandstrand mit großen Kinderspielplatz auf einer Halbinsel, Insel, nur für Schwimmer erreichbar, Wasserwachtstation, Beachcafé, Beachvolleyball, Tischtennis, Grillplätze im Schatten, im Kiefernwald, Hochseilgarten (siehe Klettern), Ausreichend kostenfreie Parkplätze aus Richtung Innenstadt/Hafen-West, aber sehr staubig!",Ausreichend,Non-MRW,Non-MRW
W_163,34,"Baggersee Schweinfurt (am Schwebheimer Wald): Rasenstrand, 1 Kilometer lang, Sandstrand mit großen Kinderspielplatz auf einer Halbinsel, Insel, nur für Schwimmer erreichbar, Wasserwachtstation, Beachcafé, Beachvolleyball, Tischtennis, Grillplätze im Schatten, im Kiefernwald, Hochseilgarten (siehe Klettern), Ausreichend kostenfreie Parkplätze aus Richtung Innenstadt/Hafen-West, aber sehr staubig!",kostenfreie,Non-MRW,Non-MRW
W_163,35,"Baggersee Schweinfurt (am Schwebheimer Wald): Rasenstrand, 1 Kilometer lang, Sandstrand mit großen Kinderspielplatz auf einer Halbinsel, Insel, nur für Schwimmer erreichbar, Wasserwachtstation, Beachcafé, Beachvolleyball, Tischtennis, Grillplätze im Schatten, im Kiefernwald, Hochseilgarten (siehe Klettern), Ausreichend kostenfreie Parkplätze aus Richtung Innenstadt/Hafen-West, aber sehr staubig!",Parkplätze,Non-MRW,Non-MRW
W_163,36,"Baggersee Schweinfurt (am Schwebheimer Wald): Rasenstrand, 1 Kilometer lang, Sandstrand mit großen Kinderspielplatz auf einer Halbinsel, Insel, nur für Schwimmer erreichbar, Wasserwachtstation, Beachcafé, Beachvolleyball, Tischtennis, Grillplätze im Schatten, im Kiefernwald, Hochseilgarten (siehe Klettern), Ausreichend kostenfreie Parkplätze aus Richtung Innenstadt/Hafen-West, aber sehr staubig!",aus,MRW,indirect
W_163,37,"Baggersee Schweinfurt (am Schwebheimer Wald): Rasenstrand, 1 Kilometer lang, Sandstrand mit großen Kinderspielplatz auf einer Halbinsel, Insel, nur für Schwimmer erreichbar, Wasserwachtstation, Beachcafé, Beachvolleyball, Tischtennis, Grillplätze im Schatten, im Kiefernwald, Hochseilgarten (siehe Klettern), Ausreichend kostenfreie Parkplätze aus Richtung Innenstadt/Hafen-West, aber sehr staubig!",Richtung,Non-MRW,Non-MRW
W_163,38,"Baggersee Schweinfurt (am Schwebheimer Wald): Rasenstrand, 1 Kilometer lang, Sandstrand mit großen Kinderspielplatz auf einer Halbinsel, Insel, nur für Schwimmer erreichbar, Wasserwachtstation, Beachcafé, Beachvolleyball, Tischtennis, Grillplätze im Schatten, im Kiefernwald, Hochseilgarten (siehe Klettern), Ausreichend kostenfreie Parkplätze aus Richtung Innenstadt/Hafen-West, aber sehr staubig!",Innenstadt/Hafen-West,Non-MRW,Non-MRW
W_163,39,"Baggersee Schweinfurt (am Schwebheimer Wald): Rasenstrand, 1 Kilometer lang, Sandstrand mit großen Kinderspielplatz auf einer Halbinsel, Insel, nur für Schwimmer erreichbar, Wasserwachtstation, Beachcafé, Beachvolleyball, Tischtennis, Grillplätze im Schatten, im Kiefernwald, Hochseilgarten (siehe Klettern), Ausreichend kostenfreie Parkplätze aus Richtung Innenstadt/Hafen-West, aber sehr staubig!",aber,Non-MRW,Non-MRW
W_163,40,"Baggersee Schweinfurt (am Schwebheimer Wald): Rasenstrand, 1 Kilometer lang, Sandstrand mit großen Kinderspielplatz auf einer Halbinsel, Insel, nur für Schwimmer erreichbar, Wasserwachtstation, Beachcafé, Beachvolleyball, Tischtennis, Grillplätze im Schatten, im Kiefernwald, Hochseilgarten (siehe Klettern), Ausreichend kostenfreie Parkplätze aus Richtung Innenstadt/Hafen-West, aber sehr staubig!",sehr,Non-MRW,Non-MRW
W_163,41,"Baggersee Schweinfurt (am Schwebheimer Wald): Rasenstrand, 1 Kilometer lang, Sandstrand mit großen Kinderspielplatz auf einer Halbinsel, Insel, nur für Schwimmer erreichbar, Wasserwachtstation, Beachcafé, Beachvolleyball, Tischtennis, Grillplätze im Schatten, im Kiefernwald, Hochseilgarten (siehe Klettern), Ausreichend kostenfreie Parkplätze aus Richtung Innenstadt/Hafen-West, aber sehr staubig!",staubig,Non-MRW,Non-MRW
W_227,1,"Hoch und abgelegen in den Anden ragt die verlassene Minenstadt Sewell, aufgrund ihrer Höhenunterschiede auch ""Stadt der Treppen"" genannt, aus dem Schnee.",Hoch,Non-MRW,Non-MRW
W_227,2,"Hoch und abgelegen in den Anden ragt die verlassene Minenstadt Sewell, aufgrund ihrer Höhenunterschiede auch ""Stadt der Treppen"" genannt, aus dem Schnee.",und,Non-MRW,Non-MRW
W_227,3,"Hoch und abgelegen in den Anden ragt die verlassene Minenstadt Sewell, aufgrund ihrer Höhenunterschiede auch ""Stadt der Treppen"" genannt, aus dem Schnee.",abgelegen,Non-MRW,Non-MRW
W_227,4,"Hoch und abgelegen in den Anden ragt die verlassene Minenstadt Sewell, aufgrund ihrer Höhenunterschiede auch ""Stadt der Treppen"" genannt, aus dem Schnee.",in,MRW,indirect
W_227,5,"Hoch und abgelegen in den Anden ragt die verlassene Minenstadt Sewell, aufgrund ihrer Höhenunterschiede auch ""Stadt der Treppen"" genannt, aus dem Schnee.",den,Non-MRW,Non-MRW
W_227,6,"Hoch und abgelegen in den Anden ragt die verlassene Minenstadt Sewell, aufgrund ihrer Höhenunterschiede auch ""Stadt der Treppen"" genannt, aus dem Schnee.",Anden,Non-MRW,Non-MRW
W_227,7,"Hoch und abgelegen in den Anden ragt die verlassene Minenstadt Sewell, aufgrund ihrer Höhenunterschiede auch ""Stadt der Treppen"" genannt, aus dem Schnee.",ragt,Non-MRW,Non-MRW
W_227,8,"Hoch und abgelegen in den Anden ragt die verlassene Minenstadt Sewell, aufgrund ihrer Höhenunterschiede auch ""Stadt der Treppen"" genannt, aus dem Schnee.",die,Non-MRW,Non-MRW
W_227,9,"Hoch und abgelegen in den Anden ragt die verlassene Minenstadt Sewell, aufgrund ihrer Höhenunterschiede auch ""Stadt der Treppen"" genannt, aus dem Schnee.",verlassene,Non-MRW,Non-MRW
W_227,10,"Hoch und abgelegen in den Anden ragt die verlassene Minenstadt Sewell, aufgrund ihrer Höhenunterschiede auch ""Stadt der Treppen"" genannt, aus dem Schnee.",Minenstadt,Non-MRW,Non-MRW
W_227,11,"Hoch und abgelegen in den Anden ragt die verlassene Minenstadt Sewell, aufgrund ihrer Höhenunterschiede auch ""Stadt der Treppen"" genannt, aus dem Schnee.",Sewell,Non-MRW,Non-MRW
W_227,12,"Hoch und abgelegen in den Anden ragt die verlassene Minenstadt Sewell, aufgrund ihrer Höhenunterschiede auch ""Stadt der Treppen"" genannt, aus dem Schnee.",aufgrund,Non-MRW,Non-MRW
W_227,13,"Hoch und abgelegen in den Anden ragt die verlassene Minenstadt Sewell, aufgrund ihrer Höhenunterschiede auch ""Stadt der Treppen"" genannt, aus dem Schnee.",ihrer,Non-MRW,Non-MRW
W_227,14,"Hoch und abgelegen in den Anden ragt die verlassene Minenstadt Sewell, aufgrund ihrer Höhenunterschiede auch ""Stadt der Treppen"" genannt, aus dem Schnee.",Höhenunterschiede,Non-MRW,Non-MRW
W_227,15,"Hoch und abgelegen in den Anden ragt die verlassene Minenstadt Sewell, aufgrund ihrer Höhenunterschiede auch ""Stadt der Treppen"" genannt, aus dem Schnee.",auch,Non-MRW,Non-MRW
W_227,16,"Hoch und abgelegen in den Anden ragt die verlassene Minenstadt Sewell, aufgrund ihrer Höhenunterschiede auch ""Stadt der Treppen"" genannt, aus dem Schnee.",Stadt,Non-MRW,Non-MRW
W_227,17,"Hoch und abgelegen in den Anden ragt die verlassene Minenstadt Sewell, aufgrund ihrer Höhenunterschiede auch ""Stadt der Treppen"" genannt, aus dem Schnee.",der,Non-MRW,Non-MRW
W_227,18,"Hoch und abgelegen in den Anden ragt die verlassene Minenstadt Sewell, aufgrund ihrer Höhenunterschiede auch ""Stadt der Treppen"" genannt, aus dem Schnee.",Treppen,Non-MRW,Non-MRW
W_227,19,"Hoch und abgelegen in den Anden ragt die verlassene Minenstadt Sewell, aufgrund ihrer Höhenunterschiede auch ""Stadt der Treppen"" genannt, aus dem Schnee.",genannt,Non-MRW,Non-MRW
W_227,20,"Hoch und abgelegen in den Anden ragt die verlassene Minenstadt Sewell, aufgrund ihrer Höhenunterschiede auch ""Stadt der Treppen"" genannt, aus dem Schnee.",aus,Non-MRW,Non-MRW
W_227,21,"Hoch und abgelegen in den Anden ragt die verlassene Minenstadt Sewell, aufgrund ihrer Höhenunterschiede auch ""Stadt der Treppen"" genannt, aus dem Schnee.",dem,Non-MRW,Non-MRW
W_227,22,"Hoch und abgelegen in den Anden ragt die verlassene Minenstadt Sewell, aufgrund ihrer Höhenunterschiede auch ""Stadt der Treppen"" genannt, aus dem Schnee.",Schnee,Non-MRW,Non-MRW
W_672,1,"Der Dom zählt zu den beeindruckendsten Baudenkmalen an der 'Straße der Romanik', der bedeutendsten Touristikroute in Sachsen-Anhalt. .",Der,Non-MRW,Non-MRW
W_672,2,"Der Dom zählt zu den beeindruckendsten Baudenkmalen an der 'Straße der Romanik', der bedeutendsten Touristikroute in Sachsen-Anhalt. .",Dom,Non-MRW,Non-MRW
W_672,3,"Der Dom zählt zu den beeindruckendsten Baudenkmalen an der 'Straße der Romanik', der bedeutendsten Touristikroute in Sachsen-Anhalt. .",zählt,MRW,indirect
W_672,4,"Der Dom zählt zu den beeindruckendsten Baudenkmalen an der 'Straße der Romanik', der bedeutendsten Touristikroute in Sachsen-Anhalt. .",zu,Non-MRW,Non-MRW
W_672,5,"Der Dom zählt zu den beeindruckendsten Baudenkmalen an der 'Straße der Romanik', der bedeutendsten Touristikroute in Sachsen-Anhalt. .",den,Non-MRW,Non-MRW
W_672,6,"Der Dom zählt zu den beeindruckendsten Baudenkmalen an der 'Straße der Romanik', der bedeutendsten Touristikroute in Sachsen-Anhalt. .",beeindruckendsten,Non-MRW,Non-MRW
W_672,7,"Der Dom zählt zu den beeindruckendsten Baudenkmalen an der 'Straße der Romanik', der bedeutendsten Touristikroute in Sachsen-Anhalt. .",Baudenkmalen,Non-MRW,Non-MRW
W_672,8,"Der Dom zählt zu den beeindruckendsten Baudenkmalen an der 'Straße der Romanik', der bedeutendsten Touristikroute in Sachsen-Anhalt. .",an,Non-MRW,Non-MRW
W_672,9,"Der Dom zählt zu den beeindruckendsten Baudenkmalen an der 'Straße der Romanik', der bedeutendsten Touristikroute in Sachsen-Anhalt. .",der,Non-MRW,Non-MRW
W_672,10,"Der Dom zählt zu den beeindruckendsten Baudenkmalen an der 'Straße der Romanik', der bedeutendsten Touristikroute in Sachsen-Anhalt. .",Straße,Non-MRW,Non-MRW
W_672,11,"Der Dom zählt zu den beeindruckendsten Baudenkmalen an der 'Straße der Romanik', der bedeutendsten Touristikroute in Sachsen-Anhalt. .",der,Non-MRW,Non-MRW
W_672,12,"Der Dom zählt zu den beeindruckendsten Baudenkmalen an der 'Straße der Romanik', der bedeutendsten Touristikroute in Sachsen-Anhalt. .",Romanik,Non-MRW,Non-MRW
W_672,13,"Der Dom zählt zu den beeindruckendsten Baudenkmalen an der 'Straße der Romanik', der bedeutendsten Touristikroute in Sachsen-Anhalt. .",der,Non-MRW,Non-MRW
W_672,14,"Der Dom zählt zu den beeindruckendsten Baudenkmalen an der 'Straße der Romanik', der bedeutendsten Touristikroute in Sachsen-Anhalt. .",bedeutendsten,Non-MRW,Non-MRW
W_672,15,"Der Dom zählt zu den beeindruckendsten Baudenkmalen an der 'Straße der Romanik', der bedeutendsten Touristikroute in Sachsen-Anhalt. .",Touristikroute,Non-MRW,Non-MRW
W_672,16,"Der Dom zählt zu den beeindruckendsten Baudenkmalen an der 'Straße der Romanik', der bedeutendsten Touristikroute in Sachsen-Anhalt. .",in,Non-MRW,Non-MRW
W_672,17,"Der Dom zählt zu den beeindruckendsten Baudenkmalen an der 'Straße der Romanik', der bedeutendsten Touristikroute in Sachsen-Anhalt. .",Sachsen-Anhalt,Non-MRW,Non-MRW
W_561,1,Die Stadt lässt sich recht gut zu Fuß bewältigen.,Die,Non-MRW,Non-MRW
W_561,2,Die Stadt lässt sich recht gut zu Fuß bewältigen.,Stadt,Non-MRW,Non-MRW
W_561,3,Die Stadt lässt sich recht gut zu Fuß bewältigen.,lässt,MRW,indirect
W_561,4,Die Stadt lässt sich recht gut zu Fuß bewältigen.,sich,MWE,MWE
W_561,5,Die Stadt lässt sich recht gut zu Fuß bewältigen.,recht,Non-MRW,Non-MRW
W_561,6,Die Stadt lässt sich recht gut zu Fuß bewältigen.,gut,Non-MRW,Non-MRW
W_561,7,Die Stadt lässt sich recht gut zu Fuß bewältigen.,zu,MWE,MWE
W_561,8,Die Stadt lässt sich recht gut zu Fuß bewältigen.,Fuß,MRW,indirect
W_561,9,Die Stadt lässt sich recht gut zu Fuß bewältigen.,bewältigen,Non-MRW,Non-MRW
W_538,1,"Withernsea (6.000 Einwohner), Gashauptstadt Englands, wo einige Pipelines der Nordseefelder an Land treffen.",Withernsea,Non-MRW,Non-MRW
W_538,2,"Withernsea (6.000 Einwohner), Gashauptstadt Englands, wo einige Pipelines der Nordseefelder an Land treffen.",Einwohner,Non-MRW,Non-MRW
W_538,3,"Withernsea (6.000 Einwohner), Gashauptstadt Englands, wo einige Pipelines der Nordseefelder an Land treffen.",Gashauptstadt,Non-MRW,Non-MRW
W_538,4,"Withernsea (6.000 Einwohner), Gashauptstadt Englands, wo einige Pipelines der Nordseefelder an Land treffen.",Englands,Non-MRW,Non-MRW
W_538,5,"Withernsea (6.000 Einwohner), Gashauptstadt Englands, wo einige Pipelines der Nordseefelder an Land treffen.",wo,Non-MRW,Non-MRW
W_538,6,"Withernsea (6.000 Einwohner), Gashauptstadt Englands, wo einige Pipelines der Nordseefelder an Land treffen.",einige,Non-MRW,Non-MRW
W_538,7,"Withernsea (6.000 Einwohner), Gashauptstadt Englands, wo einige Pipelines der Nordseefelder an Land treffen.",Pipelines,Non-MRW,Non-MRW
W_538,8,"Withernsea (6.000 Einwohner), Gashauptstadt Englands, wo einige Pipelines der Nordseefelder an Land treffen.",der,Non-MRW,Non-MRW
W_538,9,"Withernsea (6.000 Einwohner), Gashauptstadt Englands, wo einige Pipelines der Nordseefelder an Land treffen.",Nordseefelder,Non-MRW,Non-MRW
W_538,10,"Withernsea (6.000 Einwohner), Gashauptstadt Englands, wo einige Pipelines der Nordseefelder an Land treffen.",an,Non-MRW,Non-MRW
W_538,11,"Withernsea (6.000 Einwohner), Gashauptstadt Englands, wo einige Pipelines der Nordseefelder an Land treffen.",Land,Non-MRW,Non-MRW
W_538,12,"Withernsea (6.000 Einwohner), Gashauptstadt Englands, wo einige Pipelines der Nordseefelder an Land treffen.",treffen,MRW,indirect
W_103,1,Der Bahnhof in Billerbeck enthält ein sehr schönes und leckeres Kunstcafe sowie eine Verleihstation für Fahrräder.,Der,Non-MRW,Non-MRW
W_103,2,Der Bahnhof in Billerbeck enthält ein sehr schönes und leckeres Kunstcafe sowie eine Verleihstation für Fahrräder.,Bahnhof,Non-MRW,Non-MRW
W_103,3,Der Bahnhof in Billerbeck enthält ein sehr schönes und leckeres Kunstcafe sowie eine Verleihstation für Fahrräder.,in,MRW,indirect
W_103,4,Der Bahnhof in Billerbeck enthält ein sehr schönes und leckeres Kunstcafe sowie eine Verleihstation für Fahrräder.,Billerbeck,Non-MRW,Non-MRW
W_103,5,Der Bahnhof in Billerbeck enthält ein sehr schönes und leckeres Kunstcafe sowie eine Verleihstation für Fahrräder.,enthält,MRW,indirect
W_103,6,Der Bahnhof in Billerbeck enthält ein sehr schönes und leckeres Kunstcafe sowie eine Verleihstation für Fahrräder.,ein,Non-MRW,Non-MRW
W_103,7,Der Bahnhof in Billerbeck enthält ein sehr schönes und leckeres Kunstcafe sowie eine Verleihstation für Fahrräder.,sehr,Non-MRW,Non-MRW
W_103,8,Der Bahnhof in Billerbeck enthält ein sehr schönes und leckeres Kunstcafe sowie eine Verleihstation für Fahrräder.,schönes,Non-MRW,Non-MRW
W_103,9,Der Bahnhof in Billerbeck enthält ein sehr schönes und leckeres Kunstcafe sowie eine Verleihstation für Fahrräder.,und,Non-MRW,Non-MRW
W_103,10,Der Bahnhof in Billerbeck enthält ein sehr schönes und leckeres Kunstcafe sowie eine Verleihstation für Fahrräder.,leckeres,MRW,indirect
W_103,11,Der Bahnhof in Billerbeck enthält ein sehr schönes und leckeres Kunstcafe sowie eine Verleihstation für Fahrräder.,Kunstcafe,Non-MRW,Non-MRW
W_103,12,Der Bahnhof in Billerbeck enthält ein sehr schönes und leckeres Kunstcafe sowie eine Verleihstation für Fahrräder.,sowie,Non-MRW,Non-MRW
W_103,13,Der Bahnhof in Billerbeck enthält ein sehr schönes und leckeres Kunstcafe sowie eine Verleihstation für Fahrräder.,eine,Non-MRW,Non-MRW
W_103,14,Der Bahnhof in Billerbeck enthält ein sehr schönes und leckeres Kunstcafe sowie eine Verleihstation für Fahrräder.,Verleihstation,Non-MRW,Non-MRW
W_103,15,Der Bahnhof in Billerbeck enthält ein sehr schönes und leckeres Kunstcafe sowie eine Verleihstation für Fahrräder.,für,Non-MRW,Non-MRW
W_103,16,Der Bahnhof in Billerbeck enthält ein sehr schönes und leckeres Kunstcafe sowie eine Verleihstation für Fahrräder.,Fahrräder,Non-MRW,Non-MRW
W_769,1,Lodge Park: Eine elegante Tribüne aus dem 17. Jh.,Lodge,Non-MRW,Non-MRW
W_769,2,Lodge Park: Eine elegante Tribüne aus dem 17. Jh.,Park,MWE,MWE
W_769,3,Lodge Park: Eine elegante Tribüne aus dem 17. Jh.,Eine,Non-MRW,Non-MRW
W_769,4,Lodge Park: Eine elegante Tribüne aus dem 17. Jh.,elegante,Non-MRW,Non-MRW
W_769,5,Lodge Park: Eine elegante Tribüne aus dem 17. Jh.,Tribüne,Non-MRW,Non-MRW
W_769,6,Lodge Park: Eine elegante Tribüne aus dem 17. Jh.,aus,MRW,indirect
W_769,7,Lodge Park: Eine elegante Tribüne aus dem 17. Jh.,dem,Non-MRW,Non-MRW
W_769,8,Lodge Park: Eine elegante Tribüne aus dem 17. Jh.,Jh,Non-MRW,Non-MRW
W_121,1,Delaware Park: Größter Park in Buffalo mit gepflegten Grünflächen und einem See.,Delaware,Non-MRW,Non-MRW
W_121,2,Delaware Park: Größter Park in Buffalo mit gepflegten Grünflächen und einem See.,Park,MWE,MWE
W_121,3,Delaware Park: Größter Park in Buffalo mit gepflegten Grünflächen und einem See.,Größter,Non-MRW,Non-MRW
W_121,4,Delaware Park: Größter Park in Buffalo mit gepflegten Grünflächen und einem See.,Park,Non-MRW,Non-MRW
W_121,5,Delaware Park: Größter Park in Buffalo mit gepflegten Grünflächen und einem See.,in,Non-MRW,Non-MRW
W_121,6,Delaware Park: Größter Park in Buffalo mit gepflegten Grünflächen und einem See.,Buffalo,Non-MRW,Non-MRW
W_121,7,Delaware Park: Größter Park in Buffalo mit gepflegten Grünflächen und einem See.,mit,Non-MRW,Non-MRW
W_121,8,Delaware Park: Größter Park in Buffalo mit gepflegten Grünflächen und einem See.,gepflegten,Non-MRW,Non-MRW
W_121,9,Delaware Park: Größter Park in Buffalo mit gepflegten Grünflächen und einem See.,Grünflächen,Non-MRW,Non-MRW
W_121,10,Delaware Park: Größter Park in Buffalo mit gepflegten Grünflächen und einem See.,und,Non-MRW,Non-MRW
W_121,11,Delaware Park: Größter Park in Buffalo mit gepflegten Grünflächen und einem See.,einem,Non-MRW,Non-MRW
W_121,12,Delaware Park: Größter Park in Buffalo mit gepflegten Grünflächen und einem See.,See,Non-MRW,Non-MRW
W_75,1,"Das Luxushotel liegt im Zentrum von Franzensbad und stammt, wie auch die Stadt, aus dem Jahr 1793.",Das,Non-MRW,Non-MRW
W_75,2,"Das Luxushotel liegt im Zentrum von Franzensbad und stammt, wie auch die Stadt, aus dem Jahr 1793.",Luxushotel,Non-MRW,Non-MRW
W_75,3,"Das Luxushotel liegt im Zentrum von Franzensbad und stammt, wie auch die Stadt, aus dem Jahr 1793.",liegt,MRW,indirect
W_75,4,"Das Luxushotel liegt im Zentrum von Franzensbad und stammt, wie auch die Stadt, aus dem Jahr 1793.",im,MRW,indirect
W_75,5,"Das Luxushotel liegt im Zentrum von Franzensbad und stammt, wie auch die Stadt, aus dem Jahr 1793.",Zentrum,Non-MRW,Non-MRW
W_75,6,"Das Luxushotel liegt im Zentrum von Franzensbad und stammt, wie auch die Stadt, aus dem Jahr 1793.",von,Non-MRW,Non-MRW
W_75,7,"Das Luxushotel liegt im Zentrum von Franzensbad und stammt, wie auch die Stadt, aus dem Jahr 1793.",Franzensbad,Non-MRW,Non-MRW
W_75,8,"Das Luxushotel liegt im Zentrum von Franzensbad und stammt, wie auch die Stadt, aus dem Jahr 1793.",und,Non-MRW,Non-MRW
W_75,9,"Das Luxushotel liegt im Zentrum von Franzensbad und stammt, wie auch die Stadt, aus dem Jahr 1793.",stammt,Non-MRW,Non-MRW
W_75,10,"Das Luxushotel liegt im Zentrum von Franzensbad und stammt, wie auch die Stadt, aus dem Jahr 1793.",wie,Non-MRW,Non-MRW
W_75,11,"Das Luxushotel liegt im Zentrum von Franzensbad und stammt, wie auch die Stadt, aus dem Jahr 1793.",auch,Non-MRW,Non-MRW
W_75,12,"Das Luxushotel liegt im Zentrum von Franzensbad und stammt, wie auch die Stadt, aus dem Jahr 1793.",die,Non-MRW,Non-MRW
W_75,13,"Das Luxushotel liegt im Zentrum von Franzensbad und stammt, wie auch die Stadt, aus dem Jahr 1793.",Stadt,Non-MRW,Non-MRW
W_75,14,"Das Luxushotel liegt im Zentrum von Franzensbad und stammt, wie auch die Stadt, aus dem Jahr 1793.",aus,MRW,indirect
W_75,15,"Das Luxushotel liegt im Zentrum von Franzensbad und stammt, wie auch die Stadt, aus dem Jahr 1793.",dem,Non-MRW,Non-MRW
W_75,16,"Das Luxushotel liegt im Zentrum von Franzensbad und stammt, wie auch die Stadt, aus dem Jahr 1793.",Jahr,Non-MRW,Non-MRW
W_49,1,"Weitere Fachwerkbauten umrahmen den verkehrsfreien Platz, dessen Gastronomie zu einer Pause einlädt. .",Weitere,Non-MRW,Non-MRW
W_49,2,"Weitere Fachwerkbauten umrahmen den verkehrsfreien Platz, dessen Gastronomie zu einer Pause einlädt. .",Fachwerkbauten,Non-MRW,Non-MRW
W_49,3,"Weitere Fachwerkbauten umrahmen den verkehrsfreien Platz, dessen Gastronomie zu einer Pause einlädt. .",umrahmen,MRW,indirect
W_49,4,"Weitere Fachwerkbauten umrahmen den verkehrsfreien Platz, dessen Gastronomie zu einer Pause einlädt. .",den,Non-MRW,Non-MRW
W_49,5,"Weitere Fachwerkbauten umrahmen den verkehrsfreien Platz, dessen Gastronomie zu einer Pause einlädt. .",verkehrsfreien,Non-MRW,Non-MRW
W_49,6,"Weitere Fachwerkbauten umrahmen den verkehrsfreien Platz, dessen Gastronomie zu einer Pause einlädt. .",Platz,Non-MRW,Non-MRW
W_49,7,"Weitere Fachwerkbauten umrahmen den verkehrsfreien Platz, dessen Gastronomie zu einer Pause einlädt. .",dessen,Non-MRW,Non-MRW
W_49,8,"Weitere Fachwerkbauten umrahmen den verkehrsfreien Platz, dessen Gastronomie zu einer Pause einlädt. .",Gastronomie,Non-MRW,Non-MRW
W_49,9,"Weitere Fachwerkbauten umrahmen den verkehrsfreien Platz, dessen Gastronomie zu einer Pause einlädt. .",zu,Non-MRW,Non-MRW
W_49,10,"Weitere Fachwerkbauten umrahmen den verkehrsfreien Platz, dessen Gastronomie zu einer Pause einlädt. .",einer,Non-MRW,Non-MRW
W_49,11,"Weitere Fachwerkbauten umrahmen den verkehrsfreien Platz, dessen Gastronomie zu einer Pause einlädt. .",Pause,Non-MRW,Non-MRW
W_49,12,"Weitere Fachwerkbauten umrahmen den verkehrsfreien Platz, dessen Gastronomie zu einer Pause einlädt. .",einlädt,MRW,indirect
W_228,1,Die Altstadt liegt auf der Lagune und ist erbaut im Stil der französischen Kolonialarchitektur.,Die,Non-MRW,Non-MRW
W_228,2,Die Altstadt liegt auf der Lagune und ist erbaut im Stil der französischen Kolonialarchitektur.,Altstadt,Non-MRW,Non-MRW
W_228,3,Die Altstadt liegt auf der Lagune und ist erbaut im Stil der französischen Kolonialarchitektur.,liegt,MRW,indirect
W_228,4,Die Altstadt liegt auf der Lagune und ist erbaut im Stil der französischen Kolonialarchitektur.,auf,WIDLII,WIDLII
W_228,5,Die Altstadt liegt auf der Lagune und ist erbaut im Stil der französischen Kolonialarchitektur.,der,Non-MRW,Non-MRW
W_228,6,Die Altstadt liegt auf der Lagune und ist erbaut im Stil der französischen Kolonialarchitektur.,Lagune,Non-MRW,Non-MRW
W_228,7,Die Altstadt liegt auf der Lagune und ist erbaut im Stil der französischen Kolonialarchitektur.,und,Non-MRW,Non-MRW
W_228,8,Die Altstadt liegt auf der Lagune und ist erbaut im Stil der französischen Kolonialarchitektur.,ist,Non-MRW,Non-MRW
W_228,9,Die Altstadt liegt auf der Lagune und ist erbaut im Stil der französischen Kolonialarchitektur.,erbaut,Non-MRW,Non-MRW
W_228,10,Die Altstadt liegt auf der Lagune und ist erbaut im Stil der französischen Kolonialarchitektur.,im,MRW,indirect
W_228,11,Die Altstadt liegt auf der Lagune und ist erbaut im Stil der französischen Kolonialarchitektur.,Stil,Non-MRW,Non-MRW
W_228,12,Die Altstadt liegt auf der Lagune und ist erbaut im Stil der französischen Kolonialarchitektur.,der,Non-MRW,Non-MRW
W_228,13,Die Altstadt liegt auf der Lagune und ist erbaut im Stil der französischen Kolonialarchitektur.,französischen,Non-MRW,Non-MRW
W_228,14,Die Altstadt liegt auf der Lagune und ist erbaut im Stil der französischen Kolonialarchitektur.,Kolonialarchitektur,Non-MRW,Non-MRW
W_671,1,Breisacher Stephansmünster auf dem historischen Münsterberg .,Breisacher,Non-MRW,Non-MRW
W_671,2,Breisacher Stephansmünster auf dem historischen Münsterberg .,Stephansmünster,MWE,MWE
W_671,3,Breisacher Stephansmünster auf dem historischen Münsterberg .,auf,Non-MRW,Non-MRW
W_671,4,Breisacher Stephansmünster auf dem historischen Münsterberg .,dem,Non-MRW,Non-MRW
W_671,5,Breisacher Stephansmünster auf dem historischen Münsterberg .,historischen,Non-MRW,Non-MRW
W_671,6,Breisacher Stephansmünster auf dem historischen Münsterberg .,Münsterberg,Non-MRW,Non-MRW
W_533,1,"Teeplantagen: An den Berghängen des Hochlands gedeiht der Ceylon-Tee, und der Besuch einer Teeplantage gehört für viele Besucher zu den touristischen Highlights.",Teeplantagen,Non-MRW,Non-MRW
W_533,2,"Teeplantagen: An den Berghängen des Hochlands gedeiht der Ceylon-Tee, und der Besuch einer Teeplantage gehört für viele Besucher zu den touristischen Highlights.",An,Non-MRW,Non-MRW
W_533,3,"Teeplantagen: An den Berghängen des Hochlands gedeiht der Ceylon-Tee, und der Besuch einer Teeplantage gehört für viele Besucher zu den touristischen Highlights.",den,Non-MRW,Non-MRW
W_533,4,"Teeplantagen: An den Berghängen des Hochlands gedeiht der Ceylon-Tee, und der Besuch einer Teeplantage gehört für viele Besucher zu den touristischen Highlights.",Berghängen,Non-MRW,Non-MRW
W_533,5,"Teeplantagen: An den Berghängen des Hochlands gedeiht der Ceylon-Tee, und der Besuch einer Teeplantage gehört für viele Besucher zu den touristischen Highlights.",des,Non-MRW,Non-MRW
W_533,6,"Teeplantagen: An den Berghängen des Hochlands gedeiht der Ceylon-Tee, und der Besuch einer Teeplantage gehört für viele Besucher zu den touristischen Highlights.",Hochlands,Non-MRW,Non-MRW
W_533,7,"Teeplantagen: An den Berghängen des Hochlands gedeiht der Ceylon-Tee, und der Besuch einer Teeplantage gehört für viele Besucher zu den touristischen Highlights.",gedeiht,Non-MRW,Non-MRW
W_533,8,"Teeplantagen: An den Berghängen des Hochlands gedeiht der Ceylon-Tee, und der Besuch einer Teeplantage gehört für viele Besucher zu den touristischen Highlights.",der,Non-MRW,Non-MRW
W_533,9,"Teeplantagen: An den Berghängen des Hochlands gedeiht der Ceylon-Tee, und der Besuch einer Teeplantage gehört für viele Besucher zu den touristischen Highlights.",Ceylon-Tee,Non-MRW,Non-MRW
W_533,10,"Teeplantagen: An den Berghängen des Hochlands gedeiht der Ceylon-Tee, und der Besuch einer Teeplantage gehört für viele Besucher zu den touristischen Highlights.",und,Non-MRW,Non-MRW
W_533,11,"Teeplantagen: An den Berghängen des Hochlands gedeiht der Ceylon-Tee, und der Besuch einer Teeplantage gehört für viele Besucher zu den touristischen Highlights.",der,Non-MRW,Non-MRW
W_533,12,"Teeplantagen: An den Berghängen des Hochlands gedeiht der Ceylon-Tee, und der Besuch einer Teeplantage gehört für viele Besucher zu den touristischen Highlights.",Besuch,Non-MRW,Non-MRW
W_533,13,"Teeplantagen: An den Berghängen des Hochlands gedeiht der Ceylon-Tee, und der Besuch einer Teeplantage gehört für viele Besucher zu den touristischen Highlights.",einer,Non-MRW,Non-MRW
W_533,14,"Teeplantagen: An den Berghängen des Hochlands gedeiht der Ceylon-Tee, und der Besuch einer Teeplantage gehört für viele Besucher zu den touristischen Highlights.",Teeplantage,Non-MRW,Non-MRW
W_533,15,"Teeplantagen: An den Berghängen des Hochlands gedeiht der Ceylon-Tee, und der Besuch einer Teeplantage gehört für viele Besucher zu den touristischen Highlights.",gehört,Non-MRW,Non-MRW
W_533,16,"Teeplantagen: An den Berghängen des Hochlands gedeiht der Ceylon-Tee, und der Besuch einer Teeplantage gehört für viele Besucher zu den touristischen Highlights.",für,Non-MRW,Non-MRW
W_533,17,"Teeplantagen: An den Berghängen des Hochlands gedeiht der Ceylon-Tee, und der Besuch einer Teeplantage gehört für viele Besucher zu den touristischen Highlights.",viele,Non-MRW,Non-MRW
W_533,18,"Teeplantagen: An den Berghängen des Hochlands gedeiht der Ceylon-Tee, und der Besuch einer Teeplantage gehört für viele Besucher zu den touristischen Highlights.",Besucher,Non-MRW,Non-MRW
W_533,19,"Teeplantagen: An den Berghängen des Hochlands gedeiht der Ceylon-Tee, und der Besuch einer Teeplantage gehört für viele Besucher zu den touristischen Highlights.",zu,Non-MRW,Non-MRW
W_533,20,"Teeplantagen: An den Berghängen des Hochlands gedeiht der Ceylon-Tee, und der Besuch einer Teeplantage gehört für viele Besucher zu den touristischen Highlights.",den,Non-MRW,Non-MRW
W_533,21,"Teeplantagen: An den Berghängen des Hochlands gedeiht der Ceylon-Tee, und der Besuch einer Teeplantage gehört für viele Besucher zu den touristischen Highlights.",touristischen,Non-MRW,Non-MRW
W_533,22,"Teeplantagen: An den Berghängen des Hochlands gedeiht der Ceylon-Tee, und der Besuch einer Teeplantage gehört für viele Besucher zu den touristischen Highlights.",Highlights,Non-MRW,Non-MRW
W_377,1,"Hier liegt auch der Ashkeluna Aqua Park mit Wasserrutschen, etc.",Hier,Non-MRW,Non-MRW
W_377,2,"Hier liegt auch der Ashkeluna Aqua Park mit Wasserrutschen, etc.",liegt,MRW,indirect
W_377,3,"Hier liegt auch der Ashkeluna Aqua Park mit Wasserrutschen, etc.",auch,Non-MRW,Non-MRW
W_377,4,"Hier liegt auch der Ashkeluna Aqua Park mit Wasserrutschen, etc.",der,Non-MRW,Non-MRW
W_377,5,"Hier liegt auch der Ashkeluna Aqua Park mit Wasserrutschen, etc.",Ashkeluna,Non-MRW,Non-MRW
W_377,6,"Hier liegt auch der Ashkeluna Aqua Park mit Wasserrutschen, etc.",Aqua,MWE,MWE
W_377,7,"Hier liegt auch der Ashkeluna Aqua Park mit Wasserrutschen, etc.",Park,MWE,MWE
W_377,8,"Hier liegt auch der Ashkeluna Aqua Park mit Wasserrutschen, etc.",mit,Non-MRW,Non-MRW
W_377,9,"Hier liegt auch der Ashkeluna Aqua Park mit Wasserrutschen, etc.",Wasserrutschen,Non-MRW,Non-MRW
W_377,10,"Hier liegt auch der Ashkeluna Aqua Park mit Wasserrutschen, etc.",etc,Non-MRW,Non-MRW
W_750,1,"Der Ring von Brodgar ist eine jungsteinzeitliche Henge mit einer Steinkreissetzung und liegt ca. 16km westlich von Kirkwall auf der Orkneyinsel Mainland, auf einer Landzunge zwischen dem Loch of Stenness und dem Loch of Harray.",Der,Non-MRW,Non-MRW
W_750,2,"Der Ring von Brodgar ist eine jungsteinzeitliche Henge mit einer Steinkreissetzung und liegt ca. 16km westlich von Kirkwall auf der Orkneyinsel Mainland, auf einer Landzunge zwischen dem Loch of Stenness und dem Loch of Harray.",Ring,Non-MRW,Non-MRW
W_750,3,"Der Ring von Brodgar ist eine jungsteinzeitliche Henge mit einer Steinkreissetzung und liegt ca. 16km westlich von Kirkwall auf der Orkneyinsel Mainland, auf einer Landzunge zwischen dem Loch of Stenness und dem Loch of Harray.",von,MWE,MWE
W_750,4,"Der Ring von Brodgar ist eine jungsteinzeitliche Henge mit einer Steinkreissetzung und liegt ca. 16km westlich von Kirkwall auf der Orkneyinsel Mainland, auf einer Landzunge zwischen dem Loch of Stenness und dem Loch of Harray.",Brodgar,MWE,MWE
W_750,5,"Der Ring von Brodgar ist eine jungsteinzeitliche Henge mit einer Steinkreissetzung und liegt ca. 16km westlich von Kirkwall auf der Orkneyinsel Mainland, auf einer Landzunge zwischen dem Loch of Stenness und dem Loch of Harray.",ist,Non-MRW,Non-MRW
W_750,6,"Der Ring von Brodgar ist eine jungsteinzeitliche Henge mit einer Steinkreissetzung und liegt ca. 16km westlich von Kirkwall auf der Orkneyinsel Mainland, auf einer Landzunge zwischen dem Loch of Stenness und dem Loch of Harray.",eine,Non-MRW,Non-MRW
W_750,7,"Der Ring von Brodgar ist eine jungsteinzeitliche Henge mit einer Steinkreissetzung und liegt ca. 16km westlich von Kirkwall auf der Orkneyinsel Mainland, auf einer Landzunge zwischen dem Loch of Stenness und dem Loch of Harray.",jungsteinzeitliche,Non-MRW,Non-MRW
W_750,8,"Der Ring von Brodgar ist eine jungsteinzeitliche Henge mit einer Steinkreissetzung und liegt ca. 16km westlich von Kirkwall auf der Orkneyinsel Mainland, auf einer Landzunge zwischen dem Loch of Stenness und dem Loch of Harray.",Henge,Non-MRW,Non-MRW
W_750,9,"Der Ring von Brodgar ist eine jungsteinzeitliche Henge mit einer Steinkreissetzung und liegt ca. 16km westlich von Kirkwall auf der Orkneyinsel Mainland, auf einer Landzunge zwischen dem Loch of Stenness und dem Loch of Harray.",mit,Non-MRW,Non-MRW
W_750,10,"Der Ring von Brodgar ist eine jungsteinzeitliche Henge mit einer Steinkreissetzung und liegt ca. 16km westlich von Kirkwall auf der Orkneyinsel Mainland, auf einer Landzunge zwischen dem Loch of Stenness und dem Loch of Harray.",einer,Non-MRW,Non-MRW
W_750,11,"Der Ring von Brodgar ist eine jungsteinzeitliche Henge mit einer Steinkreissetzung und liegt ca. 16km westlich von Kirkwall auf der Orkneyinsel Mainland, auf einer Landzunge zwischen dem Loch of Stenness und dem Loch of Harray.",Steinkreissetzung,Non-MRW,Non-MRW
W_750,12,"Der Ring von Brodgar ist eine jungsteinzeitliche Henge mit einer Steinkreissetzung und liegt ca. 16km westlich von Kirkwall auf der Orkneyinsel Mainland, auf einer Landzunge zwischen dem Loch of Stenness und dem Loch of Harray.",und,Non-MRW,Non-MRW
W_750,13,"Der Ring von Brodgar ist eine jungsteinzeitliche Henge mit einer Steinkreissetzung und liegt ca. 16km westlich von Kirkwall auf der Orkneyinsel Mainland, auf einer Landzunge zwischen dem Loch of Stenness und dem Loch of Harray.",liegt,MRW,indirect
W_750,14,"Der Ring von Brodgar ist eine jungsteinzeitliche Henge mit einer Steinkreissetzung und liegt ca. 16km westlich von Kirkwall auf der Orkneyinsel Mainland, auf einer Landzunge zwischen dem Loch of Stenness und dem Loch of Harray.",ca,Non-MRW,Non-MRW
W_750,15,"Der Ring von Brodgar ist eine jungsteinzeitliche Henge mit einer Steinkreissetzung und liegt ca. 16km westlich von Kirkwall auf der Orkneyinsel Mainland, auf einer Landzunge zwischen dem Loch of Stenness und dem Loch of Harray.",km,Non-MRW,Non-MRW
W_750,16,"Der Ring von Brodgar ist eine jungsteinzeitliche Henge mit einer Steinkreissetzung und liegt ca. 16km westlich von Kirkwall auf der Orkneyinsel Mainland, auf einer Landzunge zwischen dem Loch of Stenness und dem Loch of Harray.",westlich,Non-MRW,Non-MRW
W_750,17,"Der Ring von Brodgar ist eine jungsteinzeitliche Henge mit einer Steinkreissetzung und liegt ca. 16km westlich von Kirkwall auf der Orkneyinsel Mainland, auf einer Landzunge zwischen dem Loch of Stenness und dem Loch of Harray.",von,Non-MRW,Non-MRW
W_750,18,"Der Ring von Brodgar ist eine jungsteinzeitliche Henge mit einer Steinkreissetzung und liegt ca. 16km westlich von Kirkwall auf der Orkneyinsel Mainland, auf einer Landzunge zwischen dem Loch of Stenness und dem Loch of Harray.",Kirkwall,Non-MRW,Non-MRW
W_750,19,"Der Ring von Brodgar ist eine jungsteinzeitliche Henge mit einer Steinkreissetzung und liegt ca. 16km westlich von Kirkwall auf der Orkneyinsel Mainland, auf einer Landzunge zwischen dem Loch of Stenness und dem Loch of Harray.",auf,Non-MRW,Non-MRW
W_750,20,"Der Ring von Brodgar ist eine jungsteinzeitliche Henge mit einer Steinkreissetzung und liegt ca. 16km westlich von Kirkwall auf der Orkneyinsel Mainland, auf einer Landzunge zwischen dem Loch of Stenness und dem Loch of Harray.",der,Non-MRW,Non-MRW
W_750,21,"Der Ring von Brodgar ist eine jungsteinzeitliche Henge mit einer Steinkreissetzung und liegt ca. 16km westlich von Kirkwall auf der Orkneyinsel Mainland, auf einer Landzunge zwischen dem Loch of Stenness und dem Loch of Harray.",Orkneyinsel,Non-MRW,Non-MRW
W_750,22,"Der Ring von Brodgar ist eine jungsteinzeitliche Henge mit einer Steinkreissetzung und liegt ca. 16km westlich von Kirkwall auf der Orkneyinsel Mainland, auf einer Landzunge zwischen dem Loch of Stenness und dem Loch of Harray.",Mainland,Non-MRW,Non-MRW
W_750,23,"Der Ring von Brodgar ist eine jungsteinzeitliche Henge mit einer Steinkreissetzung und liegt ca. 16km westlich von Kirkwall auf der Orkneyinsel Mainland, auf einer Landzunge zwischen dem Loch of Stenness und dem Loch of Harray.",auf,Non-MRW,Non-MRW
W_750,24,"Der Ring von Brodgar ist eine jungsteinzeitliche Henge mit einer Steinkreissetzung und liegt ca. 16km westlich von Kirkwall auf der Orkneyinsel Mainland, auf einer Landzunge zwischen dem Loch of Stenness und dem Loch of Harray.",einer,Non-MRW,Non-MRW
W_750,25a,"Der Ring von Brodgar ist eine jungsteinzeitliche Henge mit einer Steinkreissetzung und liegt ca. 16km westlich von Kirkwall auf der Orkneyinsel Mainland, auf einer Landzunge zwischen dem Loch of Stenness und dem Loch of Harray.",Land,Non-MRW,Non-MRW
W_750,25b,"Der Ring von Brodgar ist eine jungsteinzeitliche Henge mit einer Steinkreissetzung und liegt ca. 16km westlich von Kirkwall auf der Orkneyinsel Mainland, auf einer Landzunge zwischen dem Loch of Stenness und dem Loch of Harray.",zunge,MRW,indirect
W_750,26,"Der Ring von Brodgar ist eine jungsteinzeitliche Henge mit einer Steinkreissetzung und liegt ca. 16km westlich von Kirkwall auf der Orkneyinsel Mainland, auf einer Landzunge zwischen dem Loch of Stenness und dem Loch of Harray.",zwischen,Non-MRW,Non-MRW
W_750,27,"Der Ring von Brodgar ist eine jungsteinzeitliche Henge mit einer Steinkreissetzung und liegt ca. 16km westlich von Kirkwall auf der Orkneyinsel Mainland, auf einer Landzunge zwischen dem Loch of Stenness und dem Loch of Harray.",dem,Non-MRW,Non-MRW
W_750,28,"Der Ring von Brodgar ist eine jungsteinzeitliche Henge mit einer Steinkreissetzung und liegt ca. 16km westlich von Kirkwall auf der Orkneyinsel Mainland, auf einer Landzunge zwischen dem Loch of Stenness und dem Loch of Harray.",Loch,Non-MRW,Non-MRW
W_750,29,"Der Ring von Brodgar ist eine jungsteinzeitliche Henge mit einer Steinkreissetzung und liegt ca. 16km westlich von Kirkwall auf der Orkneyinsel Mainland, auf einer Landzunge zwischen dem Loch of Stenness und dem Loch of Harray.",of,MWE,MWE
W_750,30,"Der Ring von Brodgar ist eine jungsteinzeitliche Henge mit einer Steinkreissetzung und liegt ca. 16km westlich von Kirkwall auf der Orkneyinsel Mainland, auf einer Landzunge zwischen dem Loch of Stenness und dem Loch of Harray.",Stenness,MWE,MWE
W_750,31,"Der Ring von Brodgar ist eine jungsteinzeitliche Henge mit einer Steinkreissetzung und liegt ca. 16km westlich von Kirkwall auf der Orkneyinsel Mainland, auf einer Landzunge zwischen dem Loch of Stenness und dem Loch of Harray.",und,Non-MRW,Non-MRW
W_750,32,"Der Ring von Brodgar ist eine jungsteinzeitliche Henge mit einer Steinkreissetzung und liegt ca. 16km westlich von Kirkwall auf der Orkneyinsel Mainland, auf einer Landzunge zwischen dem Loch of Stenness und dem Loch of Harray.",dem,Non-MRW,Non-MRW
W_750,33,"Der Ring von Brodgar ist eine jungsteinzeitliche Henge mit einer Steinkreissetzung und liegt ca. 16km westlich von Kirkwall auf der Orkneyinsel Mainland, auf einer Landzunge zwischen dem Loch of Stenness und dem Loch of Harray.",Loch,Non-MRW,Non-MRW
W_750,34,"Der Ring von Brodgar ist eine jungsteinzeitliche Henge mit einer Steinkreissetzung und liegt ca. 16km westlich von Kirkwall auf der Orkneyinsel Mainland, auf einer Landzunge zwischen dem Loch of Stenness und dem Loch of Harray.",of,MWE,MWE
W_750,35,"Der Ring von Brodgar ist eine jungsteinzeitliche Henge mit einer Steinkreissetzung und liegt ca. 16km westlich von Kirkwall auf der Orkneyinsel Mainland, auf einer Landzunge zwischen dem Loch of Stenness und dem Loch of Harray.",Harray,MWE,MWE
W_750,1,"Gasthof ""Wengers Brettl"": Gemütliche Weinstube mit Sonnenterrasse über den Dächern von Nördlingen in einem traditionsreichen Haus in der Innenstadt.",Gasthof,Non-MRW,Non-MRW
W_771,2,"Gasthof ""Wengers Brettl"": Gemütliche Weinstube mit Sonnenterrasse über den Dächern von Nördlingen in einem traditionsreichen Haus in der Innenstadt.",Wengers,Non-MRW,Non-MRW
W_771,3,"Gasthof ""Wengers Brettl"": Gemütliche Weinstube mit Sonnenterrasse über den Dächern von Nördlingen in einem traditionsreichen Haus in der Innenstadt.",Brettl,MWE,MWE
W_771,4,"Gasthof ""Wengers Brettl"": Gemütliche Weinstube mit Sonnenterrasse über den Dächern von Nördlingen in einem traditionsreichen Haus in der Innenstadt.",Gemütliche,Non-MRW,Non-MRW
W_771,5,"Gasthof ""Wengers Brettl"": Gemütliche Weinstube mit Sonnenterrasse über den Dächern von Nördlingen in einem traditionsreichen Haus in der Innenstadt.",Weinstube,Non-MRW,Non-MRW
W_771,6,"Gasthof ""Wengers Brettl"": Gemütliche Weinstube mit Sonnenterrasse über den Dächern von Nördlingen in einem traditionsreichen Haus in der Innenstadt.",mit,Non-MRW,Non-MRW
W_771,7,"Gasthof ""Wengers Brettl"": Gemütliche Weinstube mit Sonnenterrasse über den Dächern von Nördlingen in einem traditionsreichen Haus in der Innenstadt.",Sonnenterrasse,Non-MRW,Non-MRW
W_771,8,"Gasthof ""Wengers Brettl"": Gemütliche Weinstube mit Sonnenterrasse über den Dächern von Nördlingen in einem traditionsreichen Haus in der Innenstadt.",über,MRW,indirect
W_771,9,"Gasthof ""Wengers Brettl"": Gemütliche Weinstube mit Sonnenterrasse über den Dächern von Nördlingen in einem traditionsreichen Haus in der Innenstadt.",den,Non-MRW,Non-MRW
W_771,10,"Gasthof ""Wengers Brettl"": Gemütliche Weinstube mit Sonnenterrasse über den Dächern von Nördlingen in einem traditionsreichen Haus in der Innenstadt.",Dächern,MRW,indirect
W_771,11,"Gasthof ""Wengers Brettl"": Gemütliche Weinstube mit Sonnenterrasse über den Dächern von Nördlingen in einem traditionsreichen Haus in der Innenstadt.",von,Non-MRW,Non-MRW
W_771,12,"Gasthof ""Wengers Brettl"": Gemütliche Weinstube mit Sonnenterrasse über den Dächern von Nördlingen in einem traditionsreichen Haus in der Innenstadt.",Nördlingen,Non-MRW,Non-MRW
W_771,13,"Gasthof ""Wengers Brettl"": Gemütliche Weinstube mit Sonnenterrasse über den Dächern von Nördlingen in einem traditionsreichen Haus in der Innenstadt.",in,Non-MRW,Non-MRW
W_771,14,"Gasthof ""Wengers Brettl"": Gemütliche Weinstube mit Sonnenterrasse über den Dächern von Nördlingen in einem traditionsreichen Haus in der Innenstadt.",einem,Non-MRW,Non-MRW
W_771,15,"Gasthof ""Wengers Brettl"": Gemütliche Weinstube mit Sonnenterrasse über den Dächern von Nördlingen in einem traditionsreichen Haus in der Innenstadt.",traditionsreichen,MRW,indirect
W_771,16,"Gasthof ""Wengers Brettl"": Gemütliche Weinstube mit Sonnenterrasse über den Dächern von Nördlingen in einem traditionsreichen Haus in der Innenstadt.",Haus,Non-MRW,Non-MRW
W_771,17,"Gasthof ""Wengers Brettl"": Gemütliche Weinstube mit Sonnenterrasse über den Dächern von Nördlingen in einem traditionsreichen Haus in der Innenstadt.",in,Non-MRW,Non-MRW
W_771,18,"Gasthof ""Wengers Brettl"": Gemütliche Weinstube mit Sonnenterrasse über den Dächern von Nördlingen in einem traditionsreichen Haus in der Innenstadt.",der,Non-MRW,Non-MRW
W_771,19,"Gasthof ""Wengers Brettl"": Gemütliche Weinstube mit Sonnenterrasse über den Dächern von Nördlingen in einem traditionsreichen Haus in der Innenstadt.",Innenstadt,Non-MRW,Non-MRW
W_771,1,"Für lange Zeit gab es nur eine Zufahrtsstraße mit einem 8 Kilometer langen Stück von nur einer Spur Breite, genannt „The Gap“.",Für,MRW,indirect
W_705,2,"Für lange Zeit gab es nur eine Zufahrtsstraße mit einem 8 Kilometer langen Stück von nur einer Spur Breite, genannt „The Gap“.",lange,Non-MRW,Non-MRW
W_705,3,"Für lange Zeit gab es nur eine Zufahrtsstraße mit einem 8 Kilometer langen Stück von nur einer Spur Breite, genannt „The Gap“.",Zeit,Non-MRW,Non-MRW
W_705,4,"Für lange Zeit gab es nur eine Zufahrtsstraße mit einem 8 Kilometer langen Stück von nur einer Spur Breite, genannt „The Gap“.",gab,Non-MRW,Non-MRW
W_705,5,"Für lange Zeit gab es nur eine Zufahrtsstraße mit einem 8 Kilometer langen Stück von nur einer Spur Breite, genannt „The Gap“.",es,Non-MRW,Non-MRW
W_705,6,"Für lange Zeit gab es nur eine Zufahrtsstraße mit einem 8 Kilometer langen Stück von nur einer Spur Breite, genannt „The Gap“.",nur,Non-MRW,Non-MRW
W_705,7,"Für lange Zeit gab es nur eine Zufahrtsstraße mit einem 8 Kilometer langen Stück von nur einer Spur Breite, genannt „The Gap“.",eine,Non-MRW,Non-MRW
W_705,8,"Für lange Zeit gab es nur eine Zufahrtsstraße mit einem 8 Kilometer langen Stück von nur einer Spur Breite, genannt „The Gap“.",Zufahrtsstraße,Non-MRW,Non-MRW
W_705,9,"Für lange Zeit gab es nur eine Zufahrtsstraße mit einem 8 Kilometer langen Stück von nur einer Spur Breite, genannt „The Gap“.",mit,Non-MRW,Non-MRW
W_705,10,"Für lange Zeit gab es nur eine Zufahrtsstraße mit einem 8 Kilometer langen Stück von nur einer Spur Breite, genannt „The Gap“.",einem,Non-MRW,Non-MRW
W_705,11,"Für lange Zeit gab es nur eine Zufahrtsstraße mit einem 8 Kilometer langen Stück von nur einer Spur Breite, genannt „The Gap“.",Kilometer,Non-MRW,Non-MRW
W_705,12,"Für lange Zeit gab es nur eine Zufahrtsstraße mit einem 8 Kilometer langen Stück von nur einer Spur Breite, genannt „The Gap“.",langen,Non-MRW,Non-MRW
W_705,13,"Für lange Zeit gab es nur eine Zufahrtsstraße mit einem 8 Kilometer langen Stück von nur einer Spur Breite, genannt „The Gap“.",Stück,Non-MRW,Non-MRW
W_705,14,"Für lange Zeit gab es nur eine Zufahrtsstraße mit einem 8 Kilometer langen Stück von nur einer Spur Breite, genannt „The Gap“.",von,Non-MRW,Non-MRW
W_705,15,"Für lange Zeit gab es nur eine Zufahrtsstraße mit einem 8 Kilometer langen Stück von nur einer Spur Breite, genannt „The Gap“.",nur,Non-MRW,Non-MRW
W_705,16,"Für lange Zeit gab es nur eine Zufahrtsstraße mit einem 8 Kilometer langen Stück von nur einer Spur Breite, genannt „The Gap“.",einer,Non-MRW,Non-MRW
W_705,17,"Für lange Zeit gab es nur eine Zufahrtsstraße mit einem 8 Kilometer langen Stück von nur einer Spur Breite, genannt „The Gap“.",Spur,Non-MRW,Non-MRW
W_705,18,"Für lange Zeit gab es nur eine Zufahrtsstraße mit einem 8 Kilometer langen Stück von nur einer Spur Breite, genannt „The Gap“.",Breite,Non-MRW,Non-MRW
W_705,19,"Für lange Zeit gab es nur eine Zufahrtsstraße mit einem 8 Kilometer langen Stück von nur einer Spur Breite, genannt „The Gap“.",genannt,Non-MRW,Non-MRW
W_705,20,"Für lange Zeit gab es nur eine Zufahrtsstraße mit einem 8 Kilometer langen Stück von nur einer Spur Breite, genannt „The Gap“.",The,Non-MRW,Non-MRW
W_705,21,"Für lange Zeit gab es nur eine Zufahrtsstraße mit einem 8 Kilometer langen Stück von nur einer Spur Breite, genannt „The Gap“.",Gap,MWE,MWE
W_705,1,"Das Berggasthaus Plattenbödeli liegt oberhalb des Sees, in der Nähne die Kapelle Mariae Heimsuchung.",Das,Non-MRW,Non-MRW
W_447,2,"Das Berggasthaus Plattenbödeli liegt oberhalb des Sees, in der Nähne die Kapelle Mariae Heimsuchung.",Berggasthaus,Non-MRW,Non-MRW
W_447,3,"Das Berggasthaus Plattenbödeli liegt oberhalb des Sees, in der Nähne die Kapelle Mariae Heimsuchung.",Plattenbödeli,Non-MRW,Non-MRW
W_447,4,"Das Berggasthaus Plattenbödeli liegt oberhalb des Sees, in der Nähne die Kapelle Mariae Heimsuchung.",liegt,MRW,indirect
W_447,5,"Das Berggasthaus Plattenbödeli liegt oberhalb des Sees, in der Nähne die Kapelle Mariae Heimsuchung.",oberhalb,Non-MRW,Non-MRW
W_447,6,"Das Berggasthaus Plattenbödeli liegt oberhalb des Sees, in der Nähne die Kapelle Mariae Heimsuchung.",des,Non-MRW,Non-MRW
W_447,7,"Das Berggasthaus Plattenbödeli liegt oberhalb des Sees, in der Nähne die Kapelle Mariae Heimsuchung.",Sees,Non-MRW,Non-MRW
W_447,8,"Das Berggasthaus Plattenbödeli liegt oberhalb des Sees, in der Nähne die Kapelle Mariae Heimsuchung.",in,MRW,indirect
W_447,9,"Das Berggasthaus Plattenbödeli liegt oberhalb des Sees, in der Nähne die Kapelle Mariae Heimsuchung.",der,Non-MRW,Non-MRW
W_447,10,"Das Berggasthaus Plattenbödeli liegt oberhalb des Sees, in der Nähne die Kapelle Mariae Heimsuchung.",Nähne,Non-MRW,Non-MRW
W_447,11,"Das Berggasthaus Plattenbödeli liegt oberhalb des Sees, in der Nähne die Kapelle Mariae Heimsuchung.",die,Non-MRW,Non-MRW
W_447,12,"Das Berggasthaus Plattenbödeli liegt oberhalb des Sees, in der Nähne die Kapelle Mariae Heimsuchung.",Kapelle,Non-MRW,Non-MRW
W_447,13,"Das Berggasthaus Plattenbödeli liegt oberhalb des Sees, in der Nähne die Kapelle Mariae Heimsuchung.",Mariae,Non-MRW,Non-MRW
W_447,14,"Das Berggasthaus Plattenbödeli liegt oberhalb des Sees, in der Nähne die Kapelle Mariae Heimsuchung.",Heimsuchung,MWE,MWE
W_447,1,"Es gibt etwa 80 Hostels in der Stadt (Übersicht), viele in La Candelaria.",Es,Non-MRW,Non-MRW
W_446,2,"Es gibt etwa 80 Hostels in der Stadt (Übersicht), viele in La Candelaria.",gibt,Non-MRW,Non-MRW
W_446,3,"Es gibt etwa 80 Hostels in der Stadt (Übersicht), viele in La Candelaria.",etwa,Non-MRW,Non-MRW
W_446,4,"Es gibt etwa 80 Hostels in der Stadt (Übersicht), viele in La Candelaria.",Hostels,Non-MRW,Non-MRW
W_446,5,"Es gibt etwa 80 Hostels in der Stadt (Übersicht), viele in La Candelaria.",in,Non-MRW,Non-MRW
W_446,6,"Es gibt etwa 80 Hostels in der Stadt (Übersicht), viele in La Candelaria.",der,Non-MRW,Non-MRW
W_446,7,"Es gibt etwa 80 Hostels in der Stadt (Übersicht), viele in La Candelaria.",Stadt,Non-MRW,Non-MRW
W_446,8,"Es gibt etwa 80 Hostels in der Stadt (Übersicht), viele in La Candelaria.",Übersicht,Non-MRW,Non-MRW
W_446,9,"Es gibt etwa 80 Hostels in der Stadt (Übersicht), viele in La Candelaria.",viele,Non-MRW,Non-MRW
W_446,10,"Es gibt etwa 80 Hostels in der Stadt (Übersicht), viele in La Candelaria.",in,Non-MRW,Non-MRW
W_446,11,"Es gibt etwa 80 Hostels in der Stadt (Übersicht), viele in La Candelaria.",La,Non-MRW,Non-MRW
W_446,12,"Es gibt etwa 80 Hostels in der Stadt (Übersicht), viele in La Candelaria.",Candelaria,MWE,MWE
W_446,1,"The Golden Lemon Inn: 26 Zimmer und Villen, Restaurant, Bar, Pool, Kinderpool, Andenkengeschäft, Tennisplatz, Mini Markt, jede Villa mit eigenem Pool, schwarzer Sandstrand.",The,Non-MRW,Non-MRW
W_719,2,"The Golden Lemon Inn: 26 Zimmer und Villen, Restaurant, Bar, Pool, Kinderpool, Andenkengeschäft, Tennisplatz, Mini Markt, jede Villa mit eigenem Pool, schwarzer Sandstrand.",Golden,MWE,MWE
W_719,3,"The Golden Lemon Inn: 26 Zimmer und Villen, Restaurant, Bar, Pool, Kinderpool, Andenkengeschäft, Tennisplatz, Mini Markt, jede Villa mit eigenem Pool, schwarzer Sandstrand.",Lemon,MWE,MWE
W_719,4,"The Golden Lemon Inn: 26 Zimmer und Villen, Restaurant, Bar, Pool, Kinderpool, Andenkengeschäft, Tennisplatz, Mini Markt, jede Villa mit eigenem Pool, schwarzer Sandstrand.",Inn,MWE,MWE
W_719,5,"The Golden Lemon Inn: 26 Zimmer und Villen, Restaurant, Bar, Pool, Kinderpool, Andenkengeschäft, Tennisplatz, Mini Markt, jede Villa mit eigenem Pool, schwarzer Sandstrand.",Zimmer,Non-MRW,Non-MRW
W_719,6,"The Golden Lemon Inn: 26 Zimmer und Villen, Restaurant, Bar, Pool, Kinderpool, Andenkengeschäft, Tennisplatz, Mini Markt, jede Villa mit eigenem Pool, schwarzer Sandstrand.",und,Non-MRW,Non-MRW
W_719,7,"The Golden Lemon Inn: 26 Zimmer und Villen, Restaurant, Bar, Pool, Kinderpool, Andenkengeschäft, Tennisplatz, Mini Markt, jede Villa mit eigenem Pool, schwarzer Sandstrand.",Villen,Non-MRW,Non-MRW
W_719,8,"The Golden Lemon Inn: 26 Zimmer und Villen, Restaurant, Bar, Pool, Kinderpool, Andenkengeschäft, Tennisplatz, Mini Markt, jede Villa mit eigenem Pool, schwarzer Sandstrand.",Restaurant,Non-MRW,Non-MRW
W_719,9,"The Golden Lemon Inn: 26 Zimmer und Villen, Restaurant, Bar, Pool, Kinderpool, Andenkengeschäft, Tennisplatz, Mini Markt, jede Villa mit eigenem Pool, schwarzer Sandstrand.",Bar,Non-MRW,Non-MRW
W_719,10,"The Golden Lemon Inn: 26 Zimmer und Villen, Restaurant, Bar, Pool, Kinderpool, Andenkengeschäft, Tennisplatz, Mini Markt, jede Villa mit eigenem Pool, schwarzer Sandstrand.",Pool,Non-MRW,Non-MRW
W_719,11,"The Golden Lemon Inn: 26 Zimmer und Villen, Restaurant, Bar, Pool, Kinderpool, Andenkengeschäft, Tennisplatz, Mini Markt, jede Villa mit eigenem Pool, schwarzer Sandstrand.",Kinderpool,Non-MRW,Non-MRW
W_719,12,"The Golden Lemon Inn: 26 Zimmer und Villen, Restaurant, Bar, Pool, Kinderpool, Andenkengeschäft, Tennisplatz, Mini Markt, jede Villa mit eigenem Pool, schwarzer Sandstrand.",Andenkengeschäft,Non-MRW,Non-MRW
W_719,13,"The Golden Lemon Inn: 26 Zimmer und Villen, Restaurant, Bar, Pool, Kinderpool, Andenkengeschäft, Tennisplatz, Mini Markt, jede Villa mit eigenem Pool, schwarzer Sandstrand.",Tennisplatz,Non-MRW,Non-MRW
W_719,14,"The Golden Lemon Inn: 26 Zimmer und Villen, Restaurant, Bar, Pool, Kinderpool, Andenkengeschäft, Tennisplatz, Mini Markt, jede Villa mit eigenem Pool, schwarzer Sandstrand.",Mini,Non-MRW,Non-MRW
W_719,15,"The Golden Lemon Inn: 26 Zimmer und Villen, Restaurant, Bar, Pool, Kinderpool, Andenkengeschäft, Tennisplatz, Mini Markt, jede Villa mit eigenem Pool, schwarzer Sandstrand.",Markt,Non-MRW,Non-MRW
W_719,16,"The Golden Lemon Inn: 26 Zimmer und Villen, Restaurant, Bar, Pool, Kinderpool, Andenkengeschäft, Tennisplatz, Mini Markt, jede Villa mit eigenem Pool, schwarzer Sandstrand.",jede,Non-MRW,Non-MRW
W_719,17,"The Golden Lemon Inn: 26 Zimmer und Villen, Restaurant, Bar, Pool, Kinderpool, Andenkengeschäft, Tennisplatz, Mini Markt, jede Villa mit eigenem Pool, schwarzer Sandstrand.",Villa,Non-MRW,Non-MRW
W_719,18,"The Golden Lemon Inn: 26 Zimmer und Villen, Restaurant, Bar, Pool, Kinderpool, Andenkengeschäft, Tennisplatz, Mini Markt, jede Villa mit eigenem Pool, schwarzer Sandstrand.",mit,Non-MRW,Non-MRW
W_719,19,"The Golden Lemon Inn: 26 Zimmer und Villen, Restaurant, Bar, Pool, Kinderpool, Andenkengeschäft, Tennisplatz, Mini Markt, jede Villa mit eigenem Pool, schwarzer Sandstrand.",eigenem,Non-MRW,Non-MRW
W_719,20,"The Golden Lemon Inn: 26 Zimmer und Villen, Restaurant, Bar, Pool, Kinderpool, Andenkengeschäft, Tennisplatz, Mini Markt, jede Villa mit eigenem Pool, schwarzer Sandstrand.",Pool,Non-MRW,Non-MRW
W_719,21,"The Golden Lemon Inn: 26 Zimmer und Villen, Restaurant, Bar, Pool, Kinderpool, Andenkengeschäft, Tennisplatz, Mini Markt, jede Villa mit eigenem Pool, schwarzer Sandstrand.",schwarzer,Non-MRW,Non-MRW
W_719,22,"The Golden Lemon Inn: 26 Zimmer und Villen, Restaurant, Bar, Pool, Kinderpool, Andenkengeschäft, Tennisplatz, Mini Markt, jede Villa mit eigenem Pool, schwarzer Sandstrand.",Sandstrand,Non-MRW,Non-MRW
W_719,1,Hotel mit Panoramablick über den Achensee.,Hotel,Non-MRW,Non-MRW
W_5,2,Hotel mit Panoramablick über den Achensee.,mit,Non-MRW,Non-MRW
W_5,3,Hotel mit Panoramablick über den Achensee.,Panoramablick,Non-MRW,Non-MRW
W_5,4,Hotel mit Panoramablick über den Achensee.,über,MRW,indirect
W_5,5,Hotel mit Panoramablick über den Achensee.,den,Non-MRW,Non-MRW
W_5,6,Hotel mit Panoramablick über den Achensee.,Achensee,Non-MRW,Non-MRW
W_5,1,"Hotel Bremer Tor: Das erste Haus am Platze, zentrumsnah gelegen.",Hotel,Non-MRW,Non-MRW
W_485,2,"Hotel Bremer Tor: Das erste Haus am Platze, zentrumsnah gelegen.",Bremer,Non-MRW,Non-MRW
W_485,3,"Hotel Bremer Tor: Das erste Haus am Platze, zentrumsnah gelegen.",Tor,MWE,MWE
W_485,4,"Hotel Bremer Tor: Das erste Haus am Platze, zentrumsnah gelegen.",Das,Non-MRW,Non-MRW
W_485,5,"Hotel Bremer Tor: Das erste Haus am Platze, zentrumsnah gelegen.",erste,WIDLII,WIDLII
W_485,6,"Hotel Bremer Tor: Das erste Haus am Platze, zentrumsnah gelegen.",Haus,WIDLII,WIDLII
W_485,7,"Hotel Bremer Tor: Das erste Haus am Platze, zentrumsnah gelegen.",am,Non-MRW,Non-MRW
W_485,8,"Hotel Bremer Tor: Das erste Haus am Platze, zentrumsnah gelegen.",Platze,WIDLII,WIDLII
W_485,9,"Hotel Bremer Tor: Das erste Haus am Platze, zentrumsnah gelegen.",zentrumsnah,Non-MRW,Non-MRW
W_485,10,"Hotel Bremer Tor: Das erste Haus am Platze, zentrumsnah gelegen.",gelegen,MRW,indirect
W_485,1,"Die meisten Restaurants und Bars liegen entlang der langen und kürzlich renovierten Uferpromenade, die sich von der Bucht Son Moll bis fast zur Cala Gat (auch um den Hafen herum) erstreckt.",Die,Non-MRW,Non-MRW
W_316,2,"Die meisten Restaurants und Bars liegen entlang der langen und kürzlich renovierten Uferpromenade, die sich von der Bucht Son Moll bis fast zur Cala Gat (auch um den Hafen herum) erstreckt.",meisten,Non-MRW,Non-MRW
W_316,3,"Die meisten Restaurants und Bars liegen entlang der langen und kürzlich renovierten Uferpromenade, die sich von der Bucht Son Moll bis fast zur Cala Gat (auch um den Hafen herum) erstreckt.",Restaurants,Non-MRW,Non-MRW
W_316,4,"Die meisten Restaurants und Bars liegen entlang der langen und kürzlich renovierten Uferpromenade, die sich von der Bucht Son Moll bis fast zur Cala Gat (auch um den Hafen herum) erstreckt.",und,Non-MRW,Non-MRW
W_316,5,"Die meisten Restaurants und Bars liegen entlang der langen und kürzlich renovierten Uferpromenade, die sich von der Bucht Son Moll bis fast zur Cala Gat (auch um den Hafen herum) erstreckt.",Bars,Non-MRW,Non-MRW
W_316,6,"Die meisten Restaurants und Bars liegen entlang der langen und kürzlich renovierten Uferpromenade, die sich von der Bucht Son Moll bis fast zur Cala Gat (auch um den Hafen herum) erstreckt.",liegen,MRW,indirect
W_316,7,"Die meisten Restaurants und Bars liegen entlang der langen und kürzlich renovierten Uferpromenade, die sich von der Bucht Son Moll bis fast zur Cala Gat (auch um den Hafen herum) erstreckt.",entlang,Non-MRW,Non-MRW
W_316,8,"Die meisten Restaurants und Bars liegen entlang der langen und kürzlich renovierten Uferpromenade, die sich von der Bucht Son Moll bis fast zur Cala Gat (auch um den Hafen herum) erstreckt.",der,Non-MRW,Non-MRW
W_316,9,"Die meisten Restaurants und Bars liegen entlang der langen und kürzlich renovierten Uferpromenade, die sich von der Bucht Son Moll bis fast zur Cala Gat (auch um den Hafen herum) erstreckt.",langen,Non-MRW,Non-MRW
W_316,10,"Die meisten Restaurants und Bars liegen entlang der langen und kürzlich renovierten Uferpromenade, die sich von der Bucht Son Moll bis fast zur Cala Gat (auch um den Hafen herum) erstreckt.",und,Non-MRW,Non-MRW
W_316,11,"Die meisten Restaurants und Bars liegen entlang der langen und kürzlich renovierten Uferpromenade, die sich von der Bucht Son Moll bis fast zur Cala Gat (auch um den Hafen herum) erstreckt.",kürzlich,Non-MRW,Non-MRW
W_316,12,"Die meisten Restaurants und Bars liegen entlang der langen und kürzlich renovierten Uferpromenade, die sich von der Bucht Son Moll bis fast zur Cala Gat (auch um den Hafen herum) erstreckt.",renovierten,Non-MRW,Non-MRW
W_316,13,"Die meisten Restaurants und Bars liegen entlang der langen und kürzlich renovierten Uferpromenade, die sich von der Bucht Son Moll bis fast zur Cala Gat (auch um den Hafen herum) erstreckt.",Uferpromenade,Non-MRW,Non-MRW
W_316,14,"Die meisten Restaurants und Bars liegen entlang der langen und kürzlich renovierten Uferpromenade, die sich von der Bucht Son Moll bis fast zur Cala Gat (auch um den Hafen herum) erstreckt.",die,Non-MRW,Non-MRW
W_316,15,"Die meisten Restaurants und Bars liegen entlang der langen und kürzlich renovierten Uferpromenade, die sich von der Bucht Son Moll bis fast zur Cala Gat (auch um den Hafen herum) erstreckt.",sich,MWE,MWE
W_316,16,"Die meisten Restaurants und Bars liegen entlang der langen und kürzlich renovierten Uferpromenade, die sich von der Bucht Son Moll bis fast zur Cala Gat (auch um den Hafen herum) erstreckt.",von,Non-MRW,Non-MRW
W_316,17,"Die meisten Restaurants und Bars liegen entlang der langen und kürzlich renovierten Uferpromenade, die sich von der Bucht Son Moll bis fast zur Cala Gat (auch um den Hafen herum) erstreckt.",der,Non-MRW,Non-MRW
W_316,18,"Die meisten Restaurants und Bars liegen entlang der langen und kürzlich renovierten Uferpromenade, die sich von der Bucht Son Moll bis fast zur Cala Gat (auch um den Hafen herum) erstreckt.",Bucht,Non-MRW,Non-MRW
W_316,19,"Die meisten Restaurants und Bars liegen entlang der langen und kürzlich renovierten Uferpromenade, die sich von der Bucht Son Moll bis fast zur Cala Gat (auch um den Hafen herum) erstreckt.",Son,Non-MRW,Non-MRW
W_316,20,"Die meisten Restaurants und Bars liegen entlang der langen und kürzlich renovierten Uferpromenade, die sich von der Bucht Son Moll bis fast zur Cala Gat (auch um den Hafen herum) erstreckt.",Moll,MWE,MWE
W_316,21,"Die meisten Restaurants und Bars liegen entlang der langen und kürzlich renovierten Uferpromenade, die sich von der Bucht Son Moll bis fast zur Cala Gat (auch um den Hafen herum) erstreckt.",bis,Non-MRW,Non-MRW
W_316,22,"Die meisten Restaurants und Bars liegen entlang der langen und kürzlich renovierten Uferpromenade, die sich von der Bucht Son Moll bis fast zur Cala Gat (auch um den Hafen herum) erstreckt.",fast,Non-MRW,Non-MRW
W_316,23,"Die meisten Restaurants und Bars liegen entlang der langen und kürzlich renovierten Uferpromenade, die sich von der Bucht Son Moll bis fast zur Cala Gat (auch um den Hafen herum) erstreckt.",zur,Non-MRW,Non-MRW
W_316,24,"Die meisten Restaurants und Bars liegen entlang der langen und kürzlich renovierten Uferpromenade, die sich von der Bucht Son Moll bis fast zur Cala Gat (auch um den Hafen herum) erstreckt.",Cala,Non-MRW,Non-MRW
W_316,25,"Die meisten Restaurants und Bars liegen entlang der langen und kürzlich renovierten Uferpromenade, die sich von der Bucht Son Moll bis fast zur Cala Gat (auch um den Hafen herum) erstreckt.",Gat,MWE,MWE
W_316,26,"Die meisten Restaurants und Bars liegen entlang der langen und kürzlich renovierten Uferpromenade, die sich von der Bucht Son Moll bis fast zur Cala Gat (auch um den Hafen herum) erstreckt.",auch,Non-MRW,Non-MRW
W_316,27,"Die meisten Restaurants und Bars liegen entlang der langen und kürzlich renovierten Uferpromenade, die sich von der Bucht Son Moll bis fast zur Cala Gat (auch um den Hafen herum) erstreckt.",um,Non-MRW,Non-MRW
W_316,28,"Die meisten Restaurants und Bars liegen entlang der langen und kürzlich renovierten Uferpromenade, die sich von der Bucht Son Moll bis fast zur Cala Gat (auch um den Hafen herum) erstreckt.",den,Non-MRW,Non-MRW
W_316,29,"Die meisten Restaurants und Bars liegen entlang der langen und kürzlich renovierten Uferpromenade, die sich von der Bucht Son Moll bis fast zur Cala Gat (auch um den Hafen herum) erstreckt.",Hafen,Non-MRW,Non-MRW
W_316,30,"Die meisten Restaurants und Bars liegen entlang der langen und kürzlich renovierten Uferpromenade, die sich von der Bucht Son Moll bis fast zur Cala Gat (auch um den Hafen herum) erstreckt.",herum,Non-MRW,Non-MRW
W_316,31,"Die meisten Restaurants und Bars liegen entlang der langen und kürzlich renovierten Uferpromenade, die sich von der Bucht Son Moll bis fast zur Cala Gat (auch um den Hafen herum) erstreckt.",erstreckt,Non-MRW,Non-MRW
W_316,1,Von der eleganten ehemaligen Wandelhalle ist nur noch ein Teil vorhanden und ein Restaurant untergebracht. . Luisenplatz mit dem Waterloo-Obelisk.,Von,Non-MRW,Non-MRW
W_303,2,Von der eleganten ehemaligen Wandelhalle ist nur noch ein Teil vorhanden und ein Restaurant untergebracht. . Luisenplatz mit dem Waterloo-Obelisk.,der,Non-MRW,Non-MRW
W_303,3,Von der eleganten ehemaligen Wandelhalle ist nur noch ein Teil vorhanden und ein Restaurant untergebracht. . Luisenplatz mit dem Waterloo-Obelisk.,eleganten,Non-MRW,Non-MRW
W_303,4,Von der eleganten ehemaligen Wandelhalle ist nur noch ein Teil vorhanden und ein Restaurant untergebracht. . Luisenplatz mit dem Waterloo-Obelisk.,ehemaligen,Non-MRW,Non-MRW
W_303,5,Von der eleganten ehemaligen Wandelhalle ist nur noch ein Teil vorhanden und ein Restaurant untergebracht. . Luisenplatz mit dem Waterloo-Obelisk.,Wandelhalle,Non-MRW,Non-MRW
W_303,6,Von der eleganten ehemaligen Wandelhalle ist nur noch ein Teil vorhanden und ein Restaurant untergebracht. . Luisenplatz mit dem Waterloo-Obelisk.,ist,MWE,MWE
W_303,7,Von der eleganten ehemaligen Wandelhalle ist nur noch ein Teil vorhanden und ein Restaurant untergebracht. . Luisenplatz mit dem Waterloo-Obelisk.,nur,Non-MRW,Non-MRW
W_303,8,Von der eleganten ehemaligen Wandelhalle ist nur noch ein Teil vorhanden und ein Restaurant untergebracht. . Luisenplatz mit dem Waterloo-Obelisk.,noch,Non-MRW,Non-MRW
W_303,9,Von der eleganten ehemaligen Wandelhalle ist nur noch ein Teil vorhanden und ein Restaurant untergebracht. . Luisenplatz mit dem Waterloo-Obelisk.,ein,Non-MRW,Non-MRW
W_303,10,Von der eleganten ehemaligen Wandelhalle ist nur noch ein Teil vorhanden und ein Restaurant untergebracht. . Luisenplatz mit dem Waterloo-Obelisk.,Teil,Non-MRW,Non-MRW
W_303,11,Von der eleganten ehemaligen Wandelhalle ist nur noch ein Teil vorhanden und ein Restaurant untergebracht. . Luisenplatz mit dem Waterloo-Obelisk.,vorhanden,Non-MRW,Non-MRW
W_303,12,Von der eleganten ehemaligen Wandelhalle ist nur noch ein Teil vorhanden und ein Restaurant untergebracht. . Luisenplatz mit dem Waterloo-Obelisk.,und,Non-MRW,Non-MRW
W_303,13,Von der eleganten ehemaligen Wandelhalle ist nur noch ein Teil vorhanden und ein Restaurant untergebracht. . Luisenplatz mit dem Waterloo-Obelisk.,ein,Non-MRW,Non-MRW
W_303,14,Von der eleganten ehemaligen Wandelhalle ist nur noch ein Teil vorhanden und ein Restaurant untergebracht. . Luisenplatz mit dem Waterloo-Obelisk.,Restaurant,Non-MRW,Non-MRW
W_303,15,Von der eleganten ehemaligen Wandelhalle ist nur noch ein Teil vorhanden und ein Restaurant untergebracht. . Luisenplatz mit dem Waterloo-Obelisk.,untergebracht,Non-MRW,Non-MRW
W_303,16,Von der eleganten ehemaligen Wandelhalle ist nur noch ein Teil vorhanden und ein Restaurant untergebracht. . Luisenplatz mit dem Waterloo-Obelisk.,Luisenplatz,Non-MRW,Non-MRW
W_303,17,Von der eleganten ehemaligen Wandelhalle ist nur noch ein Teil vorhanden und ein Restaurant untergebracht. . Luisenplatz mit dem Waterloo-Obelisk.,mit,Non-MRW,Non-MRW
W_303,18,Von der eleganten ehemaligen Wandelhalle ist nur noch ein Teil vorhanden und ein Restaurant untergebracht. . Luisenplatz mit dem Waterloo-Obelisk.,dem,Non-MRW,Non-MRW
W_303,19,Von der eleganten ehemaligen Wandelhalle ist nur noch ein Teil vorhanden und ein Restaurant untergebracht. . Luisenplatz mit dem Waterloo-Obelisk.,WaterlooObelisk,Non-MRW,Non-MRW
W_303,1,Archäologische Ausgrabungen in der Barataschwili-Straße .,Archäologische,Non-MRW,Non-MRW
W_430,2,Archäologische Ausgrabungen in der Barataschwili-Straße .,Ausgrabungen,Non-MRW,Non-MRW
W_430,3,Archäologische Ausgrabungen in der Barataschwili-Straße .,in,MRW,indirect
W_430,4,Archäologische Ausgrabungen in der Barataschwili-Straße .,der,Non-MRW,Non-MRW
W_430,5,Archäologische Ausgrabungen in der Barataschwili-Straße .,BarataschwiliStraße,Non-MRW,Non-MRW
W_430,1,"Im Nordosten der Stadt im Stadtteil Toukola finden sich Fabrikverkäufe bekannter finnischer Manufakturen wie z. B. Arabia, Fiskars und Finnlayson.",Im,MRW,indirect
W_650,2,"Im Nordosten der Stadt im Stadtteil Toukola finden sich Fabrikverkäufe bekannter finnischer Manufakturen wie z. B. Arabia, Fiskars und Finnlayson.",Nordosten,Non-MRW,Non-MRW
W_650,3,"Im Nordosten der Stadt im Stadtteil Toukola finden sich Fabrikverkäufe bekannter finnischer Manufakturen wie z. B. Arabia, Fiskars und Finnlayson.",der,Non-MRW,Non-MRW
W_650,4,"Im Nordosten der Stadt im Stadtteil Toukola finden sich Fabrikverkäufe bekannter finnischer Manufakturen wie z. B. Arabia, Fiskars und Finnlayson.",Stadt,Non-MRW,Non-MRW
W_650,5,"Im Nordosten der Stadt im Stadtteil Toukola finden sich Fabrikverkäufe bekannter finnischer Manufakturen wie z. B. Arabia, Fiskars und Finnlayson.",im,MRW,indirect
W_650,6,"Im Nordosten der Stadt im Stadtteil Toukola finden sich Fabrikverkäufe bekannter finnischer Manufakturen wie z. B. Arabia, Fiskars und Finnlayson.",Stadtteil,Non-MRW,Non-MRW
W_650,7,"Im Nordosten der Stadt im Stadtteil Toukola finden sich Fabrikverkäufe bekannter finnischer Manufakturen wie z. B. Arabia, Fiskars und Finnlayson.",Toukola,Non-MRW,Non-MRW
W_650,8,"Im Nordosten der Stadt im Stadtteil Toukola finden sich Fabrikverkäufe bekannter finnischer Manufakturen wie z. B. Arabia, Fiskars und Finnlayson.",finden,MRW,indirect
W_650,9,"Im Nordosten der Stadt im Stadtteil Toukola finden sich Fabrikverkäufe bekannter finnischer Manufakturen wie z. B. Arabia, Fiskars und Finnlayson.",sich,MWE,MWE
W_650,10,"Im Nordosten der Stadt im Stadtteil Toukola finden sich Fabrikverkäufe bekannter finnischer Manufakturen wie z. B. Arabia, Fiskars und Finnlayson.",Fabrikverkäufe,Non-MRW,Non-MRW
W_650,11,"Im Nordosten der Stadt im Stadtteil Toukola finden sich Fabrikverkäufe bekannter finnischer Manufakturen wie z. B. Arabia, Fiskars und Finnlayson.",bekannter,Non-MRW,Non-MRW
W_650,12,"Im Nordosten der Stadt im Stadtteil Toukola finden sich Fabrikverkäufe bekannter finnischer Manufakturen wie z. B. Arabia, Fiskars und Finnlayson.",finnischer,Non-MRW,Non-MRW
W_650,13,"Im Nordosten der Stadt im Stadtteil Toukola finden sich Fabrikverkäufe bekannter finnischer Manufakturen wie z. B. Arabia, Fiskars und Finnlayson.",Manufakturen,Non-MRW,Non-MRW
W_650,14,"Im Nordosten der Stadt im Stadtteil Toukola finden sich Fabrikverkäufe bekannter finnischer Manufakturen wie z. B. Arabia, Fiskars und Finnlayson.",wie,Non-MRW,Non-MRW
W_650,15,"Im Nordosten der Stadt im Stadtteil Toukola finden sich Fabrikverkäufe bekannter finnischer Manufakturen wie z. B. Arabia, Fiskars und Finnlayson.",z,Non-MRW,Non-MRW
W_650,16,"Im Nordosten der Stadt im Stadtteil Toukola finden sich Fabrikverkäufe bekannter finnischer Manufakturen wie z. B. Arabia, Fiskars und Finnlayson.",B,MWE,MWE
W_650,17,"Im Nordosten der Stadt im Stadtteil Toukola finden sich Fabrikverkäufe bekannter finnischer Manufakturen wie z. B. Arabia, Fiskars und Finnlayson.",Arabia,Non-MRW,Non-MRW
W_650,18,"Im Nordosten der Stadt im Stadtteil Toukola finden sich Fabrikverkäufe bekannter finnischer Manufakturen wie z. B. Arabia, Fiskars und Finnlayson.",Fiskars,Non-MRW,Non-MRW
W_650,19,"Im Nordosten der Stadt im Stadtteil Toukola finden sich Fabrikverkäufe bekannter finnischer Manufakturen wie z. B. Arabia, Fiskars und Finnlayson.",und,Non-MRW,Non-MRW
W_650,20,"Im Nordosten der Stadt im Stadtteil Toukola finden sich Fabrikverkäufe bekannter finnischer Manufakturen wie z. B. Arabia, Fiskars und Finnlayson.",Finnlayson,Non-MRW,Non-MRW
W_650,1,"Die Triftbrücke ist eine 150 m lange Hängebrücke, von der wackeligen ""Aussichtsplattform"" ergibt sich ein grandioser Ausblick auf den Triftsee und die Gletscherzunge des Triftgletschers.",Die,Non-MRW,Non-MRW
W_177,2,"Die Triftbrücke ist eine 150 m lange Hängebrücke, von der wackeligen ""Aussichtsplattform"" ergibt sich ein grandioser Ausblick auf den Triftsee und die Gletscherzunge des Triftgletschers.",Triftbrücke,Non-MRW,Non-MRW
W_177,3,"Die Triftbrücke ist eine 150 m lange Hängebrücke, von der wackeligen ""Aussichtsplattform"" ergibt sich ein grandioser Ausblick auf den Triftsee und die Gletscherzunge des Triftgletschers.",ist,Non-MRW,Non-MRW
W_177,4,"Die Triftbrücke ist eine 150 m lange Hängebrücke, von der wackeligen ""Aussichtsplattform"" ergibt sich ein grandioser Ausblick auf den Triftsee und die Gletscherzunge des Triftgletschers.",eine,Non-MRW,Non-MRW
W_177,5,"Die Triftbrücke ist eine 150 m lange Hängebrücke, von der wackeligen ""Aussichtsplattform"" ergibt sich ein grandioser Ausblick auf den Triftsee und die Gletscherzunge des Triftgletschers.",m,Non-MRW,Non-MRW
W_177,6,"Die Triftbrücke ist eine 150 m lange Hängebrücke, von der wackeligen ""Aussichtsplattform"" ergibt sich ein grandioser Ausblick auf den Triftsee und die Gletscherzunge des Triftgletschers.",lange,Non-MRW,Non-MRW
W_177,7,"Die Triftbrücke ist eine 150 m lange Hängebrücke, von der wackeligen ""Aussichtsplattform"" ergibt sich ein grandioser Ausblick auf den Triftsee und die Gletscherzunge des Triftgletschers.",Hängebrücke,Non-MRW,Non-MRW
W_177,8,"Die Triftbrücke ist eine 150 m lange Hängebrücke, von der wackeligen ""Aussichtsplattform"" ergibt sich ein grandioser Ausblick auf den Triftsee und die Gletscherzunge des Triftgletschers.",von,Non-MRW,Non-MRW
W_177,9,"Die Triftbrücke ist eine 150 m lange Hängebrücke, von der wackeligen ""Aussichtsplattform"" ergibt sich ein grandioser Ausblick auf den Triftsee und die Gletscherzunge des Triftgletschers.",der,Non-MRW,Non-MRW
W_177,10,"Die Triftbrücke ist eine 150 m lange Hängebrücke, von der wackeligen ""Aussichtsplattform"" ergibt sich ein grandioser Ausblick auf den Triftsee und die Gletscherzunge des Triftgletschers.",wackeligen,Non-MRW,Non-MRW
W_177,11,"Die Triftbrücke ist eine 150 m lange Hängebrücke, von der wackeligen ""Aussichtsplattform"" ergibt sich ein grandioser Ausblick auf den Triftsee und die Gletscherzunge des Triftgletschers.",Aussichtsplattform,Non-MRW,Non-MRW
W_177,12,"Die Triftbrücke ist eine 150 m lange Hängebrücke, von der wackeligen ""Aussichtsplattform"" ergibt sich ein grandioser Ausblick auf den Triftsee und die Gletscherzunge des Triftgletschers.",ergibt,Non-MRW,Non-MRW
W_177,13,"Die Triftbrücke ist eine 150 m lange Hängebrücke, von der wackeligen ""Aussichtsplattform"" ergibt sich ein grandioser Ausblick auf den Triftsee und die Gletscherzunge des Triftgletschers.",sich,MWE,MWE
W_177,14,"Die Triftbrücke ist eine 150 m lange Hängebrücke, von der wackeligen ""Aussichtsplattform"" ergibt sich ein grandioser Ausblick auf den Triftsee und die Gletscherzunge des Triftgletschers.",ein,Non-MRW,Non-MRW
W_177,15,"Die Triftbrücke ist eine 150 m lange Hängebrücke, von der wackeligen ""Aussichtsplattform"" ergibt sich ein grandioser Ausblick auf den Triftsee und die Gletscherzunge des Triftgletschers.",grandioser,Non-MRW,Non-MRW
W_177,16,"Die Triftbrücke ist eine 150 m lange Hängebrücke, von der wackeligen ""Aussichtsplattform"" ergibt sich ein grandioser Ausblick auf den Triftsee und die Gletscherzunge des Triftgletschers.",Ausblick,Non-MRW,Non-MRW
W_177,17,"Die Triftbrücke ist eine 150 m lange Hängebrücke, von der wackeligen ""Aussichtsplattform"" ergibt sich ein grandioser Ausblick auf den Triftsee und die Gletscherzunge des Triftgletschers.",auf,MRW,indirect
W_177,18,"Die Triftbrücke ist eine 150 m lange Hängebrücke, von der wackeligen ""Aussichtsplattform"" ergibt sich ein grandioser Ausblick auf den Triftsee und die Gletscherzunge des Triftgletschers.",den,Non-MRW,Non-MRW
W_177,19,"Die Triftbrücke ist eine 150 m lange Hängebrücke, von der wackeligen ""Aussichtsplattform"" ergibt sich ein grandioser Ausblick auf den Triftsee und die Gletscherzunge des Triftgletschers.",Triftsee,Non-MRW,Non-MRW
W_177,20,"Die Triftbrücke ist eine 150 m lange Hängebrücke, von der wackeligen ""Aussichtsplattform"" ergibt sich ein grandioser Ausblick auf den Triftsee und die Gletscherzunge des Triftgletschers.",und,Non-MRW,Non-MRW
W_177,21,"Die Triftbrücke ist eine 150 m lange Hängebrücke, von der wackeligen ""Aussichtsplattform"" ergibt sich ein grandioser Ausblick auf den Triftsee und die Gletscherzunge des Triftgletschers.",die,Non-MRW,Non-MRW
W_177,22a,"Die Triftbrücke ist eine 150 m lange Hängebrücke, von der wackeligen ""Aussichtsplattform"" ergibt sich ein grandioser Ausblick auf den Triftsee und die Gletscherzunge des Triftgletschers.",Gletscher,Non-MRW,Non-MRW
W_177,22b,"Die Triftbrücke ist eine 150 m lange Hängebrücke, von der wackeligen ""Aussichtsplattform"" ergibt sich ein grandioser Ausblick auf den Triftsee und die Gletscherzunge des Triftgletschers.",zunge,MRW,indirect
W_177,23,"Die Triftbrücke ist eine 150 m lange Hängebrücke, von der wackeligen ""Aussichtsplattform"" ergibt sich ein grandioser Ausblick auf den Triftsee und die Gletscherzunge des Triftgletschers.",des,Non-MRW,Non-MRW
W_177,24,"Die Triftbrücke ist eine 150 m lange Hängebrücke, von der wackeligen ""Aussichtsplattform"" ergibt sich ein grandioser Ausblick auf den Triftsee und die Gletscherzunge des Triftgletschers.",Triftgletschers,Non-MRW,Non-MRW
W_177,1,Die Anlage hat einen Pool mit Spa und Sauna und einen Tennisplatz. .,Die,Non-MRW,Non-MRW
W_712,2,Die Anlage hat einen Pool mit Spa und Sauna und einen Tennisplatz. .,Anlage,Non-MRW,Non-MRW
W_712,3,Die Anlage hat einen Pool mit Spa und Sauna und einen Tennisplatz. .,hat,Non-MRW,Non-MRW
W_712,4,Die Anlage hat einen Pool mit Spa und Sauna und einen Tennisplatz. .,einen,Non-MRW,Non-MRW
W_712,5,Die Anlage hat einen Pool mit Spa und Sauna und einen Tennisplatz. .,Pool,Non-MRW,Non-MRW
W_712,6,Die Anlage hat einen Pool mit Spa und Sauna und einen Tennisplatz. .,mit,Non-MRW,Non-MRW
W_712,7,Die Anlage hat einen Pool mit Spa und Sauna und einen Tennisplatz. .,Spa,Non-MRW,Non-MRW
W_712,8,Die Anlage hat einen Pool mit Spa und Sauna und einen Tennisplatz. .,und,Non-MRW,Non-MRW
W_712,9,Die Anlage hat einen Pool mit Spa und Sauna und einen Tennisplatz. .,Sauna,Non-MRW,Non-MRW
W_712,10,Die Anlage hat einen Pool mit Spa und Sauna und einen Tennisplatz. .,und,Non-MRW,Non-MRW
W_712,11,Die Anlage hat einen Pool mit Spa und Sauna und einen Tennisplatz. .,einen,Non-MRW,Non-MRW
W_712,12,Die Anlage hat einen Pool mit Spa und Sauna und einen Tennisplatz. .,Tennisplatz,Non-MRW,Non-MRW
W_712,1,"Pod kovač: Sehr kleiner Strand unmittelbar unter der Altstadt, vom Hafen erreichbar.",Pod,Non-MRW,Non-MRW
W_751,2,"Pod kovač: Sehr kleiner Strand unmittelbar unter der Altstadt, vom Hafen erreichbar.",kova,MWE,MWE
W_751,3,"Pod kovač: Sehr kleiner Strand unmittelbar unter der Altstadt, vom Hafen erreichbar.",Sehr,Non-MRW,Non-MRW
W_751,4,"Pod kovač: Sehr kleiner Strand unmittelbar unter der Altstadt, vom Hafen erreichbar.",kleiner,Non-MRW,Non-MRW
W_751,5,"Pod kovač: Sehr kleiner Strand unmittelbar unter der Altstadt, vom Hafen erreichbar.",Strand,Non-MRW,Non-MRW
W_751,6,"Pod kovač: Sehr kleiner Strand unmittelbar unter der Altstadt, vom Hafen erreichbar.",unmittelbar,Non-MRW,Non-MRW
W_751,7,"Pod kovač: Sehr kleiner Strand unmittelbar unter der Altstadt, vom Hafen erreichbar.",unter,MRW,indirect
W_751,8,"Pod kovač: Sehr kleiner Strand unmittelbar unter der Altstadt, vom Hafen erreichbar.",der,Non-MRW,Non-MRW
W_751,9,"Pod kovač: Sehr kleiner Strand unmittelbar unter der Altstadt, vom Hafen erreichbar.",Altstadt,Non-MRW,Non-MRW
W_751,10,"Pod kovač: Sehr kleiner Strand unmittelbar unter der Altstadt, vom Hafen erreichbar.",vom,Non-MRW,Non-MRW
W_751,11,"Pod kovač: Sehr kleiner Strand unmittelbar unter der Altstadt, vom Hafen erreichbar.",Hafen,Non-MRW,Non-MRW
W_751,12,"Pod kovač: Sehr kleiner Strand unmittelbar unter der Altstadt, vom Hafen erreichbar.",erreichbar,Non-MRW,Non-MRW
W_751,1,"Bei Heshikiya ist die für Zivilisten gesperrte Basis der US-Marine, White Beach (inkl. vorgelagerter kleiner Inseln).",Bei,Non-MRW,Non-MRW
W_511,2,"Bei Heshikiya ist die für Zivilisten gesperrte Basis der US-Marine, White Beach (inkl. vorgelagerter kleiner Inseln).",Heshikiya,Non-MRW,Non-MRW
W_511,3,"Bei Heshikiya ist die für Zivilisten gesperrte Basis der US-Marine, White Beach (inkl. vorgelagerter kleiner Inseln).",ist,MWE,MWE
W_511,4,"Bei Heshikiya ist die für Zivilisten gesperrte Basis der US-Marine, White Beach (inkl. vorgelagerter kleiner Inseln).",die,Non-MRW,Non-MRW
W_511,5,"Bei Heshikiya ist die für Zivilisten gesperrte Basis der US-Marine, White Beach (inkl. vorgelagerter kleiner Inseln).",für,Non-MRW,Non-MRW
W_511,6,"Bei Heshikiya ist die für Zivilisten gesperrte Basis der US-Marine, White Beach (inkl. vorgelagerter kleiner Inseln).",Zivilisten,Non-MRW,Non-MRW
W_511,7,"Bei Heshikiya ist die für Zivilisten gesperrte Basis der US-Marine, White Beach (inkl. vorgelagerter kleiner Inseln).",gesperrte,Non-MRW,Non-MRW
W_511,8,"Bei Heshikiya ist die für Zivilisten gesperrte Basis der US-Marine, White Beach (inkl. vorgelagerter kleiner Inseln).",Basis,Non-MRW,Non-MRW
W_511,9,"Bei Heshikiya ist die für Zivilisten gesperrte Basis der US-Marine, White Beach (inkl. vorgelagerter kleiner Inseln).",der,Non-MRW,Non-MRW
W_511,10,"Bei Heshikiya ist die für Zivilisten gesperrte Basis der US-Marine, White Beach (inkl. vorgelagerter kleiner Inseln).",USMarine,Non-MRW,Non-MRW
W_511,11,"Bei Heshikiya ist die für Zivilisten gesperrte Basis der US-Marine, White Beach (inkl. vorgelagerter kleiner Inseln).",White,Non-MRW,Non-MRW
W_511,12,"Bei Heshikiya ist die für Zivilisten gesperrte Basis der US-Marine, White Beach (inkl. vorgelagerter kleiner Inseln).",Beach,MWE,MWE
W_511,13,"Bei Heshikiya ist die für Zivilisten gesperrte Basis der US-Marine, White Beach (inkl. vorgelagerter kleiner Inseln).",inkl,Non-MRW,Non-MRW
W_511,14,"Bei Heshikiya ist die für Zivilisten gesperrte Basis der US-Marine, White Beach (inkl. vorgelagerter kleiner Inseln).",vorgelagerter,Non-MRW,Non-MRW
W_511,15,"Bei Heshikiya ist die für Zivilisten gesperrte Basis der US-Marine, White Beach (inkl. vorgelagerter kleiner Inseln).",kleiner,Non-MRW,Non-MRW
W_511,16,"Bei Heshikiya ist die für Zivilisten gesperrte Basis der US-Marine, White Beach (inkl. vorgelagerter kleiner Inseln).",Inseln,Non-MRW,Non-MRW
W_511,1,"Seit 1986 besteht der Ahnepark, ein Landschaftspark mit einer Gesamtfläche von rund 9 ha im Zentrum des Ortes.",Seit,Non-MRW,Non-MRW
W_423,2,"Seit 1986 besteht der Ahnepark, ein Landschaftspark mit einer Gesamtfläche von rund 9 ha im Zentrum des Ortes.",besteht,Non-MRW,Non-MRW
W_423,3,"Seit 1986 besteht der Ahnepark, ein Landschaftspark mit einer Gesamtfläche von rund 9 ha im Zentrum des Ortes.",der,Non-MRW,Non-MRW
W_423,4,"Seit 1986 besteht der Ahnepark, ein Landschaftspark mit einer Gesamtfläche von rund 9 ha im Zentrum des Ortes.",Ahnepark,Non-MRW,Non-MRW
W_423,5,"Seit 1986 besteht der Ahnepark, ein Landschaftspark mit einer Gesamtfläche von rund 9 ha im Zentrum des Ortes.",ein,Non-MRW,Non-MRW
W_423,6,"Seit 1986 besteht der Ahnepark, ein Landschaftspark mit einer Gesamtfläche von rund 9 ha im Zentrum des Ortes.",Landschaftspark,Non-MRW,Non-MRW
W_423,7,"Seit 1986 besteht der Ahnepark, ein Landschaftspark mit einer Gesamtfläche von rund 9 ha im Zentrum des Ortes.",mit,Non-MRW,Non-MRW
W_423,8,"Seit 1986 besteht der Ahnepark, ein Landschaftspark mit einer Gesamtfläche von rund 9 ha im Zentrum des Ortes.",einer,Non-MRW,Non-MRW
W_423,9,"Seit 1986 besteht der Ahnepark, ein Landschaftspark mit einer Gesamtfläche von rund 9 ha im Zentrum des Ortes.",Gesamtfläche,Non-MRW,Non-MRW
W_423,10,"Seit 1986 besteht der Ahnepark, ein Landschaftspark mit einer Gesamtfläche von rund 9 ha im Zentrum des Ortes.",von,Non-MRW,Non-MRW
W_423,11,"Seit 1986 besteht der Ahnepark, ein Landschaftspark mit einer Gesamtfläche von rund 9 ha im Zentrum des Ortes.",rund,Non-MRW,Non-MRW
W_423,12,"Seit 1986 besteht der Ahnepark, ein Landschaftspark mit einer Gesamtfläche von rund 9 ha im Zentrum des Ortes.",ha,Non-MRW,Non-MRW
W_423,13,"Seit 1986 besteht der Ahnepark, ein Landschaftspark mit einer Gesamtfläche von rund 9 ha im Zentrum des Ortes.",im,MRW,indirect
W_423,14,"Seit 1986 besteht der Ahnepark, ein Landschaftspark mit einer Gesamtfläche von rund 9 ha im Zentrum des Ortes.",Zentrum,Non-MRW,Non-MRW
W_423,15,"Seit 1986 besteht der Ahnepark, ein Landschaftspark mit einer Gesamtfläche von rund 9 ha im Zentrum des Ortes.",des,Non-MRW,Non-MRW
W_423,16,"Seit 1986 besteht der Ahnepark, ein Landschaftspark mit einer Gesamtfläche von rund 9 ha im Zentrum des Ortes.",Ortes,Non-MRW,Non-MRW
W_423,1,"Die engen Gassen der Altstadt mit ihren teils penetranten Verkäufern; die Toten, die zu dem Verbrennungs-Ghat getragen werden, die vielen Kühe in den Gassen plus ihrer Haufen.",Die,Non-MRW,Non-MRW
W_268,2,"Die engen Gassen der Altstadt mit ihren teils penetranten Verkäufern; die Toten, die zu dem Verbrennungs-Ghat getragen werden, die vielen Kühe in den Gassen plus ihrer Haufen.",engen,Non-MRW,Non-MRW
W_268,3,"Die engen Gassen der Altstadt mit ihren teils penetranten Verkäufern; die Toten, die zu dem Verbrennungs-Ghat getragen werden, die vielen Kühe in den Gassen plus ihrer Haufen.",Gassen,Non-MRW,Non-MRW
W_268,4,"Die engen Gassen der Altstadt mit ihren teils penetranten Verkäufern; die Toten, die zu dem Verbrennungs-Ghat getragen werden, die vielen Kühe in den Gassen plus ihrer Haufen.",der,Non-MRW,Non-MRW
W_268,5,"Die engen Gassen der Altstadt mit ihren teils penetranten Verkäufern; die Toten, die zu dem Verbrennungs-Ghat getragen werden, die vielen Kühe in den Gassen plus ihrer Haufen.",Altstadt,Non-MRW,Non-MRW
W_268,6,"Die engen Gassen der Altstadt mit ihren teils penetranten Verkäufern; die Toten, die zu dem Verbrennungs-Ghat getragen werden, die vielen Kühe in den Gassen plus ihrer Haufen.",mit,Non-MRW,Non-MRW
W_268,7,"Die engen Gassen der Altstadt mit ihren teils penetranten Verkäufern; die Toten, die zu dem Verbrennungs-Ghat getragen werden, die vielen Kühe in den Gassen plus ihrer Haufen.",ihren,Non-MRW,Non-MRW
W_268,8,"Die engen Gassen der Altstadt mit ihren teils penetranten Verkäufern; die Toten, die zu dem Verbrennungs-Ghat getragen werden, die vielen Kühe in den Gassen plus ihrer Haufen.",teils,Non-MRW,Non-MRW
W_268,9,"Die engen Gassen der Altstadt mit ihren teils penetranten Verkäufern; die Toten, die zu dem Verbrennungs-Ghat getragen werden, die vielen Kühe in den Gassen plus ihrer Haufen.",penetranten,Non-MRW,Non-MRW
W_268,10,"Die engen Gassen der Altstadt mit ihren teils penetranten Verkäufern; die Toten, die zu dem Verbrennungs-Ghat getragen werden, die vielen Kühe in den Gassen plus ihrer Haufen.",Verkäufern,Non-MRW,Non-MRW
W_268,11,"Die engen Gassen der Altstadt mit ihren teils penetranten Verkäufern; die Toten, die zu dem Verbrennungs-Ghat getragen werden, die vielen Kühe in den Gassen plus ihrer Haufen.",die,Non-MRW,Non-MRW
W_268,12,"Die engen Gassen der Altstadt mit ihren teils penetranten Verkäufern; die Toten, die zu dem Verbrennungs-Ghat getragen werden, die vielen Kühe in den Gassen plus ihrer Haufen.",Toten,Non-MRW,Non-MRW
W_268,13,"Die engen Gassen der Altstadt mit ihren teils penetranten Verkäufern; die Toten, die zu dem Verbrennungs-Ghat getragen werden, die vielen Kühe in den Gassen plus ihrer Haufen.",die,Non-MRW,Non-MRW
W_268,14,"Die engen Gassen der Altstadt mit ihren teils penetranten Verkäufern; die Toten, die zu dem Verbrennungs-Ghat getragen werden, die vielen Kühe in den Gassen plus ihrer Haufen.",zu,Non-MRW,Non-MRW
W_268,15,"Die engen Gassen der Altstadt mit ihren teils penetranten Verkäufern; die Toten, die zu dem Verbrennungs-Ghat getragen werden, die vielen Kühe in den Gassen plus ihrer Haufen.",dem,Non-MRW,Non-MRW
W_268,16,"Die engen Gassen der Altstadt mit ihren teils penetranten Verkäufern; die Toten, die zu dem Verbrennungs-Ghat getragen werden, die vielen Kühe in den Gassen plus ihrer Haufen.",VerbrennungsGhat,Non-MRW,Non-MRW
W_268,17,"Die engen Gassen der Altstadt mit ihren teils penetranten Verkäufern; die Toten, die zu dem Verbrennungs-Ghat getragen werden, die vielen Kühe in den Gassen plus ihrer Haufen.",getragen,Non-MRW,Non-MRW
W_268,18,"Die engen Gassen der Altstadt mit ihren teils penetranten Verkäufern; die Toten, die zu dem Verbrennungs-Ghat getragen werden, die vielen Kühe in den Gassen plus ihrer Haufen.",werden,Non-MRW,Non-MRW
W_268,19,"Die engen Gassen der Altstadt mit ihren teils penetranten Verkäufern; die Toten, die zu dem Verbrennungs-Ghat getragen werden, die vielen Kühe in den Gassen plus ihrer Haufen.",die,Non-MRW,Non-MRW
W_268,20,"Die engen Gassen der Altstadt mit ihren teils penetranten Verkäufern; die Toten, die zu dem Verbrennungs-Ghat getragen werden, die vielen Kühe in den Gassen plus ihrer Haufen.",vielen,Non-MRW,Non-MRW
W_268,21,"Die engen Gassen der Altstadt mit ihren teils penetranten Verkäufern; die Toten, die zu dem Verbrennungs-Ghat getragen werden, die vielen Kühe in den Gassen plus ihrer Haufen.",Kühe,Non-MRW,Non-MRW
W_268,22,"Die engen Gassen der Altstadt mit ihren teils penetranten Verkäufern; die Toten, die zu dem Verbrennungs-Ghat getragen werden, die vielen Kühe in den Gassen plus ihrer Haufen.",in,MRW,indirect
W_268,23,"Die engen Gassen der Altstadt mit ihren teils penetranten Verkäufern; die Toten, die zu dem Verbrennungs-Ghat getragen werden, die vielen Kühe in den Gassen plus ihrer Haufen.",den,Non-MRW,Non-MRW
W_268,24,"Die engen Gassen der Altstadt mit ihren teils penetranten Verkäufern; die Toten, die zu dem Verbrennungs-Ghat getragen werden, die vielen Kühe in den Gassen plus ihrer Haufen.",Gassen,Non-MRW,Non-MRW
W_268,25,"Die engen Gassen der Altstadt mit ihren teils penetranten Verkäufern; die Toten, die zu dem Verbrennungs-Ghat getragen werden, die vielen Kühe in den Gassen plus ihrer Haufen.",plus,Non-MRW,Non-MRW
W_268,26,"Die engen Gassen der Altstadt mit ihren teils penetranten Verkäufern; die Toten, die zu dem Verbrennungs-Ghat getragen werden, die vielen Kühe in den Gassen plus ihrer Haufen.",ihrer,Non-MRW,Non-MRW
W_268,27,"Die engen Gassen der Altstadt mit ihren teils penetranten Verkäufern; die Toten, die zu dem Verbrennungs-Ghat getragen werden, die vielen Kühe in den Gassen plus ihrer Haufen.",Haufen,Non-MRW,Non-MRW
W_268,1,Auf der Deutzer Seite beginnt nördlich der Brücke der Rheinpark mit dem Tanzbrunnen.,Auf,MRW,indirect
W_464,2,Auf der Deutzer Seite beginnt nördlich der Brücke der Rheinpark mit dem Tanzbrunnen.,der,Non-MRW,Non-MRW
W_464,3,Auf der Deutzer Seite beginnt nördlich der Brücke der Rheinpark mit dem Tanzbrunnen.,Deutzer,Non-MRW,Non-MRW
W_464,4,Auf der Deutzer Seite beginnt nördlich der Brücke der Rheinpark mit dem Tanzbrunnen.,Seite,Non-MRW,Non-MRW
W_464,5,Auf der Deutzer Seite beginnt nördlich der Brücke der Rheinpark mit dem Tanzbrunnen.,beginnt,MRW,indirect
W_464,6,Auf der Deutzer Seite beginnt nördlich der Brücke der Rheinpark mit dem Tanzbrunnen.,nördlich,Non-MRW,Non-MRW
W_464,7,Auf der Deutzer Seite beginnt nördlich der Brücke der Rheinpark mit dem Tanzbrunnen.,der,Non-MRW,Non-MRW
W_464,8,Auf der Deutzer Seite beginnt nördlich der Brücke der Rheinpark mit dem Tanzbrunnen.,Brücke,Non-MRW,Non-MRW
W_464,9,Auf der Deutzer Seite beginnt nördlich der Brücke der Rheinpark mit dem Tanzbrunnen.,der,Non-MRW,Non-MRW
W_464,10,Auf der Deutzer Seite beginnt nördlich der Brücke der Rheinpark mit dem Tanzbrunnen.,Rheinpark,Non-MRW,Non-MRW
W_464,11,Auf der Deutzer Seite beginnt nördlich der Brücke der Rheinpark mit dem Tanzbrunnen.,mit,Non-MRW,Non-MRW
W_464,12,Auf der Deutzer Seite beginnt nördlich der Brücke der Rheinpark mit dem Tanzbrunnen.,dem,Non-MRW,Non-MRW
W_464,13,Auf der Deutzer Seite beginnt nördlich der Brücke der Rheinpark mit dem Tanzbrunnen.,Tanzbrunnen,Non-MRW,Non-MRW
W_464,1,"Hier gibt es unter anderem den Kurpark, den St. Viktor Dom und den Archäologischen Park zu entdecken.",Hier,Non-MRW,Non-MRW
W_145,2,"Hier gibt es unter anderem den Kurpark, den St. Viktor Dom und den Archäologischen Park zu entdecken.",gibt,Non-MRW,Non-MRW
W_145,3,"Hier gibt es unter anderem den Kurpark, den St. Viktor Dom und den Archäologischen Park zu entdecken.",es,Non-MRW,Non-MRW
W_145,4,"Hier gibt es unter anderem den Kurpark, den St. Viktor Dom und den Archäologischen Park zu entdecken.",unter,MRW,indirect
W_145,5,"Hier gibt es unter anderem den Kurpark, den St. Viktor Dom und den Archäologischen Park zu entdecken.",anderem,MWE,MWE
W_145,6,"Hier gibt es unter anderem den Kurpark, den St. Viktor Dom und den Archäologischen Park zu entdecken.",den,Non-MRW,Non-MRW
W_145,7,"Hier gibt es unter anderem den Kurpark, den St. Viktor Dom und den Archäologischen Park zu entdecken.",Kurpark,Non-MRW,Non-MRW
W_145,8,"Hier gibt es unter anderem den Kurpark, den St. Viktor Dom und den Archäologischen Park zu entdecken.",den,Non-MRW,Non-MRW
W_145,9,"Hier gibt es unter anderem den Kurpark, den St. Viktor Dom und den Archäologischen Park zu entdecken.",St,Non-MRW,Non-MRW
W_145,10,"Hier gibt es unter anderem den Kurpark, den St. Viktor Dom und den Archäologischen Park zu entdecken.",Viktor,MWE,MWE
W_145,11,"Hier gibt es unter anderem den Kurpark, den St. Viktor Dom und den Archäologischen Park zu entdecken.",Dom,MWE,MWE
W_145,12,"Hier gibt es unter anderem den Kurpark, den St. Viktor Dom und den Archäologischen Park zu entdecken.",und,Non-MRW,Non-MRW
W_145,13,"Hier gibt es unter anderem den Kurpark, den St. Viktor Dom und den Archäologischen Park zu entdecken.",den,Non-MRW,Non-MRW
W_145,14,"Hier gibt es unter anderem den Kurpark, den St. Viktor Dom und den Archäologischen Park zu entdecken.",Archäologischen,Non-MRW,Non-MRW
W_145,15,"Hier gibt es unter anderem den Kurpark, den St. Viktor Dom und den Archäologischen Park zu entdecken.",Park,MWE,MWE
W_145,16,"Hier gibt es unter anderem den Kurpark, den St. Viktor Dom und den Archäologischen Park zu entdecken.",zu,Non-MRW,Non-MRW
W_145,17,"Hier gibt es unter anderem den Kurpark, den St. Viktor Dom und den Archäologischen Park zu entdecken.",entdecken,Non-MRW,Non-MRW
W_145,1,Der Weitwanderweg der Romantischen Straße führt ebenfalls durch die Stadt.,Der,Non-MRW,Non-MRW
W_480,2,Der Weitwanderweg der Romantischen Straße führt ebenfalls durch die Stadt.,Weitwanderweg,Non-MRW,Non-MRW
W_480,3,Der Weitwanderweg der Romantischen Straße führt ebenfalls durch die Stadt.,der,Non-MRW,Non-MRW
W_480,4,Der Weitwanderweg der Romantischen Straße führt ebenfalls durch die Stadt.,Romantischen,Non-MRW,Non-MRW
W_480,5,Der Weitwanderweg der Romantischen Straße führt ebenfalls durch die Stadt.,Straße,MWE,MWE
W_480,6,Der Weitwanderweg der Romantischen Straße führt ebenfalls durch die Stadt.,führt,MRW,indirect
W_480,7,Der Weitwanderweg der Romantischen Straße führt ebenfalls durch die Stadt.,ebenfalls,Non-MRW,Non-MRW
W_480,8,Der Weitwanderweg der Romantischen Straße führt ebenfalls durch die Stadt.,durch,Non-MRW,Non-MRW
W_480,9,Der Weitwanderweg der Romantischen Straße führt ebenfalls durch die Stadt.,die,Non-MRW,Non-MRW
W_480,10,Der Weitwanderweg der Romantischen Straße führt ebenfalls durch die Stadt.,Stadt,Non-MRW,Non-MRW
W_480,1,"Der Golf von Aqaba oder Golf von Akaba (خليج العقبة), ist eine 190 Kilometer lange langgestreckte Bucht und eine natürliche Wasserstraße, die am Nordrand des Roten Meeres beginnt und den Sinai von der Arabischen Halbinsel trennt.",Der,Non-MRW,Non-MRW
W_463,2,"Der Golf von Aqaba oder Golf von Akaba (خليج العقبة), ist eine 190 Kilometer lange langgestreckte Bucht und eine natürliche Wasserstraße, die am Nordrand des Roten Meeres beginnt und den Sinai von der Arabischen Halbinsel trennt.",Golf,Non-MRW,Non-MRW
W_463,3,"Der Golf von Aqaba oder Golf von Akaba (خليج العقبة), ist eine 190 Kilometer lange langgestreckte Bucht und eine natürliche Wasserstraße, die am Nordrand des Roten Meeres beginnt und den Sinai von der Arabischen Halbinsel trennt.",von,MWE,MWE
W_463,4,"Der Golf von Aqaba oder Golf von Akaba (خليج العقبة), ist eine 190 Kilometer lange langgestreckte Bucht und eine natürliche Wasserstraße, die am Nordrand des Roten Meeres beginnt und den Sinai von der Arabischen Halbinsel trennt.",Aqaba,MWE,MWE
W_463,5,"Der Golf von Aqaba oder Golf von Akaba (خليج العقبة), ist eine 190 Kilometer lange langgestreckte Bucht und eine natürliche Wasserstraße, die am Nordrand des Roten Meeres beginnt und den Sinai von der Arabischen Halbinsel trennt.",oder,Non-MRW,Non-MRW
W_463,6,"Der Golf von Aqaba oder Golf von Akaba (خليج العقبة), ist eine 190 Kilometer lange langgestreckte Bucht und eine natürliche Wasserstraße, die am Nordrand des Roten Meeres beginnt und den Sinai von der Arabischen Halbinsel trennt.",Golf,Non-MRW,Non-MRW
W_463,7,"Der Golf von Aqaba oder Golf von Akaba (خليج العقبة), ist eine 190 Kilometer lange langgestreckte Bucht und eine natürliche Wasserstraße, die am Nordrand des Roten Meeres beginnt und den Sinai von der Arabischen Halbinsel trennt.",von,MWE,MWE
W_463,8,"Der Golf von Aqaba oder Golf von Akaba (خليج العقبة), ist eine 190 Kilometer lange langgestreckte Bucht und eine natürliche Wasserstraße, die am Nordrand des Roten Meeres beginnt und den Sinai von der Arabischen Halbinsel trennt.",Akaba,MWE,MWE
W_463,9,"Der Golf von Aqaba oder Golf von Akaba (خليج العقبة), ist eine 190 Kilometer lange langgestreckte Bucht und eine natürliche Wasserstraße, die am Nordrand des Roten Meeres beginnt und den Sinai von der Arabischen Halbinsel trennt.",ist,Non-MRW,Non-MRW
W_463,10,"Der Golf von Aqaba oder Golf von Akaba (خليج العقبة), ist eine 190 Kilometer lange langgestreckte Bucht und eine natürliche Wasserstraße, die am Nordrand des Roten Meeres beginnt und den Sinai von der Arabischen Halbinsel trennt.",eine,Non-MRW,Non-MRW
W_463,11,"Der Golf von Aqaba oder Golf von Akaba (خليج العقبة), ist eine 190 Kilometer lange langgestreckte Bucht und eine natürliche Wasserstraße, die am Nordrand des Roten Meeres beginnt und den Sinai von der Arabischen Halbinsel trennt.",Kilometer,Non-MRW,Non-MRW
W_463,12,"Der Golf von Aqaba oder Golf von Akaba (خليج العقبة), ist eine 190 Kilometer lange langgestreckte Bucht und eine natürliche Wasserstraße, die am Nordrand des Roten Meeres beginnt und den Sinai von der Arabischen Halbinsel trennt.",lange,Non-MRW,Non-MRW
W_463,13,"Der Golf von Aqaba oder Golf von Akaba (خليج العقبة), ist eine 190 Kilometer lange langgestreckte Bucht und eine natürliche Wasserstraße, die am Nordrand des Roten Meeres beginnt und den Sinai von der Arabischen Halbinsel trennt.",langgestreckte,Non-MRW,Non-MRW
W_463,14,"Der Golf von Aqaba oder Golf von Akaba (خليج العقبة), ist eine 190 Kilometer lange langgestreckte Bucht und eine natürliche Wasserstraße, die am Nordrand des Roten Meeres beginnt und den Sinai von der Arabischen Halbinsel trennt.",Bucht,Non-MRW,Non-MRW
W_463,15,"Der Golf von Aqaba oder Golf von Akaba (خليج العقبة), ist eine 190 Kilometer lange langgestreckte Bucht und eine natürliche Wasserstraße, die am Nordrand des Roten Meeres beginnt und den Sinai von der Arabischen Halbinsel trennt.",und,Non-MRW,Non-MRW
W_463,16,"Der Golf von Aqaba oder Golf von Akaba (خليج العقبة), ist eine 190 Kilometer lange langgestreckte Bucht und eine natürliche Wasserstraße, die am Nordrand des Roten Meeres beginnt und den Sinai von der Arabischen Halbinsel trennt.",eine,Non-MRW,Non-MRW
W_463,17,"Der Golf von Aqaba oder Golf von Akaba (خليج العقبة), ist eine 190 Kilometer lange langgestreckte Bucht und eine natürliche Wasserstraße, die am Nordrand des Roten Meeres beginnt und den Sinai von der Arabischen Halbinsel trennt.",natürliche,Non-MRW,Non-MRW
W_463,18,"Der Golf von Aqaba oder Golf von Akaba (خليج العقبة), ist eine 190 Kilometer lange langgestreckte Bucht und eine natürliche Wasserstraße, die am Nordrand des Roten Meeres beginnt und den Sinai von der Arabischen Halbinsel trennt.",Wasserstraße,Non-MRW,Non-MRW
W_463,19,"Der Golf von Aqaba oder Golf von Akaba (خليج العقبة), ist eine 190 Kilometer lange langgestreckte Bucht und eine natürliche Wasserstraße, die am Nordrand des Roten Meeres beginnt und den Sinai von der Arabischen Halbinsel trennt.",die,Non-MRW,Non-MRW
W_463,20,"Der Golf von Aqaba oder Golf von Akaba (خليج العقبة), ist eine 190 Kilometer lange langgestreckte Bucht und eine natürliche Wasserstraße, die am Nordrand des Roten Meeres beginnt und den Sinai von der Arabischen Halbinsel trennt.",am,Non-MRW,Non-MRW
W_463,21,"Der Golf von Aqaba oder Golf von Akaba (خليج العقبة), ist eine 190 Kilometer lange langgestreckte Bucht und eine natürliche Wasserstraße, die am Nordrand des Roten Meeres beginnt und den Sinai von der Arabischen Halbinsel trennt.",Nordrand,Non-MRW,Non-MRW
W_463,22,"Der Golf von Aqaba oder Golf von Akaba (خليج العقبة), ist eine 190 Kilometer lange langgestreckte Bucht und eine natürliche Wasserstraße, die am Nordrand des Roten Meeres beginnt und den Sinai von der Arabischen Halbinsel trennt.",des,Non-MRW,Non-MRW
W_463,23,"Der Golf von Aqaba oder Golf von Akaba (خليج العقبة), ist eine 190 Kilometer lange langgestreckte Bucht und eine natürliche Wasserstraße, die am Nordrand des Roten Meeres beginnt und den Sinai von der Arabischen Halbinsel trennt.",Roten,Non-MRW,Non-MRW
W_463,24,"Der Golf von Aqaba oder Golf von Akaba (خليج العقبة), ist eine 190 Kilometer lange langgestreckte Bucht und eine natürliche Wasserstraße, die am Nordrand des Roten Meeres beginnt und den Sinai von der Arabischen Halbinsel trennt.",Meeres,MWE,MWE
W_463,25,"Der Golf von Aqaba oder Golf von Akaba (خليج العقبة), ist eine 190 Kilometer lange langgestreckte Bucht und eine natürliche Wasserstraße, die am Nordrand des Roten Meeres beginnt und den Sinai von der Arabischen Halbinsel trennt.",beginnt,MRW,indirect
W_463,26,"Der Golf von Aqaba oder Golf von Akaba (خليج العقبة), ist eine 190 Kilometer lange langgestreckte Bucht und eine natürliche Wasserstraße, die am Nordrand des Roten Meeres beginnt und den Sinai von der Arabischen Halbinsel trennt.",und,Non-MRW,Non-MRW
W_463,27,"Der Golf von Aqaba oder Golf von Akaba (خليج العقبة), ist eine 190 Kilometer lange langgestreckte Bucht und eine natürliche Wasserstraße, die am Nordrand des Roten Meeres beginnt und den Sinai von der Arabischen Halbinsel trennt.",den,Non-MRW,Non-MRW
W_463,28,"Der Golf von Aqaba oder Golf von Akaba (خليج العقبة), ist eine 190 Kilometer lange langgestreckte Bucht und eine natürliche Wasserstraße, die am Nordrand des Roten Meeres beginnt und den Sinai von der Arabischen Halbinsel trennt.",Sinai,Non-MRW,Non-MRW
W_463,29,"Der Golf von Aqaba oder Golf von Akaba (خليج العقبة), ist eine 190 Kilometer lange langgestreckte Bucht und eine natürliche Wasserstraße, die am Nordrand des Roten Meeres beginnt und den Sinai von der Arabischen Halbinsel trennt.",von,Non-MRW,Non-MRW
W_463,30,"Der Golf von Aqaba oder Golf von Akaba (خليج العقبة), ist eine 190 Kilometer lange langgestreckte Bucht und eine natürliche Wasserstraße, die am Nordrand des Roten Meeres beginnt und den Sinai von der Arabischen Halbinsel trennt.",der,Non-MRW,Non-MRW
W_463,31,"Der Golf von Aqaba oder Golf von Akaba (خليج العقبة), ist eine 190 Kilometer lange langgestreckte Bucht und eine natürliche Wasserstraße, die am Nordrand des Roten Meeres beginnt und den Sinai von der Arabischen Halbinsel trennt.",Arabischen,Non-MRW,Non-MRW
W_463,32,"Der Golf von Aqaba oder Golf von Akaba (خليج العقبة), ist eine 190 Kilometer lange langgestreckte Bucht und eine natürliche Wasserstraße, die am Nordrand des Roten Meeres beginnt und den Sinai von der Arabischen Halbinsel trennt.",Halbinsel,MWE,MWE
W_463,33,"Der Golf von Aqaba oder Golf von Akaba (خليج العقبة), ist eine 190 Kilometer lange langgestreckte Bucht und eine natürliche Wasserstraße, die am Nordrand des Roten Meeres beginnt und den Sinai von der Arabischen Halbinsel trennt.",trennt,MRW,indirect
W_463,1,Der Cirque de Cilaos ist ein Kraterkessel und beliebtes Wandergebiet südlich des Vulkans Piton des Neiges auf der Insel Réunion im Indischen Ozean.,Der,Non-MRW,Non-MRW
W_615,2,Der Cirque de Cilaos ist ein Kraterkessel und beliebtes Wandergebiet südlich des Vulkans Piton des Neiges auf der Insel Réunion im Indischen Ozean.,Cirque,Non-MRW,Non-MRW
W_615,3,Der Cirque de Cilaos ist ein Kraterkessel und beliebtes Wandergebiet südlich des Vulkans Piton des Neiges auf der Insel Réunion im Indischen Ozean.,de,MWE,MWE
W_615,4,Der Cirque de Cilaos ist ein Kraterkessel und beliebtes Wandergebiet südlich des Vulkans Piton des Neiges auf der Insel Réunion im Indischen Ozean.,Cilaos,MWE,MWE
W_615,5,Der Cirque de Cilaos ist ein Kraterkessel und beliebtes Wandergebiet südlich des Vulkans Piton des Neiges auf der Insel Réunion im Indischen Ozean.,ist,Non-MRW,Non-MRW
W_615,6,Der Cirque de Cilaos ist ein Kraterkessel und beliebtes Wandergebiet südlich des Vulkans Piton des Neiges auf der Insel Réunion im Indischen Ozean.,ein,Non-MRW,Non-MRW
W_615,7,Der Cirque de Cilaos ist ein Kraterkessel und beliebtes Wandergebiet südlich des Vulkans Piton des Neiges auf der Insel Réunion im Indischen Ozean.,Kraterkessel,Non-MRW,Non-MRW
W_615,8,Der Cirque de Cilaos ist ein Kraterkessel und beliebtes Wandergebiet südlich des Vulkans Piton des Neiges auf der Insel Réunion im Indischen Ozean.,und,Non-MRW,Non-MRW
W_615,9,Der Cirque de Cilaos ist ein Kraterkessel und beliebtes Wandergebiet südlich des Vulkans Piton des Neiges auf der Insel Réunion im Indischen Ozean.,beliebtes,Non-MRW,Non-MRW
W_615,10,Der Cirque de Cilaos ist ein Kraterkessel und beliebtes Wandergebiet südlich des Vulkans Piton des Neiges auf der Insel Réunion im Indischen Ozean.,Wandergebiet,Non-MRW,Non-MRW
W_615,11,Der Cirque de Cilaos ist ein Kraterkessel und beliebtes Wandergebiet südlich des Vulkans Piton des Neiges auf der Insel Réunion im Indischen Ozean.,südlich,Non-MRW,Non-MRW
W_615,12,Der Cirque de Cilaos ist ein Kraterkessel und beliebtes Wandergebiet südlich des Vulkans Piton des Neiges auf der Insel Réunion im Indischen Ozean.,des,Non-MRW,Non-MRW
W_615,13,Der Cirque de Cilaos ist ein Kraterkessel und beliebtes Wandergebiet südlich des Vulkans Piton des Neiges auf der Insel Réunion im Indischen Ozean.,Vulkans,Non-MRW,Non-MRW
W_615,14,Der Cirque de Cilaos ist ein Kraterkessel und beliebtes Wandergebiet südlich des Vulkans Piton des Neiges auf der Insel Réunion im Indischen Ozean.,Piton,Non-MRW,Non-MRW
W_615,15,Der Cirque de Cilaos ist ein Kraterkessel und beliebtes Wandergebiet südlich des Vulkans Piton des Neiges auf der Insel Réunion im Indischen Ozean.,des,MWE,MWE
W_615,16,Der Cirque de Cilaos ist ein Kraterkessel und beliebtes Wandergebiet südlich des Vulkans Piton des Neiges auf der Insel Réunion im Indischen Ozean.,Neiges,MWE,MWE
W_615,17,Der Cirque de Cilaos ist ein Kraterkessel und beliebtes Wandergebiet südlich des Vulkans Piton des Neiges auf der Insel Réunion im Indischen Ozean.,auf,Non-MRW,Non-MRW
W_615,18,Der Cirque de Cilaos ist ein Kraterkessel und beliebtes Wandergebiet südlich des Vulkans Piton des Neiges auf der Insel Réunion im Indischen Ozean.,der,Non-MRW,Non-MRW
W_615,19,Der Cirque de Cilaos ist ein Kraterkessel und beliebtes Wandergebiet südlich des Vulkans Piton des Neiges auf der Insel Réunion im Indischen Ozean.,Insel,Non-MRW,Non-MRW
W_615,20,Der Cirque de Cilaos ist ein Kraterkessel und beliebtes Wandergebiet südlich des Vulkans Piton des Neiges auf der Insel Réunion im Indischen Ozean.,Runion,Non-MRW,Non-MRW
W_615,21,Der Cirque de Cilaos ist ein Kraterkessel und beliebtes Wandergebiet südlich des Vulkans Piton des Neiges auf der Insel Réunion im Indischen Ozean.,im,Non-MRW,Non-MRW
W_615,22,Der Cirque de Cilaos ist ein Kraterkessel und beliebtes Wandergebiet südlich des Vulkans Piton des Neiges auf der Insel Réunion im Indischen Ozean.,Indischen,Non-MRW,Non-MRW
W_615,23,Der Cirque de Cilaos ist ein Kraterkessel und beliebtes Wandergebiet südlich des Vulkans Piton des Neiges auf der Insel Réunion im Indischen Ozean.,Ozean,MWE,MWE
W_615,1,"In der Umgebung findet man mehrere Naturschutzgebiete mit seltenen Pflanzen- und Tierarten, zahlreiche Weinberge und die ersten Ausläufer des Spessarts.",In,MRW,indirect
W_60,2,"In der Umgebung findet man mehrere Naturschutzgebiete mit seltenen Pflanzen- und Tierarten, zahlreiche Weinberge und die ersten Ausläufer des Spessarts.",der,Non-MRW,Non-MRW
W_60,3,"In der Umgebung findet man mehrere Naturschutzgebiete mit seltenen Pflanzen- und Tierarten, zahlreiche Weinberge und die ersten Ausläufer des Spessarts.",Umgebung,Non-MRW,Non-MRW
W_60,4,"In der Umgebung findet man mehrere Naturschutzgebiete mit seltenen Pflanzen- und Tierarten, zahlreiche Weinberge und die ersten Ausläufer des Spessarts.",findet,MRW,indirect
W_60,5,"In der Umgebung findet man mehrere Naturschutzgebiete mit seltenen Pflanzen- und Tierarten, zahlreiche Weinberge und die ersten Ausläufer des Spessarts.",man,Non-MRW,Non-MRW
W_60,6,"In der Umgebung findet man mehrere Naturschutzgebiete mit seltenen Pflanzen- und Tierarten, zahlreiche Weinberge und die ersten Ausläufer des Spessarts.",mehrere,Non-MRW,Non-MRW
W_60,7,"In der Umgebung findet man mehrere Naturschutzgebiete mit seltenen Pflanzen- und Tierarten, zahlreiche Weinberge und die ersten Ausläufer des Spessarts.",Naturschutzgebiete,Non-MRW,Non-MRW
W_60,8,"In der Umgebung findet man mehrere Naturschutzgebiete mit seltenen Pflanzen- und Tierarten, zahlreiche Weinberge und die ersten Ausläufer des Spessarts.",mit,Non-MRW,Non-MRW
W_60,9,"In der Umgebung findet man mehrere Naturschutzgebiete mit seltenen Pflanzen- und Tierarten, zahlreiche Weinberge und die ersten Ausläufer des Spessarts.",seltenen,Non-MRW,Non-MRW
W_60,10,"In der Umgebung findet man mehrere Naturschutzgebiete mit seltenen Pflanzen- und Tierarten, zahlreiche Weinberge und die ersten Ausläufer des Spessarts.",Pflanzen,Non-MRW,Non-MRW
W_60,11,"In der Umgebung findet man mehrere Naturschutzgebiete mit seltenen Pflanzen- und Tierarten, zahlreiche Weinberge und die ersten Ausläufer des Spessarts.",und,Non-MRW,Non-MRW
W_60,12,"In der Umgebung findet man mehrere Naturschutzgebiete mit seltenen Pflanzen- und Tierarten, zahlreiche Weinberge und die ersten Ausläufer des Spessarts.",Tierarten,Non-MRW,Non-MRW
W_60,13,"In der Umgebung findet man mehrere Naturschutzgebiete mit seltenen Pflanzen- und Tierarten, zahlreiche Weinberge und die ersten Ausläufer des Spessarts.",zahlreiche,Non-MRW,Non-MRW
W_60,14,"In der Umgebung findet man mehrere Naturschutzgebiete mit seltenen Pflanzen- und Tierarten, zahlreiche Weinberge und die ersten Ausläufer des Spessarts.",Weinberge,Non-MRW,Non-MRW
W_60,15,"In der Umgebung findet man mehrere Naturschutzgebiete mit seltenen Pflanzen- und Tierarten, zahlreiche Weinberge und die ersten Ausläufer des Spessarts.",und,Non-MRW,Non-MRW
W_60,16,"In der Umgebung findet man mehrere Naturschutzgebiete mit seltenen Pflanzen- und Tierarten, zahlreiche Weinberge und die ersten Ausläufer des Spessarts.",die,Non-MRW,Non-MRW
W_60,17,"In der Umgebung findet man mehrere Naturschutzgebiete mit seltenen Pflanzen- und Tierarten, zahlreiche Weinberge und die ersten Ausläufer des Spessarts.",ersten,Non-MRW,Non-MRW
W_60,18,"In der Umgebung findet man mehrere Naturschutzgebiete mit seltenen Pflanzen- und Tierarten, zahlreiche Weinberge und die ersten Ausläufer des Spessarts.",Ausläufer,Non-MRW,Non-MRW
W_60,19,"In der Umgebung findet man mehrere Naturschutzgebiete mit seltenen Pflanzen- und Tierarten, zahlreiche Weinberge und die ersten Ausläufer des Spessarts.",des,Non-MRW,Non-MRW
W_60,20,"In der Umgebung findet man mehrere Naturschutzgebiete mit seltenen Pflanzen- und Tierarten, zahlreiche Weinberge und die ersten Ausläufer des Spessarts.",Spessarts,Non-MRW,Non-MRW
W_60,1,"Grein bietet sich wegen seinem Angebot an Gastronomie, Hotellerie sowie einem Campingplatz als Zwischenstopp bzw. Übernachtungsstopp an.",Grein,Non-MRW,Non-MRW
W_597,2,"Grein bietet sich wegen seinem Angebot an Gastronomie, Hotellerie sowie einem Campingplatz als Zwischenstopp bzw. Übernachtungsstopp an.",bietet,Non-MRW,Non-MRW
W_597,3,"Grein bietet sich wegen seinem Angebot an Gastronomie, Hotellerie sowie einem Campingplatz als Zwischenstopp bzw. Übernachtungsstopp an.",sich,MWE,MWE
W_597,4,"Grein bietet sich wegen seinem Angebot an Gastronomie, Hotellerie sowie einem Campingplatz als Zwischenstopp bzw. Übernachtungsstopp an.",wegen,Non-MRW,Non-MRW
W_597,5,"Grein bietet sich wegen seinem Angebot an Gastronomie, Hotellerie sowie einem Campingplatz als Zwischenstopp bzw. Übernachtungsstopp an.",seinem,Non-MRW,Non-MRW
W_597,6,"Grein bietet sich wegen seinem Angebot an Gastronomie, Hotellerie sowie einem Campingplatz als Zwischenstopp bzw. Übernachtungsstopp an.",Angebot,Non-MRW,Non-MRW
W_597,7,"Grein bietet sich wegen seinem Angebot an Gastronomie, Hotellerie sowie einem Campingplatz als Zwischenstopp bzw. Übernachtungsstopp an.",an,Non-MRW,Non-MRW
W_597,8,"Grein bietet sich wegen seinem Angebot an Gastronomie, Hotellerie sowie einem Campingplatz als Zwischenstopp bzw. Übernachtungsstopp an.",Gastronomie,Non-MRW,Non-MRW
W_597,9,"Grein bietet sich wegen seinem Angebot an Gastronomie, Hotellerie sowie einem Campingplatz als Zwischenstopp bzw. Übernachtungsstopp an.",Hotellerie,Non-MRW,Non-MRW
W_597,10,"Grein bietet sich wegen seinem Angebot an Gastronomie, Hotellerie sowie einem Campingplatz als Zwischenstopp bzw. Übernachtungsstopp an.",sowie,Non-MRW,Non-MRW
W_597,11,"Grein bietet sich wegen seinem Angebot an Gastronomie, Hotellerie sowie einem Campingplatz als Zwischenstopp bzw. Übernachtungsstopp an.",einem,Non-MRW,Non-MRW
W_597,12,"Grein bietet sich wegen seinem Angebot an Gastronomie, Hotellerie sowie einem Campingplatz als Zwischenstopp bzw. Übernachtungsstopp an.",Campingplatz,Non-MRW,Non-MRW
W_597,13,"Grein bietet sich wegen seinem Angebot an Gastronomie, Hotellerie sowie einem Campingplatz als Zwischenstopp bzw. Übernachtungsstopp an.",als,Non-MRW,Non-MRW
W_597,14,"Grein bietet sich wegen seinem Angebot an Gastronomie, Hotellerie sowie einem Campingplatz als Zwischenstopp bzw. Übernachtungsstopp an.",Zwischenstopp,Non-MRW,Non-MRW
W_597,15,"Grein bietet sich wegen seinem Angebot an Gastronomie, Hotellerie sowie einem Campingplatz als Zwischenstopp bzw. Übernachtungsstopp an.",bzw,Non-MRW,Non-MRW
W_597,16,"Grein bietet sich wegen seinem Angebot an Gastronomie, Hotellerie sowie einem Campingplatz als Zwischenstopp bzw. Übernachtungsstopp an.",Übernachtungsstopp,Non-MRW,Non-MRW
W_597,17,"Grein bietet sich wegen seinem Angebot an Gastronomie, Hotellerie sowie einem Campingplatz als Zwischenstopp bzw. Übernachtungsstopp an.",an,MWE,MWE
W_597,1,Der Ort liegt östlich der Weichsel in der historischen Region Pomesanien zwischen mehreren Seen und ist insbesondere für die backsteingotischen Ordensburgruinen sowie Kirchen bekannt.,Der,Non-MRW,Non-MRW
W_431,2,Der Ort liegt östlich der Weichsel in der historischen Region Pomesanien zwischen mehreren Seen und ist insbesondere für die backsteingotischen Ordensburgruinen sowie Kirchen bekannt.,Ort,Non-MRW,Non-MRW
W_431,3,Der Ort liegt östlich der Weichsel in der historischen Region Pomesanien zwischen mehreren Seen und ist insbesondere für die backsteingotischen Ordensburgruinen sowie Kirchen bekannt.,liegt,MRW,indirect
W_431,4,Der Ort liegt östlich der Weichsel in der historischen Region Pomesanien zwischen mehreren Seen und ist insbesondere für die backsteingotischen Ordensburgruinen sowie Kirchen bekannt.,östlich,Non-MRW,Non-MRW
W_431,5,Der Ort liegt östlich der Weichsel in der historischen Region Pomesanien zwischen mehreren Seen und ist insbesondere für die backsteingotischen Ordensburgruinen sowie Kirchen bekannt.,der,Non-MRW,Non-MRW
W_431,6,Der Ort liegt östlich der Weichsel in der historischen Region Pomesanien zwischen mehreren Seen und ist insbesondere für die backsteingotischen Ordensburgruinen sowie Kirchen bekannt.,Weichsel,Non-MRW,Non-MRW
W_431,7,Der Ort liegt östlich der Weichsel in der historischen Region Pomesanien zwischen mehreren Seen und ist insbesondere für die backsteingotischen Ordensburgruinen sowie Kirchen bekannt.,in,MRW,indirect
W_431,8,Der Ort liegt östlich der Weichsel in der historischen Region Pomesanien zwischen mehreren Seen und ist insbesondere für die backsteingotischen Ordensburgruinen sowie Kirchen bekannt.,der,Non-MRW,Non-MRW
W_431,9,Der Ort liegt östlich der Weichsel in der historischen Region Pomesanien zwischen mehreren Seen und ist insbesondere für die backsteingotischen Ordensburgruinen sowie Kirchen bekannt.,historischen,Non-MRW,Non-MRW
W_431,10,Der Ort liegt östlich der Weichsel in der historischen Region Pomesanien zwischen mehreren Seen und ist insbesondere für die backsteingotischen Ordensburgruinen sowie Kirchen bekannt.,Region,Non-MRW,Non-MRW
W_431,11,Der Ort liegt östlich der Weichsel in der historischen Region Pomesanien zwischen mehreren Seen und ist insbesondere für die backsteingotischen Ordensburgruinen sowie Kirchen bekannt.,Pomesanien,Non-MRW,Non-MRW
W_431,12,Der Ort liegt östlich der Weichsel in der historischen Region Pomesanien zwischen mehreren Seen und ist insbesondere für die backsteingotischen Ordensburgruinen sowie Kirchen bekannt.,zwischen,Non-MRW,Non-MRW
W_431,13,Der Ort liegt östlich der Weichsel in der historischen Region Pomesanien zwischen mehreren Seen und ist insbesondere für die backsteingotischen Ordensburgruinen sowie Kirchen bekannt.,mehreren,Non-MRW,Non-MRW
W_431,14,Der Ort liegt östlich der Weichsel in der historischen Region Pomesanien zwischen mehreren Seen und ist insbesondere für die backsteingotischen Ordensburgruinen sowie Kirchen bekannt.,Seen,Non-MRW,Non-MRW
W_431,15,Der Ort liegt östlich der Weichsel in der historischen Region Pomesanien zwischen mehreren Seen und ist insbesondere für die backsteingotischen Ordensburgruinen sowie Kirchen bekannt.,und,Non-MRW,Non-MRW
W_431,16,Der Ort liegt östlich der Weichsel in der historischen Region Pomesanien zwischen mehreren Seen und ist insbesondere für die backsteingotischen Ordensburgruinen sowie Kirchen bekannt.,ist,Non-MRW,Non-MRW
W_431,17,Der Ort liegt östlich der Weichsel in der historischen Region Pomesanien zwischen mehreren Seen und ist insbesondere für die backsteingotischen Ordensburgruinen sowie Kirchen bekannt.,insbesondere,Non-MRW,Non-MRW
W_431,18,Der Ort liegt östlich der Weichsel in der historischen Region Pomesanien zwischen mehreren Seen und ist insbesondere für die backsteingotischen Ordensburgruinen sowie Kirchen bekannt.,für,Non-MRW,Non-MRW
W_431,19,Der Ort liegt östlich der Weichsel in der historischen Region Pomesanien zwischen mehreren Seen und ist insbesondere für die backsteingotischen Ordensburgruinen sowie Kirchen bekannt.,die,Non-MRW,Non-MRW
W_431,20,Der Ort liegt östlich der Weichsel in der historischen Region Pomesanien zwischen mehreren Seen und ist insbesondere für die backsteingotischen Ordensburgruinen sowie Kirchen bekannt.,backsteingotischen,Non-MRW,Non-MRW
W_431,21,Der Ort liegt östlich der Weichsel in der historischen Region Pomesanien zwischen mehreren Seen und ist insbesondere für die backsteingotischen Ordensburgruinen sowie Kirchen bekannt.,Ordensburgruinen,Non-MRW,Non-MRW
W_431,22,Der Ort liegt östlich der Weichsel in der historischen Region Pomesanien zwischen mehreren Seen und ist insbesondere für die backsteingotischen Ordensburgruinen sowie Kirchen bekannt.,sowie,Non-MRW,Non-MRW
W_431,23,Der Ort liegt östlich der Weichsel in der historischen Region Pomesanien zwischen mehreren Seen und ist insbesondere für die backsteingotischen Ordensburgruinen sowie Kirchen bekannt.,Kirchen,Non-MRW,Non-MRW
W_431,24,Der Ort liegt östlich der Weichsel in der historischen Region Pomesanien zwischen mehreren Seen und ist insbesondere für die backsteingotischen Ordensburgruinen sowie Kirchen bekannt.,bekannt,Non-MRW,Non-MRW
W_431,1,"São Roque: Diese Stadt liegt an der Nordküste von Pico und ist bekannt für ihre schönen Naturschwimmbecken, in denen Besucher baden können.",So,Non-MRW,Non-MRW
W_673,2,"São Roque: Diese Stadt liegt an der Nordküste von Pico und ist bekannt für ihre schönen Naturschwimmbecken, in denen Besucher baden können.",Roque,MWE,MWE
W_673,3,"São Roque: Diese Stadt liegt an der Nordküste von Pico und ist bekannt für ihre schönen Naturschwimmbecken, in denen Besucher baden können.",Diese,Non-MRW,Non-MRW
W_673,4,"São Roque: Diese Stadt liegt an der Nordküste von Pico und ist bekannt für ihre schönen Naturschwimmbecken, in denen Besucher baden können.",Stadt,Non-MRW,Non-MRW
W_673,5,"São Roque: Diese Stadt liegt an der Nordküste von Pico und ist bekannt für ihre schönen Naturschwimmbecken, in denen Besucher baden können.",liegt,MRW,indirect
W_673,6,"São Roque: Diese Stadt liegt an der Nordküste von Pico und ist bekannt für ihre schönen Naturschwimmbecken, in denen Besucher baden können.",an,Non-MRW,Non-MRW
W_673,7,"São Roque: Diese Stadt liegt an der Nordküste von Pico und ist bekannt für ihre schönen Naturschwimmbecken, in denen Besucher baden können.",der,Non-MRW,Non-MRW
W_673,8,"São Roque: Diese Stadt liegt an der Nordküste von Pico und ist bekannt für ihre schönen Naturschwimmbecken, in denen Besucher baden können.",Nordküste,Non-MRW,Non-MRW
W_673,9,"São Roque: Diese Stadt liegt an der Nordküste von Pico und ist bekannt für ihre schönen Naturschwimmbecken, in denen Besucher baden können.",von,Non-MRW,Non-MRW
W_673,10,"São Roque: Diese Stadt liegt an der Nordküste von Pico und ist bekannt für ihre schönen Naturschwimmbecken, in denen Besucher baden können.",Pico,Non-MRW,Non-MRW
W_673,11,"São Roque: Diese Stadt liegt an der Nordküste von Pico und ist bekannt für ihre schönen Naturschwimmbecken, in denen Besucher baden können.",und,Non-MRW,Non-MRW
W_673,12,"São Roque: Diese Stadt liegt an der Nordküste von Pico und ist bekannt für ihre schönen Naturschwimmbecken, in denen Besucher baden können.",ist,Non-MRW,Non-MRW
W_673,13,"São Roque: Diese Stadt liegt an der Nordküste von Pico und ist bekannt für ihre schönen Naturschwimmbecken, in denen Besucher baden können.",bekannt,Non-MRW,Non-MRW
W_673,14,"São Roque: Diese Stadt liegt an der Nordküste von Pico und ist bekannt für ihre schönen Naturschwimmbecken, in denen Besucher baden können.",für,Non-MRW,Non-MRW
W_673,15,"São Roque: Diese Stadt liegt an der Nordküste von Pico und ist bekannt für ihre schönen Naturschwimmbecken, in denen Besucher baden können.",ihre,Non-MRW,Non-MRW
W_673,16,"São Roque: Diese Stadt liegt an der Nordküste von Pico und ist bekannt für ihre schönen Naturschwimmbecken, in denen Besucher baden können.",schönen,Non-MRW,Non-MRW
W_673,17,"São Roque: Diese Stadt liegt an der Nordküste von Pico und ist bekannt für ihre schönen Naturschwimmbecken, in denen Besucher baden können.",Naturschwimmbecken,Non-MRW,Non-MRW
W_673,18,"São Roque: Diese Stadt liegt an der Nordküste von Pico und ist bekannt für ihre schönen Naturschwimmbecken, in denen Besucher baden können.",in,Non-MRW,Non-MRW
W_673,19,"São Roque: Diese Stadt liegt an der Nordküste von Pico und ist bekannt für ihre schönen Naturschwimmbecken, in denen Besucher baden können.",denen,Non-MRW,Non-MRW
W_673,20,"São Roque: Diese Stadt liegt an der Nordküste von Pico und ist bekannt für ihre schönen Naturschwimmbecken, in denen Besucher baden können.",Besucher,Non-MRW,Non-MRW
W_673,21,"São Roque: Diese Stadt liegt an der Nordküste von Pico und ist bekannt für ihre schönen Naturschwimmbecken, in denen Besucher baden können.",baden,Non-MRW,Non-MRW
W_673,22,"São Roque: Diese Stadt liegt an der Nordküste von Pico und ist bekannt für ihre schönen Naturschwimmbecken, in denen Besucher baden können.",können,Non-MRW,Non-MRW
W_673,1,"Die Statue blickt zur Straße, das bedeutet, dass sich der zugehörige Tempel hinter der Statue im Bereich des Friedhofs befindet.",Die,Non-MRW,Non-MRW
W_204,2,"Die Statue blickt zur Straße, das bedeutet, dass sich der zugehörige Tempel hinter der Statue im Bereich des Friedhofs befindet.",Statue,Non-MRW,Non-MRW
W_204,3,"Die Statue blickt zur Straße, das bedeutet, dass sich der zugehörige Tempel hinter der Statue im Bereich des Friedhofs befindet.",blickt,MRW,indirect
W_204,4,"Die Statue blickt zur Straße, das bedeutet, dass sich der zugehörige Tempel hinter der Statue im Bereich des Friedhofs befindet.",zur,Non-MRW,Non-MRW
W_204,5,"Die Statue blickt zur Straße, das bedeutet, dass sich der zugehörige Tempel hinter der Statue im Bereich des Friedhofs befindet.",Straße,Non-MRW,Non-MRW
W_204,6,"Die Statue blickt zur Straße, das bedeutet, dass sich der zugehörige Tempel hinter der Statue im Bereich des Friedhofs befindet.",das,Non-MRW,Non-MRW
W_204,7,"Die Statue blickt zur Straße, das bedeutet, dass sich der zugehörige Tempel hinter der Statue im Bereich des Friedhofs befindet.",bedeutet,Non-MRW,Non-MRW
W_204,8,"Die Statue blickt zur Straße, das bedeutet, dass sich der zugehörige Tempel hinter der Statue im Bereich des Friedhofs befindet.",dass,Non-MRW,Non-MRW
W_204,9,"Die Statue blickt zur Straße, das bedeutet, dass sich der zugehörige Tempel hinter der Statue im Bereich des Friedhofs befindet.",sich,MWE,MWE
W_204,10,"Die Statue blickt zur Straße, das bedeutet, dass sich der zugehörige Tempel hinter der Statue im Bereich des Friedhofs befindet.",der,Non-MRW,Non-MRW
W_204,11,"Die Statue blickt zur Straße, das bedeutet, dass sich der zugehörige Tempel hinter der Statue im Bereich des Friedhofs befindet.",zugehörige,Non-MRW,Non-MRW
W_204,12,"Die Statue blickt zur Straße, das bedeutet, dass sich der zugehörige Tempel hinter der Statue im Bereich des Friedhofs befindet.",Tempel,Non-MRW,Non-MRW
W_204,13,"Die Statue blickt zur Straße, das bedeutet, dass sich der zugehörige Tempel hinter der Statue im Bereich des Friedhofs befindet.",hinter,Non-MRW,Non-MRW
W_204,14,"Die Statue blickt zur Straße, das bedeutet, dass sich der zugehörige Tempel hinter der Statue im Bereich des Friedhofs befindet.",der,Non-MRW,Non-MRW
W_204,15,"Die Statue blickt zur Straße, das bedeutet, dass sich der zugehörige Tempel hinter der Statue im Bereich des Friedhofs befindet.",Statue,Non-MRW,Non-MRW
W_204,16,"Die Statue blickt zur Straße, das bedeutet, dass sich der zugehörige Tempel hinter der Statue im Bereich des Friedhofs befindet.",im,Non-MRW,Non-MRW
W_204,17,"Die Statue blickt zur Straße, das bedeutet, dass sich der zugehörige Tempel hinter der Statue im Bereich des Friedhofs befindet.",Bereich,Non-MRW,Non-MRW
W_204,18,"Die Statue blickt zur Straße, das bedeutet, dass sich der zugehörige Tempel hinter der Statue im Bereich des Friedhofs befindet.",des,Non-MRW,Non-MRW
W_204,19,"Die Statue blickt zur Straße, das bedeutet, dass sich der zugehörige Tempel hinter der Statue im Bereich des Friedhofs befindet.",Friedhofs,Non-MRW,Non-MRW
W_204,20,"Die Statue blickt zur Straße, das bedeutet, dass sich der zugehörige Tempel hinter der Statue im Bereich des Friedhofs befindet.",befindet,Non-MRW,Non-MRW
W_204,1,"Wiley Post Airport: kleiner regionaler Flughafen, touristisch wenig bedeutungsvoll.",Wiley,Non-MRW,Non-MRW
W_768,2,"Wiley Post Airport: kleiner regionaler Flughafen, touristisch wenig bedeutungsvoll.",Post,MWE,MWE
W_768,3,"Wiley Post Airport: kleiner regionaler Flughafen, touristisch wenig bedeutungsvoll.",Airport,MWE,MWE
W_768,4,"Wiley Post Airport: kleiner regionaler Flughafen, touristisch wenig bedeutungsvoll.",kleiner,Non-MRW,Non-MRW
W_768,5,"Wiley Post Airport: kleiner regionaler Flughafen, touristisch wenig bedeutungsvoll.",regionaler,Non-MRW,Non-MRW
W_768,6,"Wiley Post Airport: kleiner regionaler Flughafen, touristisch wenig bedeutungsvoll.",Flughafen,Non-MRW,Non-MRW
W_768,7,"Wiley Post Airport: kleiner regionaler Flughafen, touristisch wenig bedeutungsvoll.",touristisch,Non-MRW,Non-MRW
W_768,8,"Wiley Post Airport: kleiner regionaler Flughafen, touristisch wenig bedeutungsvoll.",wenig,Non-MRW,Non-MRW
W_768,9,"Wiley Post Airport: kleiner regionaler Flughafen, touristisch wenig bedeutungsvoll.",bedeutungsvoll,Non-MRW,Non-MRW
W_768,1,"Der Flughafen hat zwei Start- und Landebahnen mit 3.200 bzw. 2.670 Metern Länge, die Landung der Boeing B747 ist möglich.",Der,Non-MRW,Non-MRW
W_666,2,"Der Flughafen hat zwei Start- und Landebahnen mit 3.200 bzw. 2.670 Metern Länge, die Landung der Boeing B747 ist möglich.",Flughafen,Non-MRW,Non-MRW
W_666,3,"Der Flughafen hat zwei Start- und Landebahnen mit 3.200 bzw. 2.670 Metern Länge, die Landung der Boeing B747 ist möglich.",hat,WIDLII,WIDLII
W_666,4,"Der Flughafen hat zwei Start- und Landebahnen mit 3.200 bzw. 2.670 Metern Länge, die Landung der Boeing B747 ist möglich.",zwei,Non-MRW,Non-MRW
W_666,5,"Der Flughafen hat zwei Start- und Landebahnen mit 3.200 bzw. 2.670 Metern Länge, die Landung der Boeing B747 ist möglich.",Start,Non-MRW,Non-MRW
W_666,6,"Der Flughafen hat zwei Start- und Landebahnen mit 3.200 bzw. 2.670 Metern Länge, die Landung der Boeing B747 ist möglich.",und,Non-MRW,Non-MRW
W_666,7,"Der Flughafen hat zwei Start- und Landebahnen mit 3.200 bzw. 2.670 Metern Länge, die Landung der Boeing B747 ist möglich.",Landebahnen,Non-MRW,Non-MRW
W_666,8,"Der Flughafen hat zwei Start- und Landebahnen mit 3.200 bzw. 2.670 Metern Länge, die Landung der Boeing B747 ist möglich.",mit,Non-MRW,Non-MRW
W_666,9,"Der Flughafen hat zwei Start- und Landebahnen mit 3.200 bzw. 2.670 Metern Länge, die Landung der Boeing B747 ist möglich.",bzw,Non-MRW,Non-MRW
W_666,10,"Der Flughafen hat zwei Start- und Landebahnen mit 3.200 bzw. 2.670 Metern Länge, die Landung der Boeing B747 ist möglich.",Metern,Non-MRW,Non-MRW
W_666,11,"Der Flughafen hat zwei Start- und Landebahnen mit 3.200 bzw. 2.670 Metern Länge, die Landung der Boeing B747 ist möglich.",Länge,Non-MRW,Non-MRW
W_666,12,"Der Flughafen hat zwei Start- und Landebahnen mit 3.200 bzw. 2.670 Metern Länge, die Landung der Boeing B747 ist möglich.",die,Non-MRW,Non-MRW
W_666,13,"Der Flughafen hat zwei Start- und Landebahnen mit 3.200 bzw. 2.670 Metern Länge, die Landung der Boeing B747 ist möglich.",Landung,Non-MRW,Non-MRW
W_666,14,"Der Flughafen hat zwei Start- und Landebahnen mit 3.200 bzw. 2.670 Metern Länge, die Landung der Boeing B747 ist möglich.",der,Non-MRW,Non-MRW
W_666,15,"Der Flughafen hat zwei Start- und Landebahnen mit 3.200 bzw. 2.670 Metern Länge, die Landung der Boeing B747 ist möglich.",Boeing,Non-MRW,Non-MRW
W_666,16,"Der Flughafen hat zwei Start- und Landebahnen mit 3.200 bzw. 2.670 Metern Länge, die Landung der Boeing B747 ist möglich.",B747,MWE,MWE
W_666,17,"Der Flughafen hat zwei Start- und Landebahnen mit 3.200 bzw. 2.670 Metern Länge, die Landung der Boeing B747 ist möglich.",ist,Non-MRW,Non-MRW
W_666,18,"Der Flughafen hat zwei Start- und Landebahnen mit 3.200 bzw. 2.670 Metern Länge, die Landung der Boeing B747 ist möglich.",möglich,Non-MRW,Non-MRW
W_666,1,"Neben Opuntien ist die Insel von bodendeckenden Pflanzen der Gattung Sesuvium besiedelt, welche sich in der Trockenzeit intensiv rot färben, ein imposantes Farbenspiel.",Neben,MRW,indirect
W_298,2,"Neben Opuntien ist die Insel von bodendeckenden Pflanzen der Gattung Sesuvium besiedelt, welche sich in der Trockenzeit intensiv rot färben, ein imposantes Farbenspiel.",Opuntien,Non-MRW,Non-MRW
W_298,3,"Neben Opuntien ist die Insel von bodendeckenden Pflanzen der Gattung Sesuvium besiedelt, welche sich in der Trockenzeit intensiv rot färben, ein imposantes Farbenspiel.",ist,Non-MRW,Non-MRW
W_298,4,"Neben Opuntien ist die Insel von bodendeckenden Pflanzen der Gattung Sesuvium besiedelt, welche sich in der Trockenzeit intensiv rot färben, ein imposantes Farbenspiel.",die,Non-MRW,Non-MRW
W_298,5,"Neben Opuntien ist die Insel von bodendeckenden Pflanzen der Gattung Sesuvium besiedelt, welche sich in der Trockenzeit intensiv rot färben, ein imposantes Farbenspiel.",Insel,Non-MRW,Non-MRW
W_298,6,"Neben Opuntien ist die Insel von bodendeckenden Pflanzen der Gattung Sesuvium besiedelt, welche sich in der Trockenzeit intensiv rot färben, ein imposantes Farbenspiel.",von,Non-MRW,Non-MRW
W_298,7,"Neben Opuntien ist die Insel von bodendeckenden Pflanzen der Gattung Sesuvium besiedelt, welche sich in der Trockenzeit intensiv rot färben, ein imposantes Farbenspiel.",bodendeckenden,Non-MRW,Non-MRW
W_298,8,"Neben Opuntien ist die Insel von bodendeckenden Pflanzen der Gattung Sesuvium besiedelt, welche sich in der Trockenzeit intensiv rot färben, ein imposantes Farbenspiel.",Pflanzen,Non-MRW,Non-MRW
W_298,9,"Neben Opuntien ist die Insel von bodendeckenden Pflanzen der Gattung Sesuvium besiedelt, welche sich in der Trockenzeit intensiv rot färben, ein imposantes Farbenspiel.",der,Non-MRW,Non-MRW
W_298,10,"Neben Opuntien ist die Insel von bodendeckenden Pflanzen der Gattung Sesuvium besiedelt, welche sich in der Trockenzeit intensiv rot färben, ein imposantes Farbenspiel.",Gattung,Non-MRW,Non-MRW
W_298,11,"Neben Opuntien ist die Insel von bodendeckenden Pflanzen der Gattung Sesuvium besiedelt, welche sich in der Trockenzeit intensiv rot färben, ein imposantes Farbenspiel.",Sesuvium,Non-MRW,Non-MRW
W_298,12,"Neben Opuntien ist die Insel von bodendeckenden Pflanzen der Gattung Sesuvium besiedelt, welche sich in der Trockenzeit intensiv rot färben, ein imposantes Farbenspiel.",besiedelt,MRW,indirect
W_298,13,"Neben Opuntien ist die Insel von bodendeckenden Pflanzen der Gattung Sesuvium besiedelt, welche sich in der Trockenzeit intensiv rot färben, ein imposantes Farbenspiel.",welche,Non-MRW,Non-MRW
W_298,14,"Neben Opuntien ist die Insel von bodendeckenden Pflanzen der Gattung Sesuvium besiedelt, welche sich in der Trockenzeit intensiv rot färben, ein imposantes Farbenspiel.",sich,MWE,MWE
W_298,15,"Neben Opuntien ist die Insel von bodendeckenden Pflanzen der Gattung Sesuvium besiedelt, welche sich in der Trockenzeit intensiv rot färben, ein imposantes Farbenspiel.",in,MRW,indirect
W_298,16,"Neben Opuntien ist die Insel von bodendeckenden Pflanzen der Gattung Sesuvium besiedelt, welche sich in der Trockenzeit intensiv rot färben, ein imposantes Farbenspiel.",der,Non-MRW,Non-MRW
W_298,17,"Neben Opuntien ist die Insel von bodendeckenden Pflanzen der Gattung Sesuvium besiedelt, welche sich in der Trockenzeit intensiv rot färben, ein imposantes Farbenspiel.",Trockenzeit,Non-MRW,Non-MRW
W_298,18,"Neben Opuntien ist die Insel von bodendeckenden Pflanzen der Gattung Sesuvium besiedelt, welche sich in der Trockenzeit intensiv rot färben, ein imposantes Farbenspiel.",intensiv,Non-MRW,Non-MRW
W_298,19,"Neben Opuntien ist die Insel von bodendeckenden Pflanzen der Gattung Sesuvium besiedelt, welche sich in der Trockenzeit intensiv rot färben, ein imposantes Farbenspiel.",rot,Non-MRW,Non-MRW
W_298,20,"Neben Opuntien ist die Insel von bodendeckenden Pflanzen der Gattung Sesuvium besiedelt, welche sich in der Trockenzeit intensiv rot färben, ein imposantes Farbenspiel.",färben,Non-MRW,Non-MRW
W_298,21,"Neben Opuntien ist die Insel von bodendeckenden Pflanzen der Gattung Sesuvium besiedelt, welche sich in der Trockenzeit intensiv rot färben, ein imposantes Farbenspiel.",ein,Non-MRW,Non-MRW
W_298,22,"Neben Opuntien ist die Insel von bodendeckenden Pflanzen der Gattung Sesuvium besiedelt, welche sich in der Trockenzeit intensiv rot färben, ein imposantes Farbenspiel.",imposantes,Non-MRW,Non-MRW
W_298,23,"Neben Opuntien ist die Insel von bodendeckenden Pflanzen der Gattung Sesuvium besiedelt, welche sich in der Trockenzeit intensiv rot färben, ein imposantes Farbenspiel.",Farbenspiel,MRW,indirect
W_298,1,"Verkehrsbelastung:auf den flussnahen Strecken gering, auf Hochwasser-Ausweichstrecken ausnahmsweise mal Hauptstraßen mit viel Autoverkehr .",Verkehrsbelastung,Non-MRW,Non-MRW
W_298,1,"Verkehrsbelastung:auf den flussnahen Strecken gering, auf Hochwasser-Ausweichstrecken ausnahmsweise mal Hauptstraßen mit viel Autoverkehr .",auf,Non-MRW,Non-MRW
W_14,2,"Verkehrsbelastung:auf den flussnahen Strecken gering, auf Hochwasser-Ausweichstrecken ausnahmsweise mal Hauptstraßen mit viel Autoverkehr .",den,Non-MRW,Non-MRW
W_14,3,"Verkehrsbelastung:auf den flussnahen Strecken gering, auf Hochwasser-Ausweichstrecken ausnahmsweise mal Hauptstraßen mit viel Autoverkehr .",flussnahen,Non-MRW,Non-MRW
W_14,4,"Verkehrsbelastung:auf den flussnahen Strecken gering, auf Hochwasser-Ausweichstrecken ausnahmsweise mal Hauptstraßen mit viel Autoverkehr .",Strecken,Non-MRW,Non-MRW
W_14,5,"Verkehrsbelastung:auf den flussnahen Strecken gering, auf Hochwasser-Ausweichstrecken ausnahmsweise mal Hauptstraßen mit viel Autoverkehr .",gering,Non-MRW,Non-MRW
W_14,6,"Verkehrsbelastung:auf den flussnahen Strecken gering, auf Hochwasser-Ausweichstrecken ausnahmsweise mal Hauptstraßen mit viel Autoverkehr .",auf,Non-MRW,Non-MRW
W_14,7,"Verkehrsbelastung:auf den flussnahen Strecken gering, auf Hochwasser-Ausweichstrecken ausnahmsweise mal Hauptstraßen mit viel Autoverkehr .",Hochwasser-Ausweichstrecken,Non-MRW,Non-MRW
W_14,8,"Verkehrsbelastung:auf den flussnahen Strecken gering, auf Hochwasser-Ausweichstrecken ausnahmsweise mal Hauptstraßen mit viel Autoverkehr .",ausnahmsweise,Non-MRW,Non-MRW
W_14,9,"Verkehrsbelastung:auf den flussnahen Strecken gering, auf Hochwasser-Ausweichstrecken ausnahmsweise mal Hauptstraßen mit viel Autoverkehr .",mal,Non-MRW,Non-MRW
W_14,10,"Verkehrsbelastung:auf den flussnahen Strecken gering, auf Hochwasser-Ausweichstrecken ausnahmsweise mal Hauptstraßen mit viel Autoverkehr .",Hauptstraßen,Non-MRW,Non-MRW
W_14,11,"Verkehrsbelastung:auf den flussnahen Strecken gering, auf Hochwasser-Ausweichstrecken ausnahmsweise mal Hauptstraßen mit viel Autoverkehr .",mit,Non-MRW,Non-MRW
W_14,12,"Verkehrsbelastung:auf den flussnahen Strecken gering, auf Hochwasser-Ausweichstrecken ausnahmsweise mal Hauptstraßen mit viel Autoverkehr .",viel,Non-MRW,Non-MRW
W_14,13,"Verkehrsbelastung:auf den flussnahen Strecken gering, auf Hochwasser-Ausweichstrecken ausnahmsweise mal Hauptstraßen mit viel Autoverkehr .",Autoverkehr,Non-MRW,Non-MRW
W_14,1,"Der Hohe Dörnberg ist mit 578,7 m Höhe einer der abwechslungsreichsten Berge im Naturpark Habichtswald bei Kassel.",Der,Non-MRW,Non-MRW
W_703,2,"Der Hohe Dörnberg ist mit 578,7 m Höhe einer der abwechslungsreichsten Berge im Naturpark Habichtswald bei Kassel.",Hohe,Non-MRW,Non-MRW
W_703,3,"Der Hohe Dörnberg ist mit 578,7 m Höhe einer der abwechslungsreichsten Berge im Naturpark Habichtswald bei Kassel.",Dörnberg,MWE,MWE
W_703,4,"Der Hohe Dörnberg ist mit 578,7 m Höhe einer der abwechslungsreichsten Berge im Naturpark Habichtswald bei Kassel.",ist,Non-MRW,Non-MRW
W_703,5,"Der Hohe Dörnberg ist mit 578,7 m Höhe einer der abwechslungsreichsten Berge im Naturpark Habichtswald bei Kassel.",mit,Non-MRW,Non-MRW
W_703,6,"Der Hohe Dörnberg ist mit 578,7 m Höhe einer der abwechslungsreichsten Berge im Naturpark Habichtswald bei Kassel.",m,Non-MRW,Non-MRW
W_703,7,"Der Hohe Dörnberg ist mit 578,7 m Höhe einer der abwechslungsreichsten Berge im Naturpark Habichtswald bei Kassel.",Höhe,Non-MRW,Non-MRW
W_703,8,"Der Hohe Dörnberg ist mit 578,7 m Höhe einer der abwechslungsreichsten Berge im Naturpark Habichtswald bei Kassel.",einer,Non-MRW,Non-MRW
W_703,9,"Der Hohe Dörnberg ist mit 578,7 m Höhe einer der abwechslungsreichsten Berge im Naturpark Habichtswald bei Kassel.",der,Non-MRW,Non-MRW
W_703,10,"Der Hohe Dörnberg ist mit 578,7 m Höhe einer der abwechslungsreichsten Berge im Naturpark Habichtswald bei Kassel.",abwechslungsreichsten,Non-MRW,Non-MRW
W_703,11,"Der Hohe Dörnberg ist mit 578,7 m Höhe einer der abwechslungsreichsten Berge im Naturpark Habichtswald bei Kassel.",Berge,Non-MRW,Non-MRW
W_703,12,"Der Hohe Dörnberg ist mit 578,7 m Höhe einer der abwechslungsreichsten Berge im Naturpark Habichtswald bei Kassel.",im,Non-MRW,Non-MRW
W_703,13,"Der Hohe Dörnberg ist mit 578,7 m Höhe einer der abwechslungsreichsten Berge im Naturpark Habichtswald bei Kassel.",Naturpark,Non-MRW,Non-MRW
W_703,14,"Der Hohe Dörnberg ist mit 578,7 m Höhe einer der abwechslungsreichsten Berge im Naturpark Habichtswald bei Kassel.",Habichtswald,Non-MRW,Non-MRW
W_703,15,"Der Hohe Dörnberg ist mit 578,7 m Höhe einer der abwechslungsreichsten Berge im Naturpark Habichtswald bei Kassel.",bei,Non-MRW,Non-MRW
W_703,16,"Der Hohe Dörnberg ist mit 578,7 m Höhe einer der abwechslungsreichsten Berge im Naturpark Habichtswald bei Kassel.",Kassel,Non-MRW,Non-MRW
W_703,1,Nach Süden erstreckt sich ein Park und eine Promenade.,Nach,Non-MRW,Non-MRW
W_232,2,Nach Süden erstreckt sich ein Park und eine Promenade.,Süden,Non-MRW,Non-MRW
W_232,3,Nach Süden erstreckt sich ein Park und eine Promenade.,erstreckt,MRW,indirect
W_232,4,Nach Süden erstreckt sich ein Park und eine Promenade.,sich,MWE,MWE
W_232,5,Nach Süden erstreckt sich ein Park und eine Promenade.,ein,Non-MRW,Non-MRW
W_232,6,Nach Süden erstreckt sich ein Park und eine Promenade.,Park,Non-MRW,Non-MRW
W_232,7,Nach Süden erstreckt sich ein Park und eine Promenade.,und,Non-MRW,Non-MRW
W_232,8,Nach Süden erstreckt sich ein Park und eine Promenade.,eine,Non-MRW,Non-MRW
W_232,9,Nach Süden erstreckt sich ein Park und eine Promenade.,Promenade,Non-MRW,Non-MRW
W_232,1,"Die gesamte Insel Magerøya steht seit 1929 unter Naturschutz, was natürlich für eine intakte Umwelt gesorgt hat, die zu Fuß erkundet werden kann. .",Die,Non-MRW,Non-MRW
W_726,2,"Die gesamte Insel Magerøya steht seit 1929 unter Naturschutz, was natürlich für eine intakte Umwelt gesorgt hat, die zu Fuß erkundet werden kann. .",gesamte,Non-MRW,Non-MRW
W_726,3,"Die gesamte Insel Magerøya steht seit 1929 unter Naturschutz, was natürlich für eine intakte Umwelt gesorgt hat, die zu Fuß erkundet werden kann. .",Insel,Non-MRW,Non-MRW
W_726,4,"Die gesamte Insel Magerøya steht seit 1929 unter Naturschutz, was natürlich für eine intakte Umwelt gesorgt hat, die zu Fuß erkundet werden kann. .",Magerya,Non-MRW,Non-MRW
W_726,5,"Die gesamte Insel Magerøya steht seit 1929 unter Naturschutz, was natürlich für eine intakte Umwelt gesorgt hat, die zu Fuß erkundet werden kann. .",steht,MRW,indirect
W_726,6,"Die gesamte Insel Magerøya steht seit 1929 unter Naturschutz, was natürlich für eine intakte Umwelt gesorgt hat, die zu Fuß erkundet werden kann. .",seit,Non-MRW,Non-MRW
W_726,7,"Die gesamte Insel Magerøya steht seit 1929 unter Naturschutz, was natürlich für eine intakte Umwelt gesorgt hat, die zu Fuß erkundet werden kann. .",unter,MRW,indirect
W_726,8,"Die gesamte Insel Magerøya steht seit 1929 unter Naturschutz, was natürlich für eine intakte Umwelt gesorgt hat, die zu Fuß erkundet werden kann. .",Naturschutz,Non-MRW,Non-MRW
W_726,9,"Die gesamte Insel Magerøya steht seit 1929 unter Naturschutz, was natürlich für eine intakte Umwelt gesorgt hat, die zu Fuß erkundet werden kann. .",was,Non-MRW,Non-MRW
W_726,10,"Die gesamte Insel Magerøya steht seit 1929 unter Naturschutz, was natürlich für eine intakte Umwelt gesorgt hat, die zu Fuß erkundet werden kann. .",natürlich,Non-MRW,Non-MRW
W_726,11,"Die gesamte Insel Magerøya steht seit 1929 unter Naturschutz, was natürlich für eine intakte Umwelt gesorgt hat, die zu Fuß erkundet werden kann. .",für,Non-MRW,Non-MRW
W_726,12,"Die gesamte Insel Magerøya steht seit 1929 unter Naturschutz, was natürlich für eine intakte Umwelt gesorgt hat, die zu Fuß erkundet werden kann. .",eine,Non-MRW,Non-MRW
W_726,13,"Die gesamte Insel Magerøya steht seit 1929 unter Naturschutz, was natürlich für eine intakte Umwelt gesorgt hat, die zu Fuß erkundet werden kann. .",intakte,Non-MRW,Non-MRW
W_726,14,"Die gesamte Insel Magerøya steht seit 1929 unter Naturschutz, was natürlich für eine intakte Umwelt gesorgt hat, die zu Fuß erkundet werden kann. .",Umwelt,Non-MRW,Non-MRW
W_726,15,"Die gesamte Insel Magerøya steht seit 1929 unter Naturschutz, was natürlich für eine intakte Umwelt gesorgt hat, die zu Fuß erkundet werden kann. .",gesorgt,Non-MRW,Non-MRW
W_726,16,"Die gesamte Insel Magerøya steht seit 1929 unter Naturschutz, was natürlich für eine intakte Umwelt gesorgt hat, die zu Fuß erkundet werden kann. .",hat,Non-MRW,Non-MRW
W_726,17,"Die gesamte Insel Magerøya steht seit 1929 unter Naturschutz, was natürlich für eine intakte Umwelt gesorgt hat, die zu Fuß erkundet werden kann. .",die,Non-MRW,Non-MRW
W_726,18,"Die gesamte Insel Magerøya steht seit 1929 unter Naturschutz, was natürlich für eine intakte Umwelt gesorgt hat, die zu Fuß erkundet werden kann. .",zu,MWE,MWE
W_726,19,"Die gesamte Insel Magerøya steht seit 1929 unter Naturschutz, was natürlich für eine intakte Umwelt gesorgt hat, die zu Fuß erkundet werden kann. .",Fuß,MRW,indirect
W_726,20,"Die gesamte Insel Magerøya steht seit 1929 unter Naturschutz, was natürlich für eine intakte Umwelt gesorgt hat, die zu Fuß erkundet werden kann. .",erkundet,Non-MRW,Non-MRW
W_726,21,"Die gesamte Insel Magerøya steht seit 1929 unter Naturschutz, was natürlich für eine intakte Umwelt gesorgt hat, die zu Fuß erkundet werden kann. .",werden,Non-MRW,Non-MRW
W_726,22,"Die gesamte Insel Magerøya steht seit 1929 unter Naturschutz, was natürlich für eine intakte Umwelt gesorgt hat, die zu Fuß erkundet werden kann. .",kann,Non-MRW,Non-MRW
W_726,1,"Die Landschaft wird von zahlreichen kleinen und größeren Seen geprägt, die nicht alle natürlichen Ursprungs sind.",Die,Non-MRW,Non-MRW
W_583,2,"Die Landschaft wird von zahlreichen kleinen und größeren Seen geprägt, die nicht alle natürlichen Ursprungs sind.",Landschaft,Non-MRW,Non-MRW
W_583,3,"Die Landschaft wird von zahlreichen kleinen und größeren Seen geprägt, die nicht alle natürlichen Ursprungs sind.",wird,Non-MRW,Non-MRW
W_583,4,"Die Landschaft wird von zahlreichen kleinen und größeren Seen geprägt, die nicht alle natürlichen Ursprungs sind.",von,Non-MRW,Non-MRW
W_583,5,"Die Landschaft wird von zahlreichen kleinen und größeren Seen geprägt, die nicht alle natürlichen Ursprungs sind.",zahlreichen,Non-MRW,Non-MRW
W_583,6,"Die Landschaft wird von zahlreichen kleinen und größeren Seen geprägt, die nicht alle natürlichen Ursprungs sind.",kleinen,Non-MRW,Non-MRW
W_583,7,"Die Landschaft wird von zahlreichen kleinen und größeren Seen geprägt, die nicht alle natürlichen Ursprungs sind.",und,Non-MRW,Non-MRW
W_583,8,"Die Landschaft wird von zahlreichen kleinen und größeren Seen geprägt, die nicht alle natürlichen Ursprungs sind.",größeren,Non-MRW,Non-MRW
W_583,9,"Die Landschaft wird von zahlreichen kleinen und größeren Seen geprägt, die nicht alle natürlichen Ursprungs sind.",Seen,Non-MRW,Non-MRW
W_583,10,"Die Landschaft wird von zahlreichen kleinen und größeren Seen geprägt, die nicht alle natürlichen Ursprungs sind.",geprägt,MRW,indirect
W_583,11,"Die Landschaft wird von zahlreichen kleinen und größeren Seen geprägt, die nicht alle natürlichen Ursprungs sind.",die,Non-MRW,Non-MRW
W_583,12,"Die Landschaft wird von zahlreichen kleinen und größeren Seen geprägt, die nicht alle natürlichen Ursprungs sind.",nicht,Non-MRW,Non-MRW
W_583,13,"Die Landschaft wird von zahlreichen kleinen und größeren Seen geprägt, die nicht alle natürlichen Ursprungs sind.",alle,Non-MRW,Non-MRW
W_583,14,"Die Landschaft wird von zahlreichen kleinen und größeren Seen geprägt, die nicht alle natürlichen Ursprungs sind.",natürlichen,Non-MRW,Non-MRW
W_583,15,"Die Landschaft wird von zahlreichen kleinen und größeren Seen geprägt, die nicht alle natürlichen Ursprungs sind.",Ursprungs,Non-MRW,Non-MRW
W_583,16,"Die Landschaft wird von zahlreichen kleinen und größeren Seen geprägt, die nicht alle natürlichen Ursprungs sind.",sind,Non-MRW,Non-MRW
W_583,1,Von dort aus hat man einen weiten Blick über fast alle Jungferninseln.,Von,Non-MRW,Non-MRW
W_427,2,Von dort aus hat man einen weiten Blick über fast alle Jungferninseln.,dort,Non-MRW,Non-MRW
W_427,3,Von dort aus hat man einen weiten Blick über fast alle Jungferninseln.,aus,Non-MRW,Non-MRW
W_427,4,Von dort aus hat man einen weiten Blick über fast alle Jungferninseln.,hat,Non-MRW,Non-MRW
W_427,5,Von dort aus hat man einen weiten Blick über fast alle Jungferninseln.,man,Non-MRW,Non-MRW
W_427,6,Von dort aus hat man einen weiten Blick über fast alle Jungferninseln.,einen,Non-MRW,Non-MRW
W_427,7,Von dort aus hat man einen weiten Blick über fast alle Jungferninseln.,weiten,MRW,indirect
W_427,8,Von dort aus hat man einen weiten Blick über fast alle Jungferninseln.,Blick,MRW,indirect
W_427,9,Von dort aus hat man einen weiten Blick über fast alle Jungferninseln.,über,MRW,indirect
W_427,10,Von dort aus hat man einen weiten Blick über fast alle Jungferninseln.,fast,Non-MRW,Non-MRW
W_427,11,Von dort aus hat man einen weiten Blick über fast alle Jungferninseln.,alle,Non-MRW,Non-MRW
W_427,12,Von dort aus hat man einen weiten Blick über fast alle Jungferninseln.,Jungferninseln,Non-MRW,Non-MRW
W_427,1,Hier liegt auch der Akagera-Nationalpark mit seinen Savannen und Sumpfgebieten.,Hier,Non-MRW,Non-MRW
W_59,2,Hier liegt auch der Akagera-Nationalpark mit seinen Savannen und Sumpfgebieten.,liegt,Non-MRW,Non-MRW
W_59,3,Hier liegt auch der Akagera-Nationalpark mit seinen Savannen und Sumpfgebieten.,auch,Non-MRW,Non-MRW
W_59,4,Hier liegt auch der Akagera-Nationalpark mit seinen Savannen und Sumpfgebieten.,der,Non-MRW,Non-MRW
W_59,5,Hier liegt auch der Akagera-Nationalpark mit seinen Savannen und Sumpfgebieten.,Akagera-Nationalpark,Non-MRW,Non-MRW
W_59,6,Hier liegt auch der Akagera-Nationalpark mit seinen Savannen und Sumpfgebieten.,mit,Non-MRW,Non-MRW
W_59,7,Hier liegt auch der Akagera-Nationalpark mit seinen Savannen und Sumpfgebieten.,seinen,Non-MRW,Non-MRW
W_59,8,Hier liegt auch der Akagera-Nationalpark mit seinen Savannen und Sumpfgebieten.,Savannen,Non-MRW,Non-MRW
W_59,9,Hier liegt auch der Akagera-Nationalpark mit seinen Savannen und Sumpfgebieten.,und,Non-MRW,Non-MRW
W_59,10,Hier liegt auch der Akagera-Nationalpark mit seinen Savannen und Sumpfgebieten.,Sumpfgebieten,Non-MRW,Non-MRW
W_59,1,"Bergkirche St. Marien: mit dem ""Annaberger Krippenweg"", eine bergmännische Weihnachtskrippe, die aus mehreren holzgeschnitzten Großfiguren besteht. .",Bergkirche,Non-MRW,Non-MRW
W_529,2,"Bergkirche St. Marien: mit dem ""Annaberger Krippenweg"", eine bergmännische Weihnachtskrippe, die aus mehreren holzgeschnitzten Großfiguren besteht. .",St,Non-MRW,Non-MRW
W_529,3,"Bergkirche St. Marien: mit dem ""Annaberger Krippenweg"", eine bergmännische Weihnachtskrippe, die aus mehreren holzgeschnitzten Großfiguren besteht. .",Marien,MWE,MWE
W_529,4,"Bergkirche St. Marien: mit dem ""Annaberger Krippenweg"", eine bergmännische Weihnachtskrippe, die aus mehreren holzgeschnitzten Großfiguren besteht. .",mit,Non-MRW,Non-MRW
W_529,5,"Bergkirche St. Marien: mit dem ""Annaberger Krippenweg"", eine bergmännische Weihnachtskrippe, die aus mehreren holzgeschnitzten Großfiguren besteht. .",dem,Non-MRW,Non-MRW
W_529,6,"Bergkirche St. Marien: mit dem ""Annaberger Krippenweg"", eine bergmännische Weihnachtskrippe, die aus mehreren holzgeschnitzten Großfiguren besteht. .",Annaberger,Non-MRW,Non-MRW
W_529,7,"Bergkirche St. Marien: mit dem ""Annaberger Krippenweg"", eine bergmännische Weihnachtskrippe, die aus mehreren holzgeschnitzten Großfiguren besteht. .",Krippenweg,MWE,MWE
W_529,8,"Bergkirche St. Marien: mit dem ""Annaberger Krippenweg"", eine bergmännische Weihnachtskrippe, die aus mehreren holzgeschnitzten Großfiguren besteht. .",eine,Non-MRW,Non-MRW
W_529,9,"Bergkirche St. Marien: mit dem ""Annaberger Krippenweg"", eine bergmännische Weihnachtskrippe, die aus mehreren holzgeschnitzten Großfiguren besteht. .",bergmännische,Non-MRW,Non-MRW
W_529,10,"Bergkirche St. Marien: mit dem ""Annaberger Krippenweg"", eine bergmännische Weihnachtskrippe, die aus mehreren holzgeschnitzten Großfiguren besteht. .",Weihnachtskrippe,Non-MRW,Non-MRW
W_529,11,"Bergkirche St. Marien: mit dem ""Annaberger Krippenweg"", eine bergmännische Weihnachtskrippe, die aus mehreren holzgeschnitzten Großfiguren besteht. .",die,Non-MRW,Non-MRW
W_529,12,"Bergkirche St. Marien: mit dem ""Annaberger Krippenweg"", eine bergmännische Weihnachtskrippe, die aus mehreren holzgeschnitzten Großfiguren besteht. .",aus,Non-MRW,Non-MRW
W_529,13,"Bergkirche St. Marien: mit dem ""Annaberger Krippenweg"", eine bergmännische Weihnachtskrippe, die aus mehreren holzgeschnitzten Großfiguren besteht. .",mehreren,Non-MRW,Non-MRW
W_529,14,"Bergkirche St. Marien: mit dem ""Annaberger Krippenweg"", eine bergmännische Weihnachtskrippe, die aus mehreren holzgeschnitzten Großfiguren besteht. .",holzgeschnitzten,Non-MRW,Non-MRW
W_529,15,"Bergkirche St. Marien: mit dem ""Annaberger Krippenweg"", eine bergmännische Weihnachtskrippe, die aus mehreren holzgeschnitzten Großfiguren besteht. .",Großfiguren,Non-MRW,Non-MRW
W_529,16,"Bergkirche St. Marien: mit dem ""Annaberger Krippenweg"", eine bergmännische Weihnachtskrippe, die aus mehreren holzgeschnitzten Großfiguren besteht. .",besteht,Non-MRW,Non-MRW
W_529,1,"Gayer-Anderson-Museum: Das Museum besteht aus zwei benachbarten und durch eine Brücke im zweiten Stock verbundenen Wohnhäusern aus dem 16. und 17. Jahrhundert, dem Beit el-Kirītlīya („Haus der Kreterin“) und dem Haus der Amina Bint Sālim, die sich beide unmittelbar südlich der Moschee des Aḥmad ibn Ṭūlūn befinden.",Gayer-Anderson-Museum,Non-MRW,Non-MRW
W_681,2,"Gayer-Anderson-Museum: Das Museum besteht aus zwei benachbarten und durch eine Brücke im zweiten Stock verbundenen Wohnhäusern aus dem 16. und 17. Jahrhundert, dem Beit el-Kirītlīya („Haus der Kreterin“) und dem Haus der Amina Bint Sālim, die sich beide unmittelbar südlich der Moschee des Aḥmad ibn Ṭūlūn befinden.",Das,Non-MRW,Non-MRW
W_681,3,"Gayer-Anderson-Museum: Das Museum besteht aus zwei benachbarten und durch eine Brücke im zweiten Stock verbundenen Wohnhäusern aus dem 16. und 17. Jahrhundert, dem Beit el-Kirītlīya („Haus der Kreterin“) und dem Haus der Amina Bint Sālim, die sich beide unmittelbar südlich der Moschee des Aḥmad ibn Ṭūlūn befinden.",Museum,Non-MRW,Non-MRW
W_681,4,"Gayer-Anderson-Museum: Das Museum besteht aus zwei benachbarten und durch eine Brücke im zweiten Stock verbundenen Wohnhäusern aus dem 16. und 17. Jahrhundert, dem Beit el-Kirītlīya („Haus der Kreterin“) und dem Haus der Amina Bint Sālim, die sich beide unmittelbar südlich der Moschee des Aḥmad ibn Ṭūlūn befinden.",besteht,Non-MRW,Non-MRW
W_681,5,"Gayer-Anderson-Museum: Das Museum besteht aus zwei benachbarten und durch eine Brücke im zweiten Stock verbundenen Wohnhäusern aus dem 16. und 17. Jahrhundert, dem Beit el-Kirītlīya („Haus der Kreterin“) und dem Haus der Amina Bint Sālim, die sich beide unmittelbar südlich der Moschee des Aḥmad ibn Ṭūlūn befinden.",aus,Non-MRW,Non-MRW
W_681,6,"Gayer-Anderson-Museum: Das Museum besteht aus zwei benachbarten und durch eine Brücke im zweiten Stock verbundenen Wohnhäusern aus dem 16. und 17. Jahrhundert, dem Beit el-Kirītlīya („Haus der Kreterin“) und dem Haus der Amina Bint Sālim, die sich beide unmittelbar südlich der Moschee des Aḥmad ibn Ṭūlūn befinden.",zwei,Non-MRW,Non-MRW
W_681,7,"Gayer-Anderson-Museum: Das Museum besteht aus zwei benachbarten und durch eine Brücke im zweiten Stock verbundenen Wohnhäusern aus dem 16. und 17. Jahrhundert, dem Beit el-Kirītlīya („Haus der Kreterin“) und dem Haus der Amina Bint Sālim, die sich beide unmittelbar südlich der Moschee des Aḥmad ibn Ṭūlūn befinden.",benachbarten,Non-MRW,Non-MRW
W_681,8,"Gayer-Anderson-Museum: Das Museum besteht aus zwei benachbarten und durch eine Brücke im zweiten Stock verbundenen Wohnhäusern aus dem 16. und 17. Jahrhundert, dem Beit el-Kirītlīya („Haus der Kreterin“) und dem Haus der Amina Bint Sālim, die sich beide unmittelbar südlich der Moschee des Aḥmad ibn Ṭūlūn befinden.",und,Non-MRW,Non-MRW
W_681,9,"Gayer-Anderson-Museum: Das Museum besteht aus zwei benachbarten und durch eine Brücke im zweiten Stock verbundenen Wohnhäusern aus dem 16. und 17. Jahrhundert, dem Beit el-Kirītlīya („Haus der Kreterin“) und dem Haus der Amina Bint Sālim, die sich beide unmittelbar südlich der Moschee des Aḥmad ibn Ṭūlūn befinden.",durch,Non-MRW,Non-MRW
W_681,10,"Gayer-Anderson-Museum: Das Museum besteht aus zwei benachbarten und durch eine Brücke im zweiten Stock verbundenen Wohnhäusern aus dem 16. und 17. Jahrhundert, dem Beit el-Kirītlīya („Haus der Kreterin“) und dem Haus der Amina Bint Sālim, die sich beide unmittelbar südlich der Moschee des Aḥmad ibn Ṭūlūn befinden.",eine,Non-MRW,Non-MRW
W_681,11,"Gayer-Anderson-Museum: Das Museum besteht aus zwei benachbarten und durch eine Brücke im zweiten Stock verbundenen Wohnhäusern aus dem 16. und 17. Jahrhundert, dem Beit el-Kirītlīya („Haus der Kreterin“) und dem Haus der Amina Bint Sālim, die sich beide unmittelbar südlich der Moschee des Aḥmad ibn Ṭūlūn befinden.",Brücke,Non-MRW,Non-MRW
W_681,12,"Gayer-Anderson-Museum: Das Museum besteht aus zwei benachbarten und durch eine Brücke im zweiten Stock verbundenen Wohnhäusern aus dem 16. und 17. Jahrhundert, dem Beit el-Kirītlīya („Haus der Kreterin“) und dem Haus der Amina Bint Sālim, die sich beide unmittelbar südlich der Moschee des Aḥmad ibn Ṭūlūn befinden.",im,MRW,indirect
W_681,13,"Gayer-Anderson-Museum: Das Museum besteht aus zwei benachbarten und durch eine Brücke im zweiten Stock verbundenen Wohnhäusern aus dem 16. und 17. Jahrhundert, dem Beit el-Kirītlīya („Haus der Kreterin“) und dem Haus der Amina Bint Sālim, die sich beide unmittelbar südlich der Moschee des Aḥmad ibn Ṭūlūn befinden.",zweiten,Non-MRW,Non-MRW
W_681,14,"Gayer-Anderson-Museum: Das Museum besteht aus zwei benachbarten und durch eine Brücke im zweiten Stock verbundenen Wohnhäusern aus dem 16. und 17. Jahrhundert, dem Beit el-Kirītlīya („Haus der Kreterin“) und dem Haus der Amina Bint Sālim, die sich beide unmittelbar südlich der Moschee des Aḥmad ibn Ṭūlūn befinden.",Stock,Non-MRW,Non-MRW
W_681,15,"Gayer-Anderson-Museum: Das Museum besteht aus zwei benachbarten und durch eine Brücke im zweiten Stock verbundenen Wohnhäusern aus dem 16. und 17. Jahrhundert, dem Beit el-Kirītlīya („Haus der Kreterin“) und dem Haus der Amina Bint Sālim, die sich beide unmittelbar südlich der Moschee des Aḥmad ibn Ṭūlūn befinden.",verbundenen,Non-MRW,Non-MRW
W_681,16,"Gayer-Anderson-Museum: Das Museum besteht aus zwei benachbarten und durch eine Brücke im zweiten Stock verbundenen Wohnhäusern aus dem 16. und 17. Jahrhundert, dem Beit el-Kirītlīya („Haus der Kreterin“) und dem Haus der Amina Bint Sālim, die sich beide unmittelbar südlich der Moschee des Aḥmad ibn Ṭūlūn befinden.",Wohnhäusern,Non-MRW,Non-MRW
W_681,17,"Gayer-Anderson-Museum: Das Museum besteht aus zwei benachbarten und durch eine Brücke im zweiten Stock verbundenen Wohnhäusern aus dem 16. und 17. Jahrhundert, dem Beit el-Kirītlīya („Haus der Kreterin“) und dem Haus der Amina Bint Sālim, die sich beide unmittelbar südlich der Moschee des Aḥmad ibn Ṭūlūn befinden.",aus,MRW,indirect
W_681,18,"Gayer-Anderson-Museum: Das Museum besteht aus zwei benachbarten und durch eine Brücke im zweiten Stock verbundenen Wohnhäusern aus dem 16. und 17. Jahrhundert, dem Beit el-Kirītlīya („Haus der Kreterin“) und dem Haus der Amina Bint Sālim, die sich beide unmittelbar südlich der Moschee des Aḥmad ibn Ṭūlūn befinden.",dem,Non-MRW,Non-MRW
W_681,19,"Gayer-Anderson-Museum: Das Museum besteht aus zwei benachbarten und durch eine Brücke im zweiten Stock verbundenen Wohnhäusern aus dem 16. und 17. Jahrhundert, dem Beit el-Kirītlīya („Haus der Kreterin“) und dem Haus der Amina Bint Sālim, die sich beide unmittelbar südlich der Moschee des Aḥmad ibn Ṭūlūn befinden.",und,Non-MRW,Non-MRW
W_681,20,"Gayer-Anderson-Museum: Das Museum besteht aus zwei benachbarten und durch eine Brücke im zweiten Stock verbundenen Wohnhäusern aus dem 16. und 17. Jahrhundert, dem Beit el-Kirītlīya („Haus der Kreterin“) und dem Haus der Amina Bint Sālim, die sich beide unmittelbar südlich der Moschee des Aḥmad ibn Ṭūlūn befinden.",Jahrhundert,Non-MRW,Non-MRW
W_681,21,"Gayer-Anderson-Museum: Das Museum besteht aus zwei benachbarten und durch eine Brücke im zweiten Stock verbundenen Wohnhäusern aus dem 16. und 17. Jahrhundert, dem Beit el-Kirītlīya („Haus der Kreterin“) und dem Haus der Amina Bint Sālim, die sich beide unmittelbar südlich der Moschee des Aḥmad ibn Ṭūlūn befinden.",dem,Non-MRW,Non-MRW
W_681,22,"Gayer-Anderson-Museum: Das Museum besteht aus zwei benachbarten und durch eine Brücke im zweiten Stock verbundenen Wohnhäusern aus dem 16. und 17. Jahrhundert, dem Beit el-Kirītlīya („Haus der Kreterin“) und dem Haus der Amina Bint Sālim, die sich beide unmittelbar südlich der Moschee des Aḥmad ibn Ṭūlūn befinden.",Beit,Non-MRW,Non-MRW
W_681,23,"Gayer-Anderson-Museum: Das Museum besteht aus zwei benachbarten und durch eine Brücke im zweiten Stock verbundenen Wohnhäusern aus dem 16. und 17. Jahrhundert, dem Beit el-Kirītlīya („Haus der Kreterin“) und dem Haus der Amina Bint Sālim, die sich beide unmittelbar südlich der Moschee des Aḥmad ibn Ṭūlūn befinden.",el-Kirtlya,MWE,MWE
W_681,24,"Gayer-Anderson-Museum: Das Museum besteht aus zwei benachbarten und durch eine Brücke im zweiten Stock verbundenen Wohnhäusern aus dem 16. und 17. Jahrhundert, dem Beit el-Kirītlīya („Haus der Kreterin“) und dem Haus der Amina Bint Sālim, die sich beide unmittelbar südlich der Moschee des Aḥmad ibn Ṭūlūn befinden.",Haus,Non-MRW,Non-MRW
W_681,25,"Gayer-Anderson-Museum: Das Museum besteht aus zwei benachbarten und durch eine Brücke im zweiten Stock verbundenen Wohnhäusern aus dem 16. und 17. Jahrhundert, dem Beit el-Kirītlīya („Haus der Kreterin“) und dem Haus der Amina Bint Sālim, die sich beide unmittelbar südlich der Moschee des Aḥmad ibn Ṭūlūn befinden.",der,MWE,MWE
W_681,26,"Gayer-Anderson-Museum: Das Museum besteht aus zwei benachbarten und durch eine Brücke im zweiten Stock verbundenen Wohnhäusern aus dem 16. und 17. Jahrhundert, dem Beit el-Kirītlīya („Haus der Kreterin“) und dem Haus der Amina Bint Sālim, die sich beide unmittelbar südlich der Moschee des Aḥmad ibn Ṭūlūn befinden.",Kreterin,MWE,MWE
W_681,27,"Gayer-Anderson-Museum: Das Museum besteht aus zwei benachbarten und durch eine Brücke im zweiten Stock verbundenen Wohnhäusern aus dem 16. und 17. Jahrhundert, dem Beit el-Kirītlīya („Haus der Kreterin“) und dem Haus der Amina Bint Sālim, die sich beide unmittelbar südlich der Moschee des Aḥmad ibn Ṭūlūn befinden.",und,Non-MRW,Non-MRW
W_681,28,"Gayer-Anderson-Museum: Das Museum besteht aus zwei benachbarten und durch eine Brücke im zweiten Stock verbundenen Wohnhäusern aus dem 16. und 17. Jahrhundert, dem Beit el-Kirītlīya („Haus der Kreterin“) und dem Haus der Amina Bint Sālim, die sich beide unmittelbar südlich der Moschee des Aḥmad ibn Ṭūlūn befinden.",dem,Non-MRW,Non-MRW
W_681,29,"Gayer-Anderson-Museum: Das Museum besteht aus zwei benachbarten und durch eine Brücke im zweiten Stock verbundenen Wohnhäusern aus dem 16. und 17. Jahrhundert, dem Beit el-Kirītlīya („Haus der Kreterin“) und dem Haus der Amina Bint Sālim, die sich beide unmittelbar südlich der Moschee des Aḥmad ibn Ṭūlūn befinden.",Haus,Non-MRW,Non-MRW
W_681,30,"Gayer-Anderson-Museum: Das Museum besteht aus zwei benachbarten und durch eine Brücke im zweiten Stock verbundenen Wohnhäusern aus dem 16. und 17. Jahrhundert, dem Beit el-Kirītlīya („Haus der Kreterin“) und dem Haus der Amina Bint Sālim, die sich beide unmittelbar südlich der Moschee des Aḥmad ibn Ṭūlūn befinden.",der,Non-MRW,Non-MRW
W_681,31,"Gayer-Anderson-Museum: Das Museum besteht aus zwei benachbarten und durch eine Brücke im zweiten Stock verbundenen Wohnhäusern aus dem 16. und 17. Jahrhundert, dem Beit el-Kirītlīya („Haus der Kreterin“) und dem Haus der Amina Bint Sālim, die sich beide unmittelbar südlich der Moschee des Aḥmad ibn Ṭūlūn befinden.",Amina,Non-MRW,Non-MRW
W_681,32,"Gayer-Anderson-Museum: Das Museum besteht aus zwei benachbarten und durch eine Brücke im zweiten Stock verbundenen Wohnhäusern aus dem 16. und 17. Jahrhundert, dem Beit el-Kirītlīya („Haus der Kreterin“) und dem Haus der Amina Bint Sālim, die sich beide unmittelbar südlich der Moschee des Aḥmad ibn Ṭūlūn befinden.",Bint,MWE,MWE
W_681,33,"Gayer-Anderson-Museum: Das Museum besteht aus zwei benachbarten und durch eine Brücke im zweiten Stock verbundenen Wohnhäusern aus dem 16. und 17. Jahrhundert, dem Beit el-Kirītlīya („Haus der Kreterin“) und dem Haus der Amina Bint Sālim, die sich beide unmittelbar südlich der Moschee des Aḥmad ibn Ṭūlūn befinden.",Salim,MWE,MWE
W_681,34,"Gayer-Anderson-Museum: Das Museum besteht aus zwei benachbarten und durch eine Brücke im zweiten Stock verbundenen Wohnhäusern aus dem 16. und 17. Jahrhundert, dem Beit el-Kirītlīya („Haus der Kreterin“) und dem Haus der Amina Bint Sālim, die sich beide unmittelbar südlich der Moschee des Aḥmad ibn Ṭūlūn befinden.",die,Non-MRW,Non-MRW
W_681,35,"Gayer-Anderson-Museum: Das Museum besteht aus zwei benachbarten und durch eine Brücke im zweiten Stock verbundenen Wohnhäusern aus dem 16. und 17. Jahrhundert, dem Beit el-Kirītlīya („Haus der Kreterin“) und dem Haus der Amina Bint Sālim, die sich beide unmittelbar südlich der Moschee des Aḥmad ibn Ṭūlūn befinden.",sich,MWE,MWE
W_681,36,"Gayer-Anderson-Museum: Das Museum besteht aus zwei benachbarten und durch eine Brücke im zweiten Stock verbundenen Wohnhäusern aus dem 16. und 17. Jahrhundert, dem Beit el-Kirītlīya („Haus der Kreterin“) und dem Haus der Amina Bint Sālim, die sich beide unmittelbar südlich der Moschee des Aḥmad ibn Ṭūlūn befinden.",beide,Non-MRW,Non-MRW
W_681,37,"Gayer-Anderson-Museum: Das Museum besteht aus zwei benachbarten und durch eine Brücke im zweiten Stock verbundenen Wohnhäusern aus dem 16. und 17. Jahrhundert, dem Beit el-Kirītlīya („Haus der Kreterin“) und dem Haus der Amina Bint Sālim, die sich beide unmittelbar südlich der Moschee des Aḥmad ibn Ṭūlūn befinden.",unmittelbar,Non-MRW,Non-MRW
W_681,38,"Gayer-Anderson-Museum: Das Museum besteht aus zwei benachbarten und durch eine Brücke im zweiten Stock verbundenen Wohnhäusern aus dem 16. und 17. Jahrhundert, dem Beit el-Kirītlīya („Haus der Kreterin“) und dem Haus der Amina Bint Sālim, die sich beide unmittelbar südlich der Moschee des Aḥmad ibn Ṭūlūn befinden.",südlich,Non-MRW,Non-MRW
W_681,39,"Gayer-Anderson-Museum: Das Museum besteht aus zwei benachbarten und durch eine Brücke im zweiten Stock verbundenen Wohnhäusern aus dem 16. und 17. Jahrhundert, dem Beit el-Kirītlīya („Haus der Kreterin“) und dem Haus der Amina Bint Sālim, die sich beide unmittelbar südlich der Moschee des Aḥmad ibn Ṭūlūn befinden.",der,Non-MRW,Non-MRW
W_681,40,"Gayer-Anderson-Museum: Das Museum besteht aus zwei benachbarten und durch eine Brücke im zweiten Stock verbundenen Wohnhäusern aus dem 16. und 17. Jahrhundert, dem Beit el-Kirītlīya („Haus der Kreterin“) und dem Haus der Amina Bint Sālim, die sich beide unmittelbar südlich der Moschee des Aḥmad ibn Ṭūlūn befinden.",Moschee,Non-MRW,Non-MRW
W_681,41,"Gayer-Anderson-Museum: Das Museum besteht aus zwei benachbarten und durch eine Brücke im zweiten Stock verbundenen Wohnhäusern aus dem 16. und 17. Jahrhundert, dem Beit el-Kirītlīya („Haus der Kreterin“) und dem Haus der Amina Bint Sālim, die sich beide unmittelbar südlich der Moschee des Aḥmad ibn Ṭūlūn befinden.",des,Non-MRW,Non-MRW
W_681,42,"Gayer-Anderson-Museum: Das Museum besteht aus zwei benachbarten und durch eine Brücke im zweiten Stock verbundenen Wohnhäusern aus dem 16. und 17. Jahrhundert, dem Beit el-Kirītlīya („Haus der Kreterin“) und dem Haus der Amina Bint Sālim, die sich beide unmittelbar südlich der Moschee des Aḥmad ibn Ṭūlūn befinden.",Amad,Non-MRW,Non-MRW
W_681,43,"Gayer-Anderson-Museum: Das Museum besteht aus zwei benachbarten und durch eine Brücke im zweiten Stock verbundenen Wohnhäusern aus dem 16. und 17. Jahrhundert, dem Beit el-Kirītlīya („Haus der Kreterin“) und dem Haus der Amina Bint Sālim, die sich beide unmittelbar südlich der Moschee des Aḥmad ibn Ṭūlūn befinden.",ibn,MWE,MWE
W_681,44,"Gayer-Anderson-Museum: Das Museum besteht aus zwei benachbarten und durch eine Brücke im zweiten Stock verbundenen Wohnhäusern aus dem 16. und 17. Jahrhundert, dem Beit el-Kirītlīya („Haus der Kreterin“) und dem Haus der Amina Bint Sālim, die sich beide unmittelbar südlich der Moschee des Aḥmad ibn Ṭūlūn befinden.",Tulun,MWE,MWE
W_681,45,"Gayer-Anderson-Museum: Das Museum besteht aus zwei benachbarten und durch eine Brücke im zweiten Stock verbundenen Wohnhäusern aus dem 16. und 17. Jahrhundert, dem Beit el-Kirītlīya („Haus der Kreterin“) und dem Haus der Amina Bint Sālim, die sich beide unmittelbar südlich der Moschee des Aḥmad ibn Ṭūlūn befinden.",befinden,Non-MRW,Non-MRW
W_681,1,Als Ergebnis der Höhenlage über dem Meeresspiegel ist dieser Nationalpark überwiegend in Wolken gehüllt.,Als,Non-MRW,Non-MRW
W_1,2,Als Ergebnis der Höhenlage über dem Meeresspiegel ist dieser Nationalpark überwiegend in Wolken gehüllt.,Ergebnis,Non-MRW,Non-MRW
W_1,3,Als Ergebnis der Höhenlage über dem Meeresspiegel ist dieser Nationalpark überwiegend in Wolken gehüllt.,der,Non-MRW,Non-MRW
W_1,4,Als Ergebnis der Höhenlage über dem Meeresspiegel ist dieser Nationalpark überwiegend in Wolken gehüllt.,Höhenlage,Non-MRW,Non-MRW
W_1,5,Als Ergebnis der Höhenlage über dem Meeresspiegel ist dieser Nationalpark überwiegend in Wolken gehüllt.,über,Non-MRW,Non-MRW
W_1,6,Als Ergebnis der Höhenlage über dem Meeresspiegel ist dieser Nationalpark überwiegend in Wolken gehüllt.,dem,Non-MRW,Non-MRW
W_1,7,Als Ergebnis der Höhenlage über dem Meeresspiegel ist dieser Nationalpark überwiegend in Wolken gehüllt.,Meeresspiegel,Non-MRW,Non-MRW
W_1,8,Als Ergebnis der Höhenlage über dem Meeresspiegel ist dieser Nationalpark überwiegend in Wolken gehüllt.,ist,Non-MRW,Non-MRW
W_1,9,Als Ergebnis der Höhenlage über dem Meeresspiegel ist dieser Nationalpark überwiegend in Wolken gehüllt.,dieser,Non-MRW,Non-MRW
W_1,10,Als Ergebnis der Höhenlage über dem Meeresspiegel ist dieser Nationalpark überwiegend in Wolken gehüllt.,Nationalpark,Non-MRW,Non-MRW
W_1,11,Als Ergebnis der Höhenlage über dem Meeresspiegel ist dieser Nationalpark überwiegend in Wolken gehüllt.,überwiegend,Non-MRW,Non-MRW
W_1,12,Als Ergebnis der Höhenlage über dem Meeresspiegel ist dieser Nationalpark überwiegend in Wolken gehüllt.,in,Non-MRW,Non-MRW
W_1,13,Als Ergebnis der Höhenlage über dem Meeresspiegel ist dieser Nationalpark überwiegend in Wolken gehüllt.,Wolken,Non-MRW,Non-MRW
W_1,14,Als Ergebnis der Höhenlage über dem Meeresspiegel ist dieser Nationalpark überwiegend in Wolken gehüllt.,gehüllt,MRW,indirect
W_1,1,Das Fisher Building beherbergt auch ein Theater – das Fisher Theatre – in dem vor allem tourende Broadway-Truppen auftreten.,Das,Non-MRW,Non-MRW
W_641,2,Das Fisher Building beherbergt auch ein Theater – das Fisher Theatre – in dem vor allem tourende Broadway-Truppen auftreten.,Fisher,Non-MRW,Non-MRW
W_641,3,Das Fisher Building beherbergt auch ein Theater – das Fisher Theatre – in dem vor allem tourende Broadway-Truppen auftreten.,Building,MWE,MWE
W_641,4,Das Fisher Building beherbergt auch ein Theater – das Fisher Theatre – in dem vor allem tourende Broadway-Truppen auftreten.,beherbergt,MRW,indirect
W_641,5,Das Fisher Building beherbergt auch ein Theater – das Fisher Theatre – in dem vor allem tourende Broadway-Truppen auftreten.,auch,Non-MRW,Non-MRW
W_641,6,Das Fisher Building beherbergt auch ein Theater – das Fisher Theatre – in dem vor allem tourende Broadway-Truppen auftreten.,ein,Non-MRW,Non-MRW
W_641,7,Das Fisher Building beherbergt auch ein Theater – das Fisher Theatre – in dem vor allem tourende Broadway-Truppen auftreten.,Theater,Non-MRW,Non-MRW
W_641,8,Das Fisher Building beherbergt auch ein Theater – das Fisher Theatre – in dem vor allem tourende Broadway-Truppen auftreten.,das,Non-MRW,Non-MRW
W_641,9,Das Fisher Building beherbergt auch ein Theater – das Fisher Theatre – in dem vor allem tourende Broadway-Truppen auftreten.,Fisher,Non-MRW,Non-MRW
W_641,10,Das Fisher Building beherbergt auch ein Theater – das Fisher Theatre – in dem vor allem tourende Broadway-Truppen auftreten.,Theatre,MWE,MWE
W_641,11,Das Fisher Building beherbergt auch ein Theater – das Fisher Theatre – in dem vor allem tourende Broadway-Truppen auftreten.,in,Non-MRW,Non-MRW
W_641,12,Das Fisher Building beherbergt auch ein Theater – das Fisher Theatre – in dem vor allem tourende Broadway-Truppen auftreten.,dem,Non-MRW,Non-MRW
W_641,13,Das Fisher Building beherbergt auch ein Theater – das Fisher Theatre – in dem vor allem tourende Broadway-Truppen auftreten.,vor,Non-MRW,Non-MRW
W_641,14,Das Fisher Building beherbergt auch ein Theater – das Fisher Theatre – in dem vor allem tourende Broadway-Truppen auftreten.,allem,Non-MRW,Non-MRW
W_641,15,Das Fisher Building beherbergt auch ein Theater – das Fisher Theatre – in dem vor allem tourende Broadway-Truppen auftreten.,tourende,Non-MRW,Non-MRW
W_641,16,Das Fisher Building beherbergt auch ein Theater – das Fisher Theatre – in dem vor allem tourende Broadway-Truppen auftreten.,Broadway-Truppen,Non-MRW,Non-MRW
W_641,17,Das Fisher Building beherbergt auch ein Theater – das Fisher Theatre – in dem vor allem tourende Broadway-Truppen auftreten.,auftreten,Non-MRW,Non-MRW
W_641,1,"Der Bereich in der Ludwigsvorstadt zwischen Hauptbahnhof und Stachus gehört eigentlich noch zu Münchens Fußgängerzone, hier befindet sich mit dem Karstadt Bahnhofplatz und seinen 40.000 Quadratmetern Verkaufsfläche auch einer der ganz großen Münchner Konsumtempel.",Der,Non-MRW,Non-MRW
W_416,2,"Der Bereich in der Ludwigsvorstadt zwischen Hauptbahnhof und Stachus gehört eigentlich noch zu Münchens Fußgängerzone, hier befindet sich mit dem Karstadt Bahnhofplatz und seinen 40.000 Quadratmetern Verkaufsfläche auch einer der ganz großen Münchner Konsumtempel.",Bereich,Non-MRW,Non-MRW
W_416,3,"Der Bereich in der Ludwigsvorstadt zwischen Hauptbahnhof und Stachus gehört eigentlich noch zu Münchens Fußgängerzone, hier befindet sich mit dem Karstadt Bahnhofplatz und seinen 40.000 Quadratmetern Verkaufsfläche auch einer der ganz großen Münchner Konsumtempel.",in,Non-MRW,Non-MRW
W_416,4,"Der Bereich in der Ludwigsvorstadt zwischen Hauptbahnhof und Stachus gehört eigentlich noch zu Münchens Fußgängerzone, hier befindet sich mit dem Karstadt Bahnhofplatz und seinen 40.000 Quadratmetern Verkaufsfläche auch einer der ganz großen Münchner Konsumtempel.",der,Non-MRW,Non-MRW
W_416,5,"Der Bereich in der Ludwigsvorstadt zwischen Hauptbahnhof und Stachus gehört eigentlich noch zu Münchens Fußgängerzone, hier befindet sich mit dem Karstadt Bahnhofplatz und seinen 40.000 Quadratmetern Verkaufsfläche auch einer der ganz großen Münchner Konsumtempel.",Ludwigsvorstadt,Non-MRW,Non-MRW
W_416,6,"Der Bereich in der Ludwigsvorstadt zwischen Hauptbahnhof und Stachus gehört eigentlich noch zu Münchens Fußgängerzone, hier befindet sich mit dem Karstadt Bahnhofplatz und seinen 40.000 Quadratmetern Verkaufsfläche auch einer der ganz großen Münchner Konsumtempel.",zwischen,Non-MRW,Non-MRW
W_416,7,"Der Bereich in der Ludwigsvorstadt zwischen Hauptbahnhof und Stachus gehört eigentlich noch zu Münchens Fußgängerzone, hier befindet sich mit dem Karstadt Bahnhofplatz und seinen 40.000 Quadratmetern Verkaufsfläche auch einer der ganz großen Münchner Konsumtempel.",Hauptbahnhof,Non-MRW,Non-MRW
W_416,8,"Der Bereich in der Ludwigsvorstadt zwischen Hauptbahnhof und Stachus gehört eigentlich noch zu Münchens Fußgängerzone, hier befindet sich mit dem Karstadt Bahnhofplatz und seinen 40.000 Quadratmetern Verkaufsfläche auch einer der ganz großen Münchner Konsumtempel.",und,Non-MRW,Non-MRW
W_416,9,"Der Bereich in der Ludwigsvorstadt zwischen Hauptbahnhof und Stachus gehört eigentlich noch zu Münchens Fußgängerzone, hier befindet sich mit dem Karstadt Bahnhofplatz und seinen 40.000 Quadratmetern Verkaufsfläche auch einer der ganz großen Münchner Konsumtempel.",Stachus,Non-MRW,Non-MRW
W_416,10,"Der Bereich in der Ludwigsvorstadt zwischen Hauptbahnhof und Stachus gehört eigentlich noch zu Münchens Fußgängerzone, hier befindet sich mit dem Karstadt Bahnhofplatz und seinen 40.000 Quadratmetern Verkaufsfläche auch einer der ganz großen Münchner Konsumtempel.",gehört,MRW,indirect
W_416,11,"Der Bereich in der Ludwigsvorstadt zwischen Hauptbahnhof und Stachus gehört eigentlich noch zu Münchens Fußgängerzone, hier befindet sich mit dem Karstadt Bahnhofplatz und seinen 40.000 Quadratmetern Verkaufsfläche auch einer der ganz großen Münchner Konsumtempel.",eigentlich,Non-MRW,Non-MRW
W_416,12,"Der Bereich in der Ludwigsvorstadt zwischen Hauptbahnhof und Stachus gehört eigentlich noch zu Münchens Fußgängerzone, hier befindet sich mit dem Karstadt Bahnhofplatz und seinen 40.000 Quadratmetern Verkaufsfläche auch einer der ganz großen Münchner Konsumtempel.",noch,Non-MRW,Non-MRW
W_416,13,"Der Bereich in der Ludwigsvorstadt zwischen Hauptbahnhof und Stachus gehört eigentlich noch zu Münchens Fußgängerzone, hier befindet sich mit dem Karstadt Bahnhofplatz und seinen 40.000 Quadratmetern Verkaufsfläche auch einer der ganz großen Münchner Konsumtempel.",zu,Non-MRW,Non-MRW
W_416,14,"Der Bereich in der Ludwigsvorstadt zwischen Hauptbahnhof und Stachus gehört eigentlich noch zu Münchens Fußgängerzone, hier befindet sich mit dem Karstadt Bahnhofplatz und seinen 40.000 Quadratmetern Verkaufsfläche auch einer der ganz großen Münchner Konsumtempel.",Münchens,Non-MRW,Non-MRW
W_416,15,"Der Bereich in der Ludwigsvorstadt zwischen Hauptbahnhof und Stachus gehört eigentlich noch zu Münchens Fußgängerzone, hier befindet sich mit dem Karstadt Bahnhofplatz und seinen 40.000 Quadratmetern Verkaufsfläche auch einer der ganz großen Münchner Konsumtempel.",Fußgängerzone,Non-MRW,Non-MRW
W_416,16,"Der Bereich in der Ludwigsvorstadt zwischen Hauptbahnhof und Stachus gehört eigentlich noch zu Münchens Fußgängerzone, hier befindet sich mit dem Karstadt Bahnhofplatz und seinen 40.000 Quadratmetern Verkaufsfläche auch einer der ganz großen Münchner Konsumtempel.",hier,Non-MRW,Non-MRW
W_416,17,"Der Bereich in der Ludwigsvorstadt zwischen Hauptbahnhof und Stachus gehört eigentlich noch zu Münchens Fußgängerzone, hier befindet sich mit dem Karstadt Bahnhofplatz und seinen 40.000 Quadratmetern Verkaufsfläche auch einer der ganz großen Münchner Konsumtempel.",befindet,Non-MRW,Non-MRW
W_416,18,"Der Bereich in der Ludwigsvorstadt zwischen Hauptbahnhof und Stachus gehört eigentlich noch zu Münchens Fußgängerzone, hier befindet sich mit dem Karstadt Bahnhofplatz und seinen 40.000 Quadratmetern Verkaufsfläche auch einer der ganz großen Münchner Konsumtempel.",sich,MWE,MWE
W_416,19,"Der Bereich in der Ludwigsvorstadt zwischen Hauptbahnhof und Stachus gehört eigentlich noch zu Münchens Fußgängerzone, hier befindet sich mit dem Karstadt Bahnhofplatz und seinen 40.000 Quadratmetern Verkaufsfläche auch einer der ganz großen Münchner Konsumtempel.",mit,Non-MRW,Non-MRW
W_416,20,"Der Bereich in der Ludwigsvorstadt zwischen Hauptbahnhof und Stachus gehört eigentlich noch zu Münchens Fußgängerzone, hier befindet sich mit dem Karstadt Bahnhofplatz und seinen 40.000 Quadratmetern Verkaufsfläche auch einer der ganz großen Münchner Konsumtempel.",dem,Non-MRW,Non-MRW
W_416,21,"Der Bereich in der Ludwigsvorstadt zwischen Hauptbahnhof und Stachus gehört eigentlich noch zu Münchens Fußgängerzone, hier befindet sich mit dem Karstadt Bahnhofplatz und seinen 40.000 Quadratmetern Verkaufsfläche auch einer der ganz großen Münchner Konsumtempel.",Karstadt,Non-MRW,Non-MRW
W_416,22,"Der Bereich in der Ludwigsvorstadt zwischen Hauptbahnhof und Stachus gehört eigentlich noch zu Münchens Fußgängerzone, hier befindet sich mit dem Karstadt Bahnhofplatz und seinen 40.000 Quadratmetern Verkaufsfläche auch einer der ganz großen Münchner Konsumtempel.",Bahnhofplatz,MWE,MWE
W_416,23,"Der Bereich in der Ludwigsvorstadt zwischen Hauptbahnhof und Stachus gehört eigentlich noch zu Münchens Fußgängerzone, hier befindet sich mit dem Karstadt Bahnhofplatz und seinen 40.000 Quadratmetern Verkaufsfläche auch einer der ganz großen Münchner Konsumtempel.",und,Non-MRW,Non-MRW
W_416,24,"Der Bereich in der Ludwigsvorstadt zwischen Hauptbahnhof und Stachus gehört eigentlich noch zu Münchens Fußgängerzone, hier befindet sich mit dem Karstadt Bahnhofplatz und seinen 40.000 Quadratmetern Verkaufsfläche auch einer der ganz großen Münchner Konsumtempel.",seinen,Non-MRW,Non-MRW
W_416,25,"Der Bereich in der Ludwigsvorstadt zwischen Hauptbahnhof und Stachus gehört eigentlich noch zu Münchens Fußgängerzone, hier befindet sich mit dem Karstadt Bahnhofplatz und seinen 40.000 Quadratmetern Verkaufsfläche auch einer der ganz großen Münchner Konsumtempel.",Quadratmetern,Non-MRW,Non-MRW
W_416,26,"Der Bereich in der Ludwigsvorstadt zwischen Hauptbahnhof und Stachus gehört eigentlich noch zu Münchens Fußgängerzone, hier befindet sich mit dem Karstadt Bahnhofplatz und seinen 40.000 Quadratmetern Verkaufsfläche auch einer der ganz großen Münchner Konsumtempel.",Verkaufsfläche,Non-MRW,Non-MRW
W_416,27,"Der Bereich in der Ludwigsvorstadt zwischen Hauptbahnhof und Stachus gehört eigentlich noch zu Münchens Fußgängerzone, hier befindet sich mit dem Karstadt Bahnhofplatz und seinen 40.000 Quadratmetern Verkaufsfläche auch einer der ganz großen Münchner Konsumtempel.",auch,Non-MRW,Non-MRW
W_416,28,"Der Bereich in der Ludwigsvorstadt zwischen Hauptbahnhof und Stachus gehört eigentlich noch zu Münchens Fußgängerzone, hier befindet sich mit dem Karstadt Bahnhofplatz und seinen 40.000 Quadratmetern Verkaufsfläche auch einer der ganz großen Münchner Konsumtempel.",einer,Non-MRW,Non-MRW
W_416,29,"Der Bereich in der Ludwigsvorstadt zwischen Hauptbahnhof und Stachus gehört eigentlich noch zu Münchens Fußgängerzone, hier befindet sich mit dem Karstadt Bahnhofplatz und seinen 40.000 Quadratmetern Verkaufsfläche auch einer der ganz großen Münchner Konsumtempel.",der,Non-MRW,Non-MRW
W_416,30,"Der Bereich in der Ludwigsvorstadt zwischen Hauptbahnhof und Stachus gehört eigentlich noch zu Münchens Fußgängerzone, hier befindet sich mit dem Karstadt Bahnhofplatz und seinen 40.000 Quadratmetern Verkaufsfläche auch einer der ganz großen Münchner Konsumtempel.",ganz,Non-MRW,Non-MRW
W_416,31,"Der Bereich in der Ludwigsvorstadt zwischen Hauptbahnhof und Stachus gehört eigentlich noch zu Münchens Fußgängerzone, hier befindet sich mit dem Karstadt Bahnhofplatz und seinen 40.000 Quadratmetern Verkaufsfläche auch einer der ganz großen Münchner Konsumtempel.",großen,Non-MRW,Non-MRW
W_416,32,"Der Bereich in der Ludwigsvorstadt zwischen Hauptbahnhof und Stachus gehört eigentlich noch zu Münchens Fußgängerzone, hier befindet sich mit dem Karstadt Bahnhofplatz und seinen 40.000 Quadratmetern Verkaufsfläche auch einer der ganz großen Münchner Konsumtempel.",Münchner,Non-MRW,Non-MRW
W_416,33a,"Der Bereich in der Ludwigsvorstadt zwischen Hauptbahnhof und Stachus gehört eigentlich noch zu Münchens Fußgängerzone, hier befindet sich mit dem Karstadt Bahnhofplatz und seinen 40.000 Quadratmetern Verkaufsfläche auch einer der ganz großen Münchner Konsumtempel.",Konsum,Non-MRW,Non-MRW
W_416,33b,"Der Bereich in der Ludwigsvorstadt zwischen Hauptbahnhof und Stachus gehört eigentlich noch zu Münchens Fußgängerzone, hier befindet sich mit dem Karstadt Bahnhofplatz und seinen 40.000 Quadratmetern Verkaufsfläche auch einer der ganz großen Münchner Konsumtempel.",tempel,MRW,indirect
W_416,1,Struktur P9-25: Eine große Plattform mit mehreren 30 Meter hohen Strukturen und einem alten Maya-Hafen in der Nähe.,Struktur,Non-MRW,Non-MRW
W_311,2,Struktur P9-25: Eine große Plattform mit mehreren 30 Meter hohen Strukturen und einem alten Maya-Hafen in der Nähe.,P9-25,MWE,MWE
W_311,3,Struktur P9-25: Eine große Plattform mit mehreren 30 Meter hohen Strukturen und einem alten Maya-Hafen in der Nähe.,Eine,Non-MRW,Non-MRW
W_311,4,Struktur P9-25: Eine große Plattform mit mehreren 30 Meter hohen Strukturen und einem alten Maya-Hafen in der Nähe.,große,Non-MRW,Non-MRW
W_311,5,Struktur P9-25: Eine große Plattform mit mehreren 30 Meter hohen Strukturen und einem alten Maya-Hafen in der Nähe.,Plattform,Non-MRW,Non-MRW
W_311,6,Struktur P9-25: Eine große Plattform mit mehreren 30 Meter hohen Strukturen und einem alten Maya-Hafen in der Nähe.,mit,Non-MRW,Non-MRW
W_311,7,Struktur P9-25: Eine große Plattform mit mehreren 30 Meter hohen Strukturen und einem alten Maya-Hafen in der Nähe.,mehreren,Non-MRW,Non-MRW
W_311,8,Struktur P9-25: Eine große Plattform mit mehreren 30 Meter hohen Strukturen und einem alten Maya-Hafen in der Nähe.,Meter,Non-MRW,Non-MRW
W_311,9,Struktur P9-25: Eine große Plattform mit mehreren 30 Meter hohen Strukturen und einem alten Maya-Hafen in der Nähe.,hohen,Non-MRW,Non-MRW
W_311,10,Struktur P9-25: Eine große Plattform mit mehreren 30 Meter hohen Strukturen und einem alten Maya-Hafen in der Nähe.,Strukturen,Non-MRW,Non-MRW
W_311,11,Struktur P9-25: Eine große Plattform mit mehreren 30 Meter hohen Strukturen und einem alten Maya-Hafen in der Nähe.,und,Non-MRW,Non-MRW
W_311,12,Struktur P9-25: Eine große Plattform mit mehreren 30 Meter hohen Strukturen und einem alten Maya-Hafen in der Nähe.,einem,Non-MRW,Non-MRW
W_311,13,Struktur P9-25: Eine große Plattform mit mehreren 30 Meter hohen Strukturen und einem alten Maya-Hafen in der Nähe.,alten,Non-MRW,Non-MRW
W_311,14,Struktur P9-25: Eine große Plattform mit mehreren 30 Meter hohen Strukturen und einem alten Maya-Hafen in der Nähe.,Maya-Hafen,Non-MRW,Non-MRW
W_311,15,Struktur P9-25: Eine große Plattform mit mehreren 30 Meter hohen Strukturen und einem alten Maya-Hafen in der Nähe.,in,MRW,indirect
W_311,16,Struktur P9-25: Eine große Plattform mit mehreren 30 Meter hohen Strukturen und einem alten Maya-Hafen in der Nähe.,der,Non-MRW,Non-MRW
W_311,17,Struktur P9-25: Eine große Plattform mit mehreren 30 Meter hohen Strukturen und einem alten Maya-Hafen in der Nähe.,Nähe,Non-MRW,Non-MRW
W_311,1,Außerhalb der Innenstadt gibt es im Industriegebiet mit dem Rheinhessen-Center eine weitere Möglichkeit einen größeren Einkauf zu erledigen.,Außerhalb,Non-MRW,Non-MRW
W_475,2,Außerhalb der Innenstadt gibt es im Industriegebiet mit dem Rheinhessen-Center eine weitere Möglichkeit einen größeren Einkauf zu erledigen.,der,Non-MRW,Non-MRW
W_475,3,Außerhalb der Innenstadt gibt es im Industriegebiet mit dem Rheinhessen-Center eine weitere Möglichkeit einen größeren Einkauf zu erledigen.,Innenstadt,Non-MRW,Non-MRW
W_475,4,Außerhalb der Innenstadt gibt es im Industriegebiet mit dem Rheinhessen-Center eine weitere Möglichkeit einen größeren Einkauf zu erledigen.,gibt,Non-MRW,Non-MRW
W_475,5,Außerhalb der Innenstadt gibt es im Industriegebiet mit dem Rheinhessen-Center eine weitere Möglichkeit einen größeren Einkauf zu erledigen.,es,Non-MRW,Non-MRW
W_475,6,Außerhalb der Innenstadt gibt es im Industriegebiet mit dem Rheinhessen-Center eine weitere Möglichkeit einen größeren Einkauf zu erledigen.,im,Non-MRW,Non-MRW
W_475,7,Außerhalb der Innenstadt gibt es im Industriegebiet mit dem Rheinhessen-Center eine weitere Möglichkeit einen größeren Einkauf zu erledigen.,Industriegebiet,Non-MRW,Non-MRW
W_475,8,Außerhalb der Innenstadt gibt es im Industriegebiet mit dem Rheinhessen-Center eine weitere Möglichkeit einen größeren Einkauf zu erledigen.,mit,Non-MRW,Non-MRW
W_475,9,Außerhalb der Innenstadt gibt es im Industriegebiet mit dem Rheinhessen-Center eine weitere Möglichkeit einen größeren Einkauf zu erledigen.,dem,Non-MRW,Non-MRW
W_475,10,Außerhalb der Innenstadt gibt es im Industriegebiet mit dem Rheinhessen-Center eine weitere Möglichkeit einen größeren Einkauf zu erledigen.,Rheinhessen-Center,Non-MRW,Non-MRW
W_475,11,Außerhalb der Innenstadt gibt es im Industriegebiet mit dem Rheinhessen-Center eine weitere Möglichkeit einen größeren Einkauf zu erledigen.,eine,Non-MRW,Non-MRW
W_475,12,Außerhalb der Innenstadt gibt es im Industriegebiet mit dem Rheinhessen-Center eine weitere Möglichkeit einen größeren Einkauf zu erledigen.,weitere,Non-MRW,Non-MRW
W_475,13,Außerhalb der Innenstadt gibt es im Industriegebiet mit dem Rheinhessen-Center eine weitere Möglichkeit einen größeren Einkauf zu erledigen.,Möglichkeit,Non-MRW,Non-MRW
W_475,14,Außerhalb der Innenstadt gibt es im Industriegebiet mit dem Rheinhessen-Center eine weitere Möglichkeit einen größeren Einkauf zu erledigen.,einen,Non-MRW,Non-MRW
W_475,15,Außerhalb der Innenstadt gibt es im Industriegebiet mit dem Rheinhessen-Center eine weitere Möglichkeit einen größeren Einkauf zu erledigen.,größeren,Non-MRW,Non-MRW
W_475,16,Außerhalb der Innenstadt gibt es im Industriegebiet mit dem Rheinhessen-Center eine weitere Möglichkeit einen größeren Einkauf zu erledigen.,Einkauf,Non-MRW,Non-MRW
W_475,17,Außerhalb der Innenstadt gibt es im Industriegebiet mit dem Rheinhessen-Center eine weitere Möglichkeit einen größeren Einkauf zu erledigen.,zu,Non-MRW,Non-MRW
W_475,18,Außerhalb der Innenstadt gibt es im Industriegebiet mit dem Rheinhessen-Center eine weitere Möglichkeit einen größeren Einkauf zu erledigen.,erledigen,Non-MRW,Non-MRW
W_475,1,In unmittelbarer Nähe zum Hauptbahnhof gibt es einige Hotels.,In,MRW,indirect
W_205,2,In unmittelbarer Nähe zum Hauptbahnhof gibt es einige Hotels.,unmittelbarer,Non-MRW,Non-MRW
W_205,3,In unmittelbarer Nähe zum Hauptbahnhof gibt es einige Hotels.,Nähe,Non-MRW,Non-MRW
W_205,4,In unmittelbarer Nähe zum Hauptbahnhof gibt es einige Hotels.,zum,Non-MRW,Non-MRW
W_205,5,In unmittelbarer Nähe zum Hauptbahnhof gibt es einige Hotels.,Hauptbahnhof,Non-MRW,Non-MRW
W_205,6,In unmittelbarer Nähe zum Hauptbahnhof gibt es einige Hotels.,gibt,Non-MRW,Non-MRW
W_205,7,In unmittelbarer Nähe zum Hauptbahnhof gibt es einige Hotels.,es,Non-MRW,Non-MRW
W_205,8,In unmittelbarer Nähe zum Hauptbahnhof gibt es einige Hotels.,einige,Non-MRW,Non-MRW
W_205,9,In unmittelbarer Nähe zum Hauptbahnhof gibt es einige Hotels.,Hotels,Non-MRW,Non-MRW
W_205,1,"Lage: durch Hauptstraße vom Strand getrennt, Gäste können auch das Sunst on the Cliffs Resort nutzen.",Lage,Non-MRW,Non-MRW
W_291,2,"Lage: durch Hauptstraße vom Strand getrennt, Gäste können auch das Sunst on the Cliffs Resort nutzen.",durch,Non-MRW,Non-MRW
W_291,3,"Lage: durch Hauptstraße vom Strand getrennt, Gäste können auch das Sunst on the Cliffs Resort nutzen.",Hauptstraße,Non-MRW,Non-MRW
W_291,4,"Lage: durch Hauptstraße vom Strand getrennt, Gäste können auch das Sunst on the Cliffs Resort nutzen.",vom,Non-MRW,Non-MRW
W_291,5,"Lage: durch Hauptstraße vom Strand getrennt, Gäste können auch das Sunst on the Cliffs Resort nutzen.",Strand,Non-MRW,Non-MRW
W_291,6,"Lage: durch Hauptstraße vom Strand getrennt, Gäste können auch das Sunst on the Cliffs Resort nutzen.",getrennt,Non-MRW,Non-MRW
W_291,7,"Lage: durch Hauptstraße vom Strand getrennt, Gäste können auch das Sunst on the Cliffs Resort nutzen.",Gäste,Non-MRW,Non-MRW
W_291,8,"Lage: durch Hauptstraße vom Strand getrennt, Gäste können auch das Sunst on the Cliffs Resort nutzen.",können,Non-MRW,Non-MRW
W_291,9,"Lage: durch Hauptstraße vom Strand getrennt, Gäste können auch das Sunst on the Cliffs Resort nutzen.",auch,Non-MRW,Non-MRW
W_291,10,"Lage: durch Hauptstraße vom Strand getrennt, Gäste können auch das Sunst on the Cliffs Resort nutzen.",das,Non-MRW,Non-MRW
W_291,11,"Lage: durch Hauptstraße vom Strand getrennt, Gäste können auch das Sunst on the Cliffs Resort nutzen.",Sunst,Non-MRW,Non-MRW
W_291,12,"Lage: durch Hauptstraße vom Strand getrennt, Gäste können auch das Sunst on the Cliffs Resort nutzen.",on,MWE,MWE
W_291,13,"Lage: durch Hauptstraße vom Strand getrennt, Gäste können auch das Sunst on the Cliffs Resort nutzen.",the,MWE,MWE
W_291,14,"Lage: durch Hauptstraße vom Strand getrennt, Gäste können auch das Sunst on the Cliffs Resort nutzen.",Cliffs,MWE,MWE
W_291,15,"Lage: durch Hauptstraße vom Strand getrennt, Gäste können auch das Sunst on the Cliffs Resort nutzen.",Resort,MWE,MWE
W_291,16,"Lage: durch Hauptstraße vom Strand getrennt, Gäste können auch das Sunst on the Cliffs Resort nutzen.",nutzen,Non-MRW,Non-MRW
W_291,1,In der 240. Straße sowie im Boeng Keng Kang Areal gibt es einige echte Oasen zu entdecken.,In,MRW,indirect
W_613,2,In der 240. Straße sowie im Boeng Keng Kang Areal gibt es einige echte Oasen zu entdecken.,der,Non-MRW,Non-MRW
W_613,3,In der 240. Straße sowie im Boeng Keng Kang Areal gibt es einige echte Oasen zu entdecken.,Straße,Non-MRW,Non-MRW
W_613,4,In der 240. Straße sowie im Boeng Keng Kang Areal gibt es einige echte Oasen zu entdecken.,sowie,Non-MRW,Non-MRW
W_613,5,In der 240. Straße sowie im Boeng Keng Kang Areal gibt es einige echte Oasen zu entdecken.,im,Non-MRW,Non-MRW
W_613,6,In der 240. Straße sowie im Boeng Keng Kang Areal gibt es einige echte Oasen zu entdecken.,Boeng,Non-MRW,Non-MRW
W_613,7,In der 240. Straße sowie im Boeng Keng Kang Areal gibt es einige echte Oasen zu entdecken.,Keng,MWE,MWE
W_613,8,In der 240. Straße sowie im Boeng Keng Kang Areal gibt es einige echte Oasen zu entdecken.,Kang,MWE,MWE
W_613,9,In der 240. Straße sowie im Boeng Keng Kang Areal gibt es einige echte Oasen zu entdecken.,Areal,MWE,MWE
W_613,10,In der 240. Straße sowie im Boeng Keng Kang Areal gibt es einige echte Oasen zu entdecken.,gibt,Non-MRW,Non-MRW
W_613,11,In der 240. Straße sowie im Boeng Keng Kang Areal gibt es einige echte Oasen zu entdecken.,es,Non-MRW,Non-MRW
W_613,12,In der 240. Straße sowie im Boeng Keng Kang Areal gibt es einige echte Oasen zu entdecken.,einige,Non-MRW,Non-MRW
W_613,13,In der 240. Straße sowie im Boeng Keng Kang Areal gibt es einige echte Oasen zu entdecken.,echte,Non-MRW,Non-MRW
W_613,14,In der 240. Straße sowie im Boeng Keng Kang Areal gibt es einige echte Oasen zu entdecken.,Oasen,Non-MRW,Non-MRW
W_613,15,In der 240. Straße sowie im Boeng Keng Kang Areal gibt es einige echte Oasen zu entdecken.,zu,Non-MRW,Non-MRW
W_613,16,In der 240. Straße sowie im Boeng Keng Kang Areal gibt es einige echte Oasen zu entdecken.,entdecken,Non-MRW,Non-MRW
W_613,1,"Wegzustand: Größtenteils verläuft der Kassel-Edersee-Radweg auf asphaltierten Wegen, nur vereinzelt auf geschotterten Wegen, bei denen dickere Reifen teilweise vorteilhaft, aber nicht zwingend sind.",Wegzustand,Non-MRW,Non-MRW
W_169,2,"Wegzustand: Größtenteils verläuft der Kassel-Edersee-Radweg auf asphaltierten Wegen, nur vereinzelt auf geschotterten Wegen, bei denen dickere Reifen teilweise vorteilhaft, aber nicht zwingend sind.",Größtenteils,Non-MRW,Non-MRW
W_169,3,"Wegzustand: Größtenteils verläuft der Kassel-Edersee-Radweg auf asphaltierten Wegen, nur vereinzelt auf geschotterten Wegen, bei denen dickere Reifen teilweise vorteilhaft, aber nicht zwingend sind.",verläuft,Non-MRW,Non-MRW
W_169,4,"Wegzustand: Größtenteils verläuft der Kassel-Edersee-Radweg auf asphaltierten Wegen, nur vereinzelt auf geschotterten Wegen, bei denen dickere Reifen teilweise vorteilhaft, aber nicht zwingend sind.",der,Non-MRW,Non-MRW
W_169,5,"Wegzustand: Größtenteils verläuft der Kassel-Edersee-Radweg auf asphaltierten Wegen, nur vereinzelt auf geschotterten Wegen, bei denen dickere Reifen teilweise vorteilhaft, aber nicht zwingend sind.",Kassel-Edersee-Radweg,Non-MRW,Non-MRW
W_169,6,"Wegzustand: Größtenteils verläuft der Kassel-Edersee-Radweg auf asphaltierten Wegen, nur vereinzelt auf geschotterten Wegen, bei denen dickere Reifen teilweise vorteilhaft, aber nicht zwingend sind.",auf,Non-MRW,Non-MRW
W_169,7,"Wegzustand: Größtenteils verläuft der Kassel-Edersee-Radweg auf asphaltierten Wegen, nur vereinzelt auf geschotterten Wegen, bei denen dickere Reifen teilweise vorteilhaft, aber nicht zwingend sind.",asphaltierten,Non-MRW,Non-MRW
W_169,8,"Wegzustand: Größtenteils verläuft der Kassel-Edersee-Radweg auf asphaltierten Wegen, nur vereinzelt auf geschotterten Wegen, bei denen dickere Reifen teilweise vorteilhaft, aber nicht zwingend sind.",Wegen,Non-MRW,Non-MRW
W_169,9,"Wegzustand: Größtenteils verläuft der Kassel-Edersee-Radweg auf asphaltierten Wegen, nur vereinzelt auf geschotterten Wegen, bei denen dickere Reifen teilweise vorteilhaft, aber nicht zwingend sind.",nur,Non-MRW,Non-MRW
W_169,10,"Wegzustand: Größtenteils verläuft der Kassel-Edersee-Radweg auf asphaltierten Wegen, nur vereinzelt auf geschotterten Wegen, bei denen dickere Reifen teilweise vorteilhaft, aber nicht zwingend sind.",vereinzelt,Non-MRW,Non-MRW
W_169,11,"Wegzustand: Größtenteils verläuft der Kassel-Edersee-Radweg auf asphaltierten Wegen, nur vereinzelt auf geschotterten Wegen, bei denen dickere Reifen teilweise vorteilhaft, aber nicht zwingend sind.",auf,Non-MRW,Non-MRW
W_169,12,"Wegzustand: Größtenteils verläuft der Kassel-Edersee-Radweg auf asphaltierten Wegen, nur vereinzelt auf geschotterten Wegen, bei denen dickere Reifen teilweise vorteilhaft, aber nicht zwingend sind.",geschotterten,Non-MRW,Non-MRW
W_169,13,"Wegzustand: Größtenteils verläuft der Kassel-Edersee-Radweg auf asphaltierten Wegen, nur vereinzelt auf geschotterten Wegen, bei denen dickere Reifen teilweise vorteilhaft, aber nicht zwingend sind.",Wegen,Non-MRW,Non-MRW
W_169,14,"Wegzustand: Größtenteils verläuft der Kassel-Edersee-Radweg auf asphaltierten Wegen, nur vereinzelt auf geschotterten Wegen, bei denen dickere Reifen teilweise vorteilhaft, aber nicht zwingend sind.",bei,Non-MRW,Non-MRW
W_169,15,"Wegzustand: Größtenteils verläuft der Kassel-Edersee-Radweg auf asphaltierten Wegen, nur vereinzelt auf geschotterten Wegen, bei denen dickere Reifen teilweise vorteilhaft, aber nicht zwingend sind.",denen,Non-MRW,Non-MRW
W_169,16,"Wegzustand: Größtenteils verläuft der Kassel-Edersee-Radweg auf asphaltierten Wegen, nur vereinzelt auf geschotterten Wegen, bei denen dickere Reifen teilweise vorteilhaft, aber nicht zwingend sind.",dickere,Non-MRW,Non-MRW
W_169,17,"Wegzustand: Größtenteils verläuft der Kassel-Edersee-Radweg auf asphaltierten Wegen, nur vereinzelt auf geschotterten Wegen, bei denen dickere Reifen teilweise vorteilhaft, aber nicht zwingend sind.",Reifen,Non-MRW,Non-MRW
W_169,18,"Wegzustand: Größtenteils verläuft der Kassel-Edersee-Radweg auf asphaltierten Wegen, nur vereinzelt auf geschotterten Wegen, bei denen dickere Reifen teilweise vorteilhaft, aber nicht zwingend sind.",teilweise,Non-MRW,Non-MRW
W_169,19,"Wegzustand: Größtenteils verläuft der Kassel-Edersee-Radweg auf asphaltierten Wegen, nur vereinzelt auf geschotterten Wegen, bei denen dickere Reifen teilweise vorteilhaft, aber nicht zwingend sind.",vorteilhaft,Non-MRW,Non-MRW
W_169,20,"Wegzustand: Größtenteils verläuft der Kassel-Edersee-Radweg auf asphaltierten Wegen, nur vereinzelt auf geschotterten Wegen, bei denen dickere Reifen teilweise vorteilhaft, aber nicht zwingend sind.",aber,Non-MRW,Non-MRW
W_169,21,"Wegzustand: Größtenteils verläuft der Kassel-Edersee-Radweg auf asphaltierten Wegen, nur vereinzelt auf geschotterten Wegen, bei denen dickere Reifen teilweise vorteilhaft, aber nicht zwingend sind.",nicht,Non-MRW,Non-MRW
W_169,22,"Wegzustand: Größtenteils verläuft der Kassel-Edersee-Radweg auf asphaltierten Wegen, nur vereinzelt auf geschotterten Wegen, bei denen dickere Reifen teilweise vorteilhaft, aber nicht zwingend sind.",zwingend,Non-MRW,Non-MRW
W_169,23,"Wegzustand: Größtenteils verläuft der Kassel-Edersee-Radweg auf asphaltierten Wegen, nur vereinzelt auf geschotterten Wegen, bei denen dickere Reifen teilweise vorteilhaft, aber nicht zwingend sind.",sind,Non-MRW,Non-MRW
W_169,1,Hallein - an der Salzach mit historischer Altstadt .,Hallein,Non-MRW,Non-MRW
W_153,2,Hallein - an der Salzach mit historischer Altstadt .,an,Non-MRW,Non-MRW
W_153,3,Hallein - an der Salzach mit historischer Altstadt .,der,Non-MRW,Non-MRW
W_153,4,Hallein - an der Salzach mit historischer Altstadt .,Salzach,Non-MRW,Non-MRW
W_153,5,Hallein - an der Salzach mit historischer Altstadt .,mit,Non-MRW,Non-MRW
W_153,6,Hallein - an der Salzach mit historischer Altstadt .,historischer,Non-MRW,Non-MRW
W_153,7,Hallein - an der Salzach mit historischer Altstadt .,Altstadt,Non-MRW,Non-MRW
W_153,1,Der Hohe Peißenberg ist bekannt für sein 360° Panorama.,Der,Non-MRW,Non-MRW
W_629,2,Der Hohe Peißenberg ist bekannt für sein 360° Panorama.,Hohe,Non-MRW,Non-MRW
W_629,3,Der Hohe Peißenberg ist bekannt für sein 360° Panorama.,Peißenberg,MWE,MWE
W_629,4,Der Hohe Peißenberg ist bekannt für sein 360° Panorama.,ist,Non-MRW,Non-MRW
W_629,5,Der Hohe Peißenberg ist bekannt für sein 360° Panorama.,bekannt,Non-MRW,Non-MRW
W_629,6,Der Hohe Peißenberg ist bekannt für sein 360° Panorama.,für,Non-MRW,Non-MRW
W_629,7,Der Hohe Peißenberg ist bekannt für sein 360° Panorama.,sein,Non-MRW,Non-MRW
W_629,8,Der Hohe Peißenberg ist bekannt für sein 360° Panorama.,Panorama,Non-MRW,Non-MRW
W_629,1,Weitere lokale Radwege verbinden die Kernstadt mit den Stadtteilen.,Weitere,Non-MRW,Non-MRW
W_458,2,Weitere lokale Radwege verbinden die Kernstadt mit den Stadtteilen.,lokale,Non-MRW,Non-MRW
W_458,3,Weitere lokale Radwege verbinden die Kernstadt mit den Stadtteilen.,Radwege,Non-MRW,Non-MRW
W_458,4,Weitere lokale Radwege verbinden die Kernstadt mit den Stadtteilen.,verbinden,MRW,indirect
W_458,5,Weitere lokale Radwege verbinden die Kernstadt mit den Stadtteilen.,die,Non-MRW,Non-MRW
W_458,6,Weitere lokale Radwege verbinden die Kernstadt mit den Stadtteilen.,Kernstadt,Non-MRW,Non-MRW
W_458,7,Weitere lokale Radwege verbinden die Kernstadt mit den Stadtteilen.,mit,Non-MRW,Non-MRW
W_458,8,Weitere lokale Radwege verbinden die Kernstadt mit den Stadtteilen.,den,Non-MRW,Non-MRW
W_458,9,Weitere lokale Radwege verbinden die Kernstadt mit den Stadtteilen.,Stadtteilen,Non-MRW,Non-MRW
W_458,1,Durch nah vorbeiführende Umgehungsstraße eher laut. .,Durch,Non-MRW,Non-MRW
W_281,2,Durch nah vorbeiführende Umgehungsstraße eher laut. .,nah,Non-MRW,Non-MRW
W_281,3,Durch nah vorbeiführende Umgehungsstraße eher laut. .,vorbeiführende,Non-MRW,Non-MRW
W_281,4,Durch nah vorbeiführende Umgehungsstraße eher laut. .,Umgehungsstraße,Non-MRW,Non-MRW
W_281,5,Durch nah vorbeiführende Umgehungsstraße eher laut. .,eher,Non-MRW,Non-MRW
W_281,6,Durch nah vorbeiführende Umgehungsstraße eher laut. .,laut,Non-MRW,Non-MRW
W_281,1,"Wahoo Bay Beach Hotel: 20 Zimmer und Suiten, Restaurant, Bar, Pool, Tennisplatz, Strand, Segeln, Surfen und Tauchen.",Wahoo,Non-MRW,Non-MRW
W_739,2,"Wahoo Bay Beach Hotel: 20 Zimmer und Suiten, Restaurant, Bar, Pool, Tennisplatz, Strand, Segeln, Surfen und Tauchen.",Bay,MWE,MWE
W_739,3,"Wahoo Bay Beach Hotel: 20 Zimmer und Suiten, Restaurant, Bar, Pool, Tennisplatz, Strand, Segeln, Surfen und Tauchen.",Beach,MWE,MWE
W_739,4,"Wahoo Bay Beach Hotel: 20 Zimmer und Suiten, Restaurant, Bar, Pool, Tennisplatz, Strand, Segeln, Surfen und Tauchen.",Hotel,MWE,MWE
W_739,5,"Wahoo Bay Beach Hotel: 20 Zimmer und Suiten, Restaurant, Bar, Pool, Tennisplatz, Strand, Segeln, Surfen und Tauchen.",Zimmer,Non-MRW,Non-MRW
W_739,6,"Wahoo Bay Beach Hotel: 20 Zimmer und Suiten, Restaurant, Bar, Pool, Tennisplatz, Strand, Segeln, Surfen und Tauchen.",und,Non-MRW,Non-MRW
W_739,7,"Wahoo Bay Beach Hotel: 20 Zimmer und Suiten, Restaurant, Bar, Pool, Tennisplatz, Strand, Segeln, Surfen und Tauchen.",Suiten,Non-MRW,Non-MRW
W_739,8,"Wahoo Bay Beach Hotel: 20 Zimmer und Suiten, Restaurant, Bar, Pool, Tennisplatz, Strand, Segeln, Surfen und Tauchen.",Restaurant,Non-MRW,Non-MRW
W_739,9,"Wahoo Bay Beach Hotel: 20 Zimmer und Suiten, Restaurant, Bar, Pool, Tennisplatz, Strand, Segeln, Surfen und Tauchen.",Bar,Non-MRW,Non-MRW
W_739,10,"Wahoo Bay Beach Hotel: 20 Zimmer und Suiten, Restaurant, Bar, Pool, Tennisplatz, Strand, Segeln, Surfen und Tauchen.",Pool,Non-MRW,Non-MRW
W_739,11,"Wahoo Bay Beach Hotel: 20 Zimmer und Suiten, Restaurant, Bar, Pool, Tennisplatz, Strand, Segeln, Surfen und Tauchen.",Tennisplatz,Non-MRW,Non-MRW
W_739,12,"Wahoo Bay Beach Hotel: 20 Zimmer und Suiten, Restaurant, Bar, Pool, Tennisplatz, Strand, Segeln, Surfen und Tauchen.",Strand,Non-MRW,Non-MRW
W_739,13,"Wahoo Bay Beach Hotel: 20 Zimmer und Suiten, Restaurant, Bar, Pool, Tennisplatz, Strand, Segeln, Surfen und Tauchen.",Segeln,Non-MRW,Non-MRW
W_739,14,"Wahoo Bay Beach Hotel: 20 Zimmer und Suiten, Restaurant, Bar, Pool, Tennisplatz, Strand, Segeln, Surfen und Tauchen.",Surfen,Non-MRW,Non-MRW
W_739,15,"Wahoo Bay Beach Hotel: 20 Zimmer und Suiten, Restaurant, Bar, Pool, Tennisplatz, Strand, Segeln, Surfen und Tauchen.",und,Non-MRW,Non-MRW
W_739,16,"Wahoo Bay Beach Hotel: 20 Zimmer und Suiten, Restaurant, Bar, Pool, Tennisplatz, Strand, Segeln, Surfen und Tauchen.",Tauchen,Non-MRW,Non-MRW
W_739,1,"Mit St. Johann in Tirol, Waidring, St. Ulrich am Pillersee und Fieberbrunn liegen bekannte Pisten direkt vor der Haustüre.",Mit,Non-MRW,Non-MRW
W_581,2,"Mit St. Johann in Tirol, Waidring, St. Ulrich am Pillersee und Fieberbrunn liegen bekannte Pisten direkt vor der Haustüre.",St,Non-MRW,Non-MRW
W_581,3,"Mit St. Johann in Tirol, Waidring, St. Ulrich am Pillersee und Fieberbrunn liegen bekannte Pisten direkt vor der Haustüre.",Johann,MWE,MWE
W_581,4,"Mit St. Johann in Tirol, Waidring, St. Ulrich am Pillersee und Fieberbrunn liegen bekannte Pisten direkt vor der Haustüre.",in,Non-MRW,Non-MRW
W_581,5,"Mit St. Johann in Tirol, Waidring, St. Ulrich am Pillersee und Fieberbrunn liegen bekannte Pisten direkt vor der Haustüre.",Tirol,Non-MRW,Non-MRW
W_581,6,"Mit St. Johann in Tirol, Waidring, St. Ulrich am Pillersee und Fieberbrunn liegen bekannte Pisten direkt vor der Haustüre.",Waidring,Non-MRW,Non-MRW
W_581,7,"Mit St. Johann in Tirol, Waidring, St. Ulrich am Pillersee und Fieberbrunn liegen bekannte Pisten direkt vor der Haustüre.",St,Non-MRW,Non-MRW
W_581,8,"Mit St. Johann in Tirol, Waidring, St. Ulrich am Pillersee und Fieberbrunn liegen bekannte Pisten direkt vor der Haustüre.",Ulrich,MWE,MWE
W_581,9,"Mit St. Johann in Tirol, Waidring, St. Ulrich am Pillersee und Fieberbrunn liegen bekannte Pisten direkt vor der Haustüre.",am,MWE,MWE
W_581,10,"Mit St. Johann in Tirol, Waidring, St. Ulrich am Pillersee und Fieberbrunn liegen bekannte Pisten direkt vor der Haustüre.",Pillersee,MWE,MWE
W_581,11,"Mit St. Johann in Tirol, Waidring, St. Ulrich am Pillersee und Fieberbrunn liegen bekannte Pisten direkt vor der Haustüre.",und,Non-MRW,Non-MRW
W_581,12,"Mit St. Johann in Tirol, Waidring, St. Ulrich am Pillersee und Fieberbrunn liegen bekannte Pisten direkt vor der Haustüre.",Fieberbrunn,Non-MRW,Non-MRW
W_581,13,"Mit St. Johann in Tirol, Waidring, St. Ulrich am Pillersee und Fieberbrunn liegen bekannte Pisten direkt vor der Haustüre.",liegen,MRW,indirect
W_581,14,"Mit St. Johann in Tirol, Waidring, St. Ulrich am Pillersee und Fieberbrunn liegen bekannte Pisten direkt vor der Haustüre.",bekannte,Non-MRW,Non-MRW
W_581,15,"Mit St. Johann in Tirol, Waidring, St. Ulrich am Pillersee und Fieberbrunn liegen bekannte Pisten direkt vor der Haustüre.",Pisten,Non-MRW,Non-MRW
W_581,16,"Mit St. Johann in Tirol, Waidring, St. Ulrich am Pillersee und Fieberbrunn liegen bekannte Pisten direkt vor der Haustüre.",direkt,MRW,indirect
W_581,17,"Mit St. Johann in Tirol, Waidring, St. Ulrich am Pillersee und Fieberbrunn liegen bekannte Pisten direkt vor der Haustüre.",vor,MRW,indirect
W_581,18,"Mit St. Johann in Tirol, Waidring, St. Ulrich am Pillersee und Fieberbrunn liegen bekannte Pisten direkt vor der Haustüre.",der,MRW,indirect
W_581,19,"Mit St. Johann in Tirol, Waidring, St. Ulrich am Pillersee und Fieberbrunn liegen bekannte Pisten direkt vor der Haustüre.",Haustüre,MRW,indirect
W_581,1,Stratoni: sehr kleiner Hafen. .,Stratoni,Non-MRW,Non-MRW
W_778,2,Stratoni: sehr kleiner Hafen. .,sehr,Non-MRW,Non-MRW
W_778,3,Stratoni: sehr kleiner Hafen. .,kleiner,Non-MRW,Non-MRW
W_778,4,Stratoni: sehr kleiner Hafen. .,Hafen,Non-MRW,Non-MRW
W_778,1,Die Nordseite des Parks dominiert das große Riverwalk Einkaufszentrum.,Die,Non-MRW,Non-MRW
W_692,2,Die Nordseite des Parks dominiert das große Riverwalk Einkaufszentrum.,Nordseite,Non-MRW,Non-MRW
W_692,3,Die Nordseite des Parks dominiert das große Riverwalk Einkaufszentrum.,des,Non-MRW,Non-MRW
W_692,4,Die Nordseite des Parks dominiert das große Riverwalk Einkaufszentrum.,Parks,Non-MRW,Non-MRW
W_692,5,Die Nordseite des Parks dominiert das große Riverwalk Einkaufszentrum.,dominiert,Non-MRW,Non-MRW
W_692,6,Die Nordseite des Parks dominiert das große Riverwalk Einkaufszentrum.,das,Non-MRW,Non-MRW
W_692,7,Die Nordseite des Parks dominiert das große Riverwalk Einkaufszentrum.,große,Non-MRW,Non-MRW
W_692,8,Die Nordseite des Parks dominiert das große Riverwalk Einkaufszentrum.,Riverwalk,Non-MRW,Non-MRW
W_692,9,Die Nordseite des Parks dominiert das große Riverwalk Einkaufszentrum.,Einkaufszentrum,MWE,MWE
W_692,1,Die meisten Einkaufsmöglichkeiten und Dienstleistungen befinden sich an der St. Gallerstraße oder in und um die Altstadt.,Die,Non-MRW,Non-MRW
W_321,2,Die meisten Einkaufsmöglichkeiten und Dienstleistungen befinden sich an der St. Gallerstraße oder in und um die Altstadt.,meisten,Non-MRW,Non-MRW
W_321,3,Die meisten Einkaufsmöglichkeiten und Dienstleistungen befinden sich an der St. Gallerstraße oder in und um die Altstadt.,Einkaufsmöglichkeiten,Non-MRW,Non-MRW
W_321,4,Die meisten Einkaufsmöglichkeiten und Dienstleistungen befinden sich an der St. Gallerstraße oder in und um die Altstadt.,und,Non-MRW,Non-MRW
W_321,5,Die meisten Einkaufsmöglichkeiten und Dienstleistungen befinden sich an der St. Gallerstraße oder in und um die Altstadt.,Dienstleistungen,Non-MRW,Non-MRW
W_321,6,Die meisten Einkaufsmöglichkeiten und Dienstleistungen befinden sich an der St. Gallerstraße oder in und um die Altstadt.,befinden,Non-MRW,Non-MRW
W_321,7,Die meisten Einkaufsmöglichkeiten und Dienstleistungen befinden sich an der St. Gallerstraße oder in und um die Altstadt.,sich,MWE,MWE
W_321,8,Die meisten Einkaufsmöglichkeiten und Dienstleistungen befinden sich an der St. Gallerstraße oder in und um die Altstadt.,an,Non-MRW,Non-MRW
W_321,9,Die meisten Einkaufsmöglichkeiten und Dienstleistungen befinden sich an der St. Gallerstraße oder in und um die Altstadt.,der,Non-MRW,Non-MRW
W_321,10,Die meisten Einkaufsmöglichkeiten und Dienstleistungen befinden sich an der St. Gallerstraße oder in und um die Altstadt.,St,Non-MRW,Non-MRW
W_321,11,Die meisten Einkaufsmöglichkeiten und Dienstleistungen befinden sich an der St. Gallerstraße oder in und um die Altstadt.,Gallerstraße,MWE,MWE
W_321,12,Die meisten Einkaufsmöglichkeiten und Dienstleistungen befinden sich an der St. Gallerstraße oder in und um die Altstadt.,oder,Non-MRW,Non-MRW
W_321,13,Die meisten Einkaufsmöglichkeiten und Dienstleistungen befinden sich an der St. Gallerstraße oder in und um die Altstadt.,in,Non-MRW,Non-MRW
W_321,14,Die meisten Einkaufsmöglichkeiten und Dienstleistungen befinden sich an der St. Gallerstraße oder in und um die Altstadt.,und,Non-MRW,Non-MRW
W_321,15,Die meisten Einkaufsmöglichkeiten und Dienstleistungen befinden sich an der St. Gallerstraße oder in und um die Altstadt.,um,Non-MRW,Non-MRW
W_321,16,Die meisten Einkaufsmöglichkeiten und Dienstleistungen befinden sich an der St. Gallerstraße oder in und um die Altstadt.,die,Non-MRW,Non-MRW
W_321,17,Die meisten Einkaufsmöglichkeiten und Dienstleistungen befinden sich an der St. Gallerstraße oder in und um die Altstadt.,Altstadt,Non-MRW,Non-MRW
W_321,1,"Cartagena ist berühmt für seine gut erhaltene koloniale Architektur, befestigten Stadtmauern, historischen Gassen und pulsierenden Straßen.",Cartagena,Non-MRW,Non-MRW
W_652,2,"Cartagena ist berühmt für seine gut erhaltene koloniale Architektur, befestigten Stadtmauern, historischen Gassen und pulsierenden Straßen.",ist,Non-MRW,Non-MRW
W_652,3,"Cartagena ist berühmt für seine gut erhaltene koloniale Architektur, befestigten Stadtmauern, historischen Gassen und pulsierenden Straßen.",berühmt,Non-MRW,Non-MRW
W_652,4,"Cartagena ist berühmt für seine gut erhaltene koloniale Architektur, befestigten Stadtmauern, historischen Gassen und pulsierenden Straßen.",für,Non-MRW,Non-MRW
W_652,5,"Cartagena ist berühmt für seine gut erhaltene koloniale Architektur, befestigten Stadtmauern, historischen Gassen und pulsierenden Straßen.",seine,Non-MRW,Non-MRW
W_652,6,"Cartagena ist berühmt für seine gut erhaltene koloniale Architektur, befestigten Stadtmauern, historischen Gassen und pulsierenden Straßen.",gut,Non-MRW,Non-MRW
W_652,7,"Cartagena ist berühmt für seine gut erhaltene koloniale Architektur, befestigten Stadtmauern, historischen Gassen und pulsierenden Straßen.",erhaltene,Non-MRW,Non-MRW
W_652,8,"Cartagena ist berühmt für seine gut erhaltene koloniale Architektur, befestigten Stadtmauern, historischen Gassen und pulsierenden Straßen.",koloniale,Non-MRW,Non-MRW
W_652,9,"Cartagena ist berühmt für seine gut erhaltene koloniale Architektur, befestigten Stadtmauern, historischen Gassen und pulsierenden Straßen.",Architektur,Non-MRW,Non-MRW
W_652,10,"Cartagena ist berühmt für seine gut erhaltene koloniale Architektur, befestigten Stadtmauern, historischen Gassen und pulsierenden Straßen.",befestigten,Non-MRW,Non-MRW
W_652,11,"Cartagena ist berühmt für seine gut erhaltene koloniale Architektur, befestigten Stadtmauern, historischen Gassen und pulsierenden Straßen.",Stadtmauern,Non-MRW,Non-MRW
W_652,12,"Cartagena ist berühmt für seine gut erhaltene koloniale Architektur, befestigten Stadtmauern, historischen Gassen und pulsierenden Straßen.",historischen,Non-MRW,Non-MRW
W_652,13,"Cartagena ist berühmt für seine gut erhaltene koloniale Architektur, befestigten Stadtmauern, historischen Gassen und pulsierenden Straßen.",Gassen,Non-MRW,Non-MRW
W_652,14,"Cartagena ist berühmt für seine gut erhaltene koloniale Architektur, befestigten Stadtmauern, historischen Gassen und pulsierenden Straßen.",und,Non-MRW,Non-MRW
W_652,15,"Cartagena ist berühmt für seine gut erhaltene koloniale Architektur, befestigten Stadtmauern, historischen Gassen und pulsierenden Straßen.",pulsierenden,MRW,indirect
W_652,16,"Cartagena ist berühmt für seine gut erhaltene koloniale Architektur, befestigten Stadtmauern, historischen Gassen und pulsierenden Straßen.",Straßen,Non-MRW,Non-MRW
W_652,1,"Slope Point: Der südlichste Punkt der Südinsel, auf dem Gelände einer Schaffarm.",Slope,Non-MRW,Non-MRW
W_408,2,"Slope Point: Der südlichste Punkt der Südinsel, auf dem Gelände einer Schaffarm.",Point,MWE,MWE
W_408,3,"Slope Point: Der südlichste Punkt der Südinsel, auf dem Gelände einer Schaffarm.",Der,Non-MRW,Non-MRW
W_408,4,"Slope Point: Der südlichste Punkt der Südinsel, auf dem Gelände einer Schaffarm.",südlichste,Non-MRW,Non-MRW
W_408,5,"Slope Point: Der südlichste Punkt der Südinsel, auf dem Gelände einer Schaffarm.",Punkt,MRW,indirect
W_408,6,"Slope Point: Der südlichste Punkt der Südinsel, auf dem Gelände einer Schaffarm.",der,Non-MRW,Non-MRW
W_408,7,"Slope Point: Der südlichste Punkt der Südinsel, auf dem Gelände einer Schaffarm.",Südinsel,Non-MRW,Non-MRW
W_408,8,"Slope Point: Der südlichste Punkt der Südinsel, auf dem Gelände einer Schaffarm.",auf,WIDLII,WIDLII
W_408,9,"Slope Point: Der südlichste Punkt der Südinsel, auf dem Gelände einer Schaffarm.",dem,Non-MRW,Non-MRW
W_408,10,"Slope Point: Der südlichste Punkt der Südinsel, auf dem Gelände einer Schaffarm.",Gelände,Non-MRW,Non-MRW
W_408,11,"Slope Point: Der südlichste Punkt der Südinsel, auf dem Gelände einer Schaffarm.",einer,Non-MRW,Non-MRW
W_408,12,"Slope Point: Der südlichste Punkt der Südinsel, auf dem Gelände einer Schaffarm.",Schaffarm,Non-MRW,Non-MRW
W_408,1,"Der Ort verfügt über Duschen, Umkleideräume und einen schönen Rastplatz mit Bänken.",Der,Non-MRW,Non-MRW
W_443,2,"Der Ort verfügt über Duschen, Umkleideräume und einen schönen Rastplatz mit Bänken.",Ort,Non-MRW,Non-MRW
W_443,3,"Der Ort verfügt über Duschen, Umkleideräume und einen schönen Rastplatz mit Bänken.",verfügt,Non-MRW,Non-MRW
W_443,4,"Der Ort verfügt über Duschen, Umkleideräume und einen schönen Rastplatz mit Bänken.",über,MRW,indirect
W_443,5,"Der Ort verfügt über Duschen, Umkleideräume und einen schönen Rastplatz mit Bänken.",Duschen,Non-MRW,Non-MRW
W_443,6,"Der Ort verfügt über Duschen, Umkleideräume und einen schönen Rastplatz mit Bänken.",Umkleideräume,Non-MRW,Non-MRW
W_443,7,"Der Ort verfügt über Duschen, Umkleideräume und einen schönen Rastplatz mit Bänken.",und,Non-MRW,Non-MRW
W_443,8,"Der Ort verfügt über Duschen, Umkleideräume und einen schönen Rastplatz mit Bänken.",einen,Non-MRW,Non-MRW
W_443,9,"Der Ort verfügt über Duschen, Umkleideräume und einen schönen Rastplatz mit Bänken.",schönen,Non-MRW,Non-MRW
W_443,10,"Der Ort verfügt über Duschen, Umkleideräume und einen schönen Rastplatz mit Bänken.",Rastplatz,Non-MRW,Non-MRW
W_443,11,"Der Ort verfügt über Duschen, Umkleideräume und einen schönen Rastplatz mit Bänken.",mit,Non-MRW,Non-MRW
W_443,12,"Der Ort verfügt über Duschen, Umkleideräume und einen schönen Rastplatz mit Bänken.",Bänken,Non-MRW,Non-MRW
W_443,1,Kleinere Waschsalons sind in der Altstadt in Seitenstraßen. .,Kleinere,Non-MRW,Non-MRW
W_237,2,Kleinere Waschsalons sind in der Altstadt in Seitenstraßen. .,Waschsalons,Non-MRW,Non-MRW
W_237,3,Kleinere Waschsalons sind in der Altstadt in Seitenstraßen. .,sind,Non-MRW,Non-MRW
W_237,4,Kleinere Waschsalons sind in der Altstadt in Seitenstraßen. .,in,Non-MRW,Non-MRW
W_237,5,Kleinere Waschsalons sind in der Altstadt in Seitenstraßen. .,der,Non-MRW,Non-MRW
W_237,6,Kleinere Waschsalons sind in der Altstadt in Seitenstraßen. .,Altstadt,Non-MRW,Non-MRW
W_237,7,Kleinere Waschsalons sind in der Altstadt in Seitenstraßen. .,in,MRW,indirect
W_237,8,Kleinere Waschsalons sind in der Altstadt in Seitenstraßen. .,Seitenstraßen,Non-MRW,Non-MRW
W_237,1,Inzwischen sind genügend Banken in der Stadt vertreten und es stehen auch reichlich Geldautomaten zur Verfügung.,Inzwischen,Non-MRW,Non-MRW
W_590,2,Inzwischen sind genügend Banken in der Stadt vertreten und es stehen auch reichlich Geldautomaten zur Verfügung.,sind,Non-MRW,Non-MRW
W_590,3,Inzwischen sind genügend Banken in der Stadt vertreten und es stehen auch reichlich Geldautomaten zur Verfügung.,genügend,Non-MRW,Non-MRW
W_590,4,Inzwischen sind genügend Banken in der Stadt vertreten und es stehen auch reichlich Geldautomaten zur Verfügung.,Banken,Non-MRW,Non-MRW
W_590,5,Inzwischen sind genügend Banken in der Stadt vertreten und es stehen auch reichlich Geldautomaten zur Verfügung.,in,MRW,indirect
W_590,6,Inzwischen sind genügend Banken in der Stadt vertreten und es stehen auch reichlich Geldautomaten zur Verfügung.,der,Non-MRW,Non-MRW
W_590,7,Inzwischen sind genügend Banken in der Stadt vertreten und es stehen auch reichlich Geldautomaten zur Verfügung.,Stadt,Non-MRW,Non-MRW
W_590,8,Inzwischen sind genügend Banken in der Stadt vertreten und es stehen auch reichlich Geldautomaten zur Verfügung.,vertreten,Non-MRW,Non-MRW
W_590,9,Inzwischen sind genügend Banken in der Stadt vertreten und es stehen auch reichlich Geldautomaten zur Verfügung.,und,Non-MRW,Non-MRW
W_590,10,Inzwischen sind genügend Banken in der Stadt vertreten und es stehen auch reichlich Geldautomaten zur Verfügung.,es,Non-MRW,Non-MRW
W_590,11,Inzwischen sind genügend Banken in der Stadt vertreten und es stehen auch reichlich Geldautomaten zur Verfügung.,stehen,Non-MRW,Non-MRW
W_590,12,Inzwischen sind genügend Banken in der Stadt vertreten und es stehen auch reichlich Geldautomaten zur Verfügung.,auch,Non-MRW,Non-MRW
W_590,13,Inzwischen sind genügend Banken in der Stadt vertreten und es stehen auch reichlich Geldautomaten zur Verfügung.,reichlich,Non-MRW,Non-MRW
W_590,14,Inzwischen sind genügend Banken in der Stadt vertreten und es stehen auch reichlich Geldautomaten zur Verfügung.,Geldautomaten,Non-MRW,Non-MRW
W_590,15,Inzwischen sind genügend Banken in der Stadt vertreten und es stehen auch reichlich Geldautomaten zur Verfügung.,zur,Non-MRW,Non-MRW
W_590,16,Inzwischen sind genügend Banken in der Stadt vertreten und es stehen auch reichlich Geldautomaten zur Verfügung.,Verfügung,Non-MRW,Non-MRW
W_590,1,"Die Waldkarpaten sind seit dem Zweiten Weltkrieg so gut wie unbewohnt, und im Nationalpark leben noch Bären, Wölfe und Luchse.",Die,Non-MRW,Non-MRW
W_762,2,"Die Waldkarpaten sind seit dem Zweiten Weltkrieg so gut wie unbewohnt, und im Nationalpark leben noch Bären, Wölfe und Luchse.",Waldkarpaten,Non-MRW,Non-MRW
W_762,3,"Die Waldkarpaten sind seit dem Zweiten Weltkrieg so gut wie unbewohnt, und im Nationalpark leben noch Bären, Wölfe und Luchse.",sind,Non-MRW,Non-MRW
W_762,4,"Die Waldkarpaten sind seit dem Zweiten Weltkrieg so gut wie unbewohnt, und im Nationalpark leben noch Bären, Wölfe und Luchse.",seit,Non-MRW,Non-MRW
W_762,5,"Die Waldkarpaten sind seit dem Zweiten Weltkrieg so gut wie unbewohnt, und im Nationalpark leben noch Bären, Wölfe und Luchse.",dem,Non-MRW,Non-MRW
W_762,6,"Die Waldkarpaten sind seit dem Zweiten Weltkrieg so gut wie unbewohnt, und im Nationalpark leben noch Bären, Wölfe und Luchse.",Zweiten,Non-MRW,Non-MRW
W_762,7,"Die Waldkarpaten sind seit dem Zweiten Weltkrieg so gut wie unbewohnt, und im Nationalpark leben noch Bären, Wölfe und Luchse.",Weltkrieg,MWE,MWE
W_762,8,"Die Waldkarpaten sind seit dem Zweiten Weltkrieg so gut wie unbewohnt, und im Nationalpark leben noch Bären, Wölfe und Luchse.",so,Non-MRW,Non-MRW
W_762,9,"Die Waldkarpaten sind seit dem Zweiten Weltkrieg so gut wie unbewohnt, und im Nationalpark leben noch Bären, Wölfe und Luchse.",gut,Non-MRW,Non-MRW
W_762,10,"Die Waldkarpaten sind seit dem Zweiten Weltkrieg so gut wie unbewohnt, und im Nationalpark leben noch Bären, Wölfe und Luchse.",wie,Non-MRW,Non-MRW
W_762,11,"Die Waldkarpaten sind seit dem Zweiten Weltkrieg so gut wie unbewohnt, und im Nationalpark leben noch Bären, Wölfe und Luchse.",unbewohnt,Non-MRW,Non-MRW
W_762,12,"Die Waldkarpaten sind seit dem Zweiten Weltkrieg so gut wie unbewohnt, und im Nationalpark leben noch Bären, Wölfe und Luchse.",und,Non-MRW,Non-MRW
W_762,13,"Die Waldkarpaten sind seit dem Zweiten Weltkrieg so gut wie unbewohnt, und im Nationalpark leben noch Bären, Wölfe und Luchse.",im,Non-MRW,Non-MRW
W_762,14,"Die Waldkarpaten sind seit dem Zweiten Weltkrieg so gut wie unbewohnt, und im Nationalpark leben noch Bären, Wölfe und Luchse.",Nationalpark,Non-MRW,Non-MRW
W_762,15,"Die Waldkarpaten sind seit dem Zweiten Weltkrieg so gut wie unbewohnt, und im Nationalpark leben noch Bären, Wölfe und Luchse.",leben,Non-MRW,Non-MRW
W_762,16,"Die Waldkarpaten sind seit dem Zweiten Weltkrieg so gut wie unbewohnt, und im Nationalpark leben noch Bären, Wölfe und Luchse.",noch,Non-MRW,Non-MRW
W_762,17,"Die Waldkarpaten sind seit dem Zweiten Weltkrieg so gut wie unbewohnt, und im Nationalpark leben noch Bären, Wölfe und Luchse.",Bären,Non-MRW,Non-MRW
W_762,18,"Die Waldkarpaten sind seit dem Zweiten Weltkrieg so gut wie unbewohnt, und im Nationalpark leben noch Bären, Wölfe und Luchse.",Wölfe,Non-MRW,Non-MRW
W_762,19,"Die Waldkarpaten sind seit dem Zweiten Weltkrieg so gut wie unbewohnt, und im Nationalpark leben noch Bären, Wölfe und Luchse.",und,Non-MRW,Non-MRW
W_762,20,"Die Waldkarpaten sind seit dem Zweiten Weltkrieg so gut wie unbewohnt, und im Nationalpark leben noch Bären, Wölfe und Luchse.",Luchse,Non-MRW,Non-MRW
W_762,1,"Im Nordwesten befindet sich die Sierra de las Quijadas, heute ein Nationalpark. .",Im,MRW,indirect
W_661,2,"Im Nordwesten befindet sich die Sierra de las Quijadas, heute ein Nationalpark. .",Nordwesten,Non-MRW,Non-MRW
W_661,3,"Im Nordwesten befindet sich die Sierra de las Quijadas, heute ein Nationalpark. .",befindet,Non-MRW,Non-MRW
W_661,4,"Im Nordwesten befindet sich die Sierra de las Quijadas, heute ein Nationalpark. .",sich,MWE,MWE
W_661,5,"Im Nordwesten befindet sich die Sierra de las Quijadas, heute ein Nationalpark. .",die,Non-MRW,Non-MRW
W_661,6,"Im Nordwesten befindet sich die Sierra de las Quijadas, heute ein Nationalpark. .",Sierra,Non-MRW,Non-MRW
W_661,7,"Im Nordwesten befindet sich die Sierra de las Quijadas, heute ein Nationalpark. .",de,MWE,MWE
W_661,8,"Im Nordwesten befindet sich die Sierra de las Quijadas, heute ein Nationalpark. .",las,MWE,MWE
W_661,9,"Im Nordwesten befindet sich die Sierra de las Quijadas, heute ein Nationalpark. .",Quijadas,MWE,MWE
W_661,10,"Im Nordwesten befindet sich die Sierra de las Quijadas, heute ein Nationalpark. .",heute,WIDLII,WIDLII
W_661,11,"Im Nordwesten befindet sich die Sierra de las Quijadas, heute ein Nationalpark. .",ein,Non-MRW,Non-MRW
W_661,12,"Im Nordwesten befindet sich die Sierra de las Quijadas, heute ein Nationalpark. .",Nationalpark,Non-MRW,Non-MRW
W_661,1,Rund um den Park liegen die Gebäude des Hauptcampus der New York University.,Rund,MRW,indirect
W_413,2,Rund um den Park liegen die Gebäude des Hauptcampus der New York University.,um,Non-MRW,Non-MRW
W_413,3,Rund um den Park liegen die Gebäude des Hauptcampus der New York University.,den,Non-MRW,Non-MRW
W_413,4,Rund um den Park liegen die Gebäude des Hauptcampus der New York University.,Park,Non-MRW,Non-MRW
W_413,5,Rund um den Park liegen die Gebäude des Hauptcampus der New York University.,liegen,MRW,indirect
W_413,6,Rund um den Park liegen die Gebäude des Hauptcampus der New York University.,die,Non-MRW,Non-MRW
W_413,7,Rund um den Park liegen die Gebäude des Hauptcampus der New York University.,Gebäude,Non-MRW,Non-MRW
W_413,8,Rund um den Park liegen die Gebäude des Hauptcampus der New York University.,des,Non-MRW,Non-MRW
W_413,9,Rund um den Park liegen die Gebäude des Hauptcampus der New York University.,Hauptcampus,Non-MRW,Non-MRW
W_413,10,Rund um den Park liegen die Gebäude des Hauptcampus der New York University.,der,Non-MRW,Non-MRW
W_413,11,Rund um den Park liegen die Gebäude des Hauptcampus der New York University.,New,Non-MRW,Non-MRW
W_413,12,Rund um den Park liegen die Gebäude des Hauptcampus der New York University.,York,MWE,MWE
W_413,13,Rund um den Park liegen die Gebäude des Hauptcampus der New York University.,University,MWE,MWE
W_413,1,"In der Innenstadt von Puerto de la Cruz gibt es, wie in allen Touristenzentren, eine Vielzahl von Geschäften und Boutiquen.",In,MRW,indirect
W_787,2,"In der Innenstadt von Puerto de la Cruz gibt es, wie in allen Touristenzentren, eine Vielzahl von Geschäften und Boutiquen.",der,Non-MRW,Non-MRW
W_787,3,"In der Innenstadt von Puerto de la Cruz gibt es, wie in allen Touristenzentren, eine Vielzahl von Geschäften und Boutiquen.",Innenstadt,Non-MRW,Non-MRW
W_787,4,"In der Innenstadt von Puerto de la Cruz gibt es, wie in allen Touristenzentren, eine Vielzahl von Geschäften und Boutiquen.",von,Non-MRW,Non-MRW
W_787,5,"In der Innenstadt von Puerto de la Cruz gibt es, wie in allen Touristenzentren, eine Vielzahl von Geschäften und Boutiquen.",Puerto,Non-MRW,Non-MRW
W_787,6,"In der Innenstadt von Puerto de la Cruz gibt es, wie in allen Touristenzentren, eine Vielzahl von Geschäften und Boutiquen.",de,MWE,MWE
W_787,7,"In der Innenstadt von Puerto de la Cruz gibt es, wie in allen Touristenzentren, eine Vielzahl von Geschäften und Boutiquen.",la,MWE,MWE
W_787,8,"In der Innenstadt von Puerto de la Cruz gibt es, wie in allen Touristenzentren, eine Vielzahl von Geschäften und Boutiquen.",Cruz,MWE,MWE
W_787,9,"In der Innenstadt von Puerto de la Cruz gibt es, wie in allen Touristenzentren, eine Vielzahl von Geschäften und Boutiquen.",gibt,Non-MRW,Non-MRW
W_787,10,"In der Innenstadt von Puerto de la Cruz gibt es, wie in allen Touristenzentren, eine Vielzahl von Geschäften und Boutiquen.",es,Non-MRW,Non-MRW
W_787,11,"In der Innenstadt von Puerto de la Cruz gibt es, wie in allen Touristenzentren, eine Vielzahl von Geschäften und Boutiquen.",wie,Non-MRW,Non-MRW
W_787,12,"In der Innenstadt von Puerto de la Cruz gibt es, wie in allen Touristenzentren, eine Vielzahl von Geschäften und Boutiquen.",in,MRW,indirect
W_787,13,"In der Innenstadt von Puerto de la Cruz gibt es, wie in allen Touristenzentren, eine Vielzahl von Geschäften und Boutiquen.",allen,Non-MRW,Non-MRW
W_787,14,"In der Innenstadt von Puerto de la Cruz gibt es, wie in allen Touristenzentren, eine Vielzahl von Geschäften und Boutiquen.",Touristenzentren,Non-MRW,Non-MRW
W_787,15,"In der Innenstadt von Puerto de la Cruz gibt es, wie in allen Touristenzentren, eine Vielzahl von Geschäften und Boutiquen.",eine,Non-MRW,Non-MRW
W_787,16,"In der Innenstadt von Puerto de la Cruz gibt es, wie in allen Touristenzentren, eine Vielzahl von Geschäften und Boutiquen.",Vielzahl,Non-MRW,Non-MRW
W_787,17,"In der Innenstadt von Puerto de la Cruz gibt es, wie in allen Touristenzentren, eine Vielzahl von Geschäften und Boutiquen.",von,MRW,indirect
W_787,18,"In der Innenstadt von Puerto de la Cruz gibt es, wie in allen Touristenzentren, eine Vielzahl von Geschäften und Boutiquen.",Geschäften,Non-MRW,Non-MRW
W_787,19,"In der Innenstadt von Puerto de la Cruz gibt es, wie in allen Touristenzentren, eine Vielzahl von Geschäften und Boutiquen.",und,Non-MRW,Non-MRW
W_787,20,"In der Innenstadt von Puerto de la Cruz gibt es, wie in allen Touristenzentren, eine Vielzahl von Geschäften und Boutiquen.",Boutiquen,Non-MRW,Non-MRW
W_787,1,"Die Orientierung auf der Insel ist etwas ungewöhnlich, da es keine Straßennamen gibt.",Die,Non-MRW,Non-MRW
W_541,2,"Die Orientierung auf der Insel ist etwas ungewöhnlich, da es keine Straßennamen gibt.",Orientierung,Non-MRW,Non-MRW
W_541,3,"Die Orientierung auf der Insel ist etwas ungewöhnlich, da es keine Straßennamen gibt.",auf,Non-MRW,Non-MRW
W_541,4,"Die Orientierung auf der Insel ist etwas ungewöhnlich, da es keine Straßennamen gibt.",der,Non-MRW,Non-MRW
W_541,5,"Die Orientierung auf der Insel ist etwas ungewöhnlich, da es keine Straßennamen gibt.",Insel,Non-MRW,Non-MRW
W_541,6,"Die Orientierung auf der Insel ist etwas ungewöhnlich, da es keine Straßennamen gibt.",ist,Non-MRW,Non-MRW
W_541,7,"Die Orientierung auf der Insel ist etwas ungewöhnlich, da es keine Straßennamen gibt.",etwas,Non-MRW,Non-MRW
W_541,8,"Die Orientierung auf der Insel ist etwas ungewöhnlich, da es keine Straßennamen gibt.",ungewöhnlich,Non-MRW,Non-MRW
W_541,9,"Die Orientierung auf der Insel ist etwas ungewöhnlich, da es keine Straßennamen gibt.",da,Non-MRW,Non-MRW
W_541,10,"Die Orientierung auf der Insel ist etwas ungewöhnlich, da es keine Straßennamen gibt.",es,Non-MRW,Non-MRW
W_541,11,"Die Orientierung auf der Insel ist etwas ungewöhnlich, da es keine Straßennamen gibt.",keine,Non-MRW,Non-MRW
W_541,12,"Die Orientierung auf der Insel ist etwas ungewöhnlich, da es keine Straßennamen gibt.",Straßennamen,Non-MRW,Non-MRW
W_541,13,"Die Orientierung auf der Insel ist etwas ungewöhnlich, da es keine Straßennamen gibt.",gibt,Non-MRW,Non-MRW
W_541,1,Auf Leros gibt es einen kleinen Flughafen für Inlandsflüge.,Auf,Non-MRW,Non-MRW
W_560,2,Auf Leros gibt es einen kleinen Flughafen für Inlandsflüge.,Leros,Non-MRW,Non-MRW
W_560,3,Auf Leros gibt es einen kleinen Flughafen für Inlandsflüge.,gibt,Non-MRW,Non-MRW
W_560,4,Auf Leros gibt es einen kleinen Flughafen für Inlandsflüge.,es,Non-MRW,Non-MRW
W_560,5,Auf Leros gibt es einen kleinen Flughafen für Inlandsflüge.,einen,Non-MRW,Non-MRW
W_560,6,Auf Leros gibt es einen kleinen Flughafen für Inlandsflüge.,kleinen,Non-MRW,Non-MRW
W_560,7,Auf Leros gibt es einen kleinen Flughafen für Inlandsflüge.,Flughafen,Non-MRW,Non-MRW
W_560,8,Auf Leros gibt es einen kleinen Flughafen für Inlandsflüge.,für,Non-MRW,Non-MRW
W_560,9,Auf Leros gibt es einen kleinen Flughafen für Inlandsflüge.,Inlandsflüge,Non-MRW,Non-MRW
W_560,1,"Schillings Hafenamt: Das reetgedeckte Haus, ehemals das offizielle Hafenamt von Kloster, steht mitten im Hafen von Kloster. .",Schillings,Non-MRW,Non-MRW
W_353,2,"Schillings Hafenamt: Das reetgedeckte Haus, ehemals das offizielle Hafenamt von Kloster, steht mitten im Hafen von Kloster. .",Hafenamt,MWE,MWE
W_353,3,"Schillings Hafenamt: Das reetgedeckte Haus, ehemals das offizielle Hafenamt von Kloster, steht mitten im Hafen von Kloster. .",Das,Non-MRW,Non-MRW
W_353,4,"Schillings Hafenamt: Das reetgedeckte Haus, ehemals das offizielle Hafenamt von Kloster, steht mitten im Hafen von Kloster. .",reetgedeckte,Non-MRW,Non-MRW
W_353,5,"Schillings Hafenamt: Das reetgedeckte Haus, ehemals das offizielle Hafenamt von Kloster, steht mitten im Hafen von Kloster. .",Haus,Non-MRW,Non-MRW
W_353,6,"Schillings Hafenamt: Das reetgedeckte Haus, ehemals das offizielle Hafenamt von Kloster, steht mitten im Hafen von Kloster. .",ehemals,Non-MRW,Non-MRW
W_353,7,"Schillings Hafenamt: Das reetgedeckte Haus, ehemals das offizielle Hafenamt von Kloster, steht mitten im Hafen von Kloster. .",das,Non-MRW,Non-MRW
W_353,8,"Schillings Hafenamt: Das reetgedeckte Haus, ehemals das offizielle Hafenamt von Kloster, steht mitten im Hafen von Kloster. .",offizielle,Non-MRW,Non-MRW
W_353,9,"Schillings Hafenamt: Das reetgedeckte Haus, ehemals das offizielle Hafenamt von Kloster, steht mitten im Hafen von Kloster. .",Hafenamt,Non-MRW,Non-MRW
W_353,10,"Schillings Hafenamt: Das reetgedeckte Haus, ehemals das offizielle Hafenamt von Kloster, steht mitten im Hafen von Kloster. .",von,Non-MRW,Non-MRW
W_353,11,"Schillings Hafenamt: Das reetgedeckte Haus, ehemals das offizielle Hafenamt von Kloster, steht mitten im Hafen von Kloster. .",Kloster,Non-MRW,Non-MRW
W_353,12,"Schillings Hafenamt: Das reetgedeckte Haus, ehemals das offizielle Hafenamt von Kloster, steht mitten im Hafen von Kloster. .",steht,MRW,indirect
W_353,13,"Schillings Hafenamt: Das reetgedeckte Haus, ehemals das offizielle Hafenamt von Kloster, steht mitten im Hafen von Kloster. .",mitten,Non-MRW,Non-MRW
W_353,14,"Schillings Hafenamt: Das reetgedeckte Haus, ehemals das offizielle Hafenamt von Kloster, steht mitten im Hafen von Kloster. .",im,MRW,indirect
W_353,15,"Schillings Hafenamt: Das reetgedeckte Haus, ehemals das offizielle Hafenamt von Kloster, steht mitten im Hafen von Kloster. .",Hafen,Non-MRW,Non-MRW
W_353,16,"Schillings Hafenamt: Das reetgedeckte Haus, ehemals das offizielle Hafenamt von Kloster, steht mitten im Hafen von Kloster. .",von,Non-MRW,Non-MRW
W_353,17,"Schillings Hafenamt: Das reetgedeckte Haus, ehemals das offizielle Hafenamt von Kloster, steht mitten im Hafen von Kloster. .",Kloster,Non-MRW,Non-MRW
W_353,1,"Die Altstadt befindet sich auf einer mächtigen, länglich gestreckten Felserhebung. .",Die,Non-MRW,Non-MRW
W_17,2,"Die Altstadt befindet sich auf einer mächtigen, länglich gestreckten Felserhebung. .",Altstadt,Non-MRW,Non-MRW
W_17,3,"Die Altstadt befindet sich auf einer mächtigen, länglich gestreckten Felserhebung. .",befindet,Non-MRW,Non-MRW
W_17,4,"Die Altstadt befindet sich auf einer mächtigen, länglich gestreckten Felserhebung. .",sich,MWE,MWE
W_17,5,"Die Altstadt befindet sich auf einer mächtigen, länglich gestreckten Felserhebung. .",auf,Non-MRW,Non-MRW
W_17,6,"Die Altstadt befindet sich auf einer mächtigen, länglich gestreckten Felserhebung. .",einer,Non-MRW,Non-MRW
W_17,7,"Die Altstadt befindet sich auf einer mächtigen, länglich gestreckten Felserhebung. .",mächtigen,Non-MRW,Non-MRW
W_17,8,"Die Altstadt befindet sich auf einer mächtigen, länglich gestreckten Felserhebung. .",länglich,Non-MRW,Non-MRW
W_17,9,"Die Altstadt befindet sich auf einer mächtigen, länglich gestreckten Felserhebung. .",gestreckten,Non-MRW,Non-MRW
W_17,10,"Die Altstadt befindet sich auf einer mächtigen, länglich gestreckten Felserhebung. .",Felserhebung,Non-MRW,Non-MRW
W_17,1,Dingle Peninsula: Die schönste Halbinsel. .,Dingle,Non-MRW,Non-MRW
W_623,2,Dingle Peninsula: Die schönste Halbinsel. .,Peninsula,MWE,MWE
W_623,3,Dingle Peninsula: Die schönste Halbinsel. .,Die,Non-MRW,Non-MRW
W_623,4,Dingle Peninsula: Die schönste Halbinsel. .,schönste,Non-MRW,Non-MRW
W_623,5,Dingle Peninsula: Die schönste Halbinsel. .,Halbinsel,Non-MRW,Non-MRW
