ID,TOKEN_ID,SENTENCE_CLEAN,TOKEN,ANNOTATION_FINAL,MET_TYPE
34,0,"Der feine Regen, der noch immer anhielt, die Dunkelheit der Nacht, aus der schon fern die hellen Steinrosen der Kirchenfenster wundersam hervorglommen, das verstohlene Schwirren und Summen der Tausende verbreitete ein banges Grausen rings um die Kirche, dessen nur wenige sich erwehren mochten.",Der,Non-MRW,Non-MRW
34,1,"Der feine Regen, der noch immer anhielt, die Dunkelheit der Nacht, aus der schon fern die hellen Steinrosen der Kirchenfenster wundersam hervorglommen, das verstohlene Schwirren und Summen der Tausende verbreitete ein banges Grausen rings um die Kirche, dessen nur wenige sich erwehren mochten.",feine,WIDLII,WIDLII
34,2,"Der feine Regen, der noch immer anhielt, die Dunkelheit der Nacht, aus der schon fern die hellen Steinrosen der Kirchenfenster wundersam hervorglommen, das verstohlene Schwirren und Summen der Tausende verbreitete ein banges Grausen rings um die Kirche, dessen nur wenige sich erwehren mochten.",Regen,Non-MRW,Non-MRW
34,4,"Der feine Regen, der noch immer anhielt, die Dunkelheit der Nacht, aus der schon fern die hellen Steinrosen der Kirchenfenster wundersam hervorglommen, das verstohlene Schwirren und Summen der Tausende verbreitete ein banges Grausen rings um die Kirche, dessen nur wenige sich erwehren mochten.",der,Non-MRW,Non-MRW
34,5,"Der feine Regen, der noch immer anhielt, die Dunkelheit der Nacht, aus der schon fern die hellen Steinrosen der Kirchenfenster wundersam hervorglommen, das verstohlene Schwirren und Summen der Tausende verbreitete ein banges Grausen rings um die Kirche, dessen nur wenige sich erwehren mochten.",noch,Non-MRW,Non-MRW
34,6,"Der feine Regen, der noch immer anhielt, die Dunkelheit der Nacht, aus der schon fern die hellen Steinrosen der Kirchenfenster wundersam hervorglommen, das verstohlene Schwirren und Summen der Tausende verbreitete ein banges Grausen rings um die Kirche, dessen nur wenige sich erwehren mochten.",immer,Non-MRW,Non-MRW
34,7,"Der feine Regen, der noch immer anhielt, die Dunkelheit der Nacht, aus der schon fern die hellen Steinrosen der Kirchenfenster wundersam hervorglommen, das verstohlene Schwirren und Summen der Tausende verbreitete ein banges Grausen rings um die Kirche, dessen nur wenige sich erwehren mochten.",anhielt,WIDLII,WIDLII
34,9,"Der feine Regen, der noch immer anhielt, die Dunkelheit der Nacht, aus der schon fern die hellen Steinrosen der Kirchenfenster wundersam hervorglommen, das verstohlene Schwirren und Summen der Tausende verbreitete ein banges Grausen rings um die Kirche, dessen nur wenige sich erwehren mochten.",die,Non-MRW,Non-MRW
34,10,"Der feine Regen, der noch immer anhielt, die Dunkelheit der Nacht, aus der schon fern die hellen Steinrosen der Kirchenfenster wundersam hervorglommen, das verstohlene Schwirren und Summen der Tausende verbreitete ein banges Grausen rings um die Kirche, dessen nur wenige sich erwehren mochten.",Dunkelheit,Non-MRW,Non-MRW
34,11,"Der feine Regen, der noch immer anhielt, die Dunkelheit der Nacht, aus der schon fern die hellen Steinrosen der Kirchenfenster wundersam hervorglommen, das verstohlene Schwirren und Summen der Tausende verbreitete ein banges Grausen rings um die Kirche, dessen nur wenige sich erwehren mochten.",der,Non-MRW,Non-MRW
34,12,"Der feine Regen, der noch immer anhielt, die Dunkelheit der Nacht, aus der schon fern die hellen Steinrosen der Kirchenfenster wundersam hervorglommen, das verstohlene Schwirren und Summen der Tausende verbreitete ein banges Grausen rings um die Kirche, dessen nur wenige sich erwehren mochten.",Nacht,Non-MRW,Non-MRW
34,14,"Der feine Regen, der noch immer anhielt, die Dunkelheit der Nacht, aus der schon fern die hellen Steinrosen der Kirchenfenster wundersam hervorglommen, das verstohlene Schwirren und Summen der Tausende verbreitete ein banges Grausen rings um die Kirche, dessen nur wenige sich erwehren mochten.",aus,MRW,indirect
34,15,"Der feine Regen, der noch immer anhielt, die Dunkelheit der Nacht, aus der schon fern die hellen Steinrosen der Kirchenfenster wundersam hervorglommen, das verstohlene Schwirren und Summen der Tausende verbreitete ein banges Grausen rings um die Kirche, dessen nur wenige sich erwehren mochten.",der,Non-MRW,Non-MRW
34,16,"Der feine Regen, der noch immer anhielt, die Dunkelheit der Nacht, aus der schon fern die hellen Steinrosen der Kirchenfenster wundersam hervorglommen, das verstohlene Schwirren und Summen der Tausende verbreitete ein banges Grausen rings um die Kirche, dessen nur wenige sich erwehren mochten.",schon,Non-MRW,Non-MRW
34,17,"Der feine Regen, der noch immer anhielt, die Dunkelheit der Nacht, aus der schon fern die hellen Steinrosen der Kirchenfenster wundersam hervorglommen, das verstohlene Schwirren und Summen der Tausende verbreitete ein banges Grausen rings um die Kirche, dessen nur wenige sich erwehren mochten.",fern,Non-MRW,Non-MRW
34,18,"Der feine Regen, der noch immer anhielt, die Dunkelheit der Nacht, aus der schon fern die hellen Steinrosen der Kirchenfenster wundersam hervorglommen, das verstohlene Schwirren und Summen der Tausende verbreitete ein banges Grausen rings um die Kirche, dessen nur wenige sich erwehren mochten.",die,Non-MRW,Non-MRW
34,19,"Der feine Regen, der noch immer anhielt, die Dunkelheit der Nacht, aus der schon fern die hellen Steinrosen der Kirchenfenster wundersam hervorglommen, das verstohlene Schwirren und Summen der Tausende verbreitete ein banges Grausen rings um die Kirche, dessen nur wenige sich erwehren mochten.",hellen,Non-MRW,Non-MRW
34,20,"Der feine Regen, der noch immer anhielt, die Dunkelheit der Nacht, aus der schon fern die hellen Steinrosen der Kirchenfenster wundersam hervorglommen, das verstohlene Schwirren und Summen der Tausende verbreitete ein banges Grausen rings um die Kirche, dessen nur wenige sich erwehren mochten.",Stein,Non-MRW,Non-MRW
34,20,"Der feine Regen, der noch immer anhielt, die Dunkelheit der Nacht, aus der schon fern die hellen Steinrosen der Kirchenfenster wundersam hervorglommen, das verstohlene Schwirren und Summen der Tausende verbreitete ein banges Grausen rings um die Kirche, dessen nur wenige sich erwehren mochten.",rosen,MRW,indirect
34,21,"Der feine Regen, der noch immer anhielt, die Dunkelheit der Nacht, aus der schon fern die hellen Steinrosen der Kirchenfenster wundersam hervorglommen, das verstohlene Schwirren und Summen der Tausende verbreitete ein banges Grausen rings um die Kirche, dessen nur wenige sich erwehren mochten.",der,Non-MRW,Non-MRW
34,22,"Der feine Regen, der noch immer anhielt, die Dunkelheit der Nacht, aus der schon fern die hellen Steinrosen der Kirchenfenster wundersam hervorglommen, das verstohlene Schwirren und Summen der Tausende verbreitete ein banges Grausen rings um die Kirche, dessen nur wenige sich erwehren mochten.",Kirchenfenster,Non-MRW,Non-MRW
34,23,"Der feine Regen, der noch immer anhielt, die Dunkelheit der Nacht, aus der schon fern die hellen Steinrosen der Kirchenfenster wundersam hervorglommen, das verstohlene Schwirren und Summen der Tausende verbreitete ein banges Grausen rings um die Kirche, dessen nur wenige sich erwehren mochten.",wundersam,Non-MRW,Non-MRW
34,24,"Der feine Regen, der noch immer anhielt, die Dunkelheit der Nacht, aus der schon fern die hellen Steinrosen der Kirchenfenster wundersam hervorglommen, das verstohlene Schwirren und Summen der Tausende verbreitete ein banges Grausen rings um die Kirche, dessen nur wenige sich erwehren mochten.",hervor,MWE,MWE
34,24,"Der feine Regen, der noch immer anhielt, die Dunkelheit der Nacht, aus der schon fern die hellen Steinrosen der Kirchenfenster wundersam hervorglommen, das verstohlene Schwirren und Summen der Tausende verbreitete ein banges Grausen rings um die Kirche, dessen nur wenige sich erwehren mochten.",glommen,WIDLII,WIDLII
34,26,"Der feine Regen, der noch immer anhielt, die Dunkelheit der Nacht, aus der schon fern die hellen Steinrosen der Kirchenfenster wundersam hervorglommen, das verstohlene Schwirren und Summen der Tausende verbreitete ein banges Grausen rings um die Kirche, dessen nur wenige sich erwehren mochten.",das,Non-MRW,Non-MRW
34,27,"Der feine Regen, der noch immer anhielt, die Dunkelheit der Nacht, aus der schon fern die hellen Steinrosen der Kirchenfenster wundersam hervorglommen, das verstohlene Schwirren und Summen der Tausende verbreitete ein banges Grausen rings um die Kirche, dessen nur wenige sich erwehren mochten.",verstohlene,WIDLII,WIDLII
34,28,"Der feine Regen, der noch immer anhielt, die Dunkelheit der Nacht, aus der schon fern die hellen Steinrosen der Kirchenfenster wundersam hervorglommen, das verstohlene Schwirren und Summen der Tausende verbreitete ein banges Grausen rings um die Kirche, dessen nur wenige sich erwehren mochten.",Schwirren,WIDLII,WIDLII
34,29,"Der feine Regen, der noch immer anhielt, die Dunkelheit der Nacht, aus der schon fern die hellen Steinrosen der Kirchenfenster wundersam hervorglommen, das verstohlene Schwirren und Summen der Tausende verbreitete ein banges Grausen rings um die Kirche, dessen nur wenige sich erwehren mochten.",und,Non-MRW,Non-MRW
34,30,"Der feine Regen, der noch immer anhielt, die Dunkelheit der Nacht, aus der schon fern die hellen Steinrosen der Kirchenfenster wundersam hervorglommen, das verstohlene Schwirren und Summen der Tausende verbreitete ein banges Grausen rings um die Kirche, dessen nur wenige sich erwehren mochten.",Summen,WIDLII,WIDLII
34,31,"Der feine Regen, der noch immer anhielt, die Dunkelheit der Nacht, aus der schon fern die hellen Steinrosen der Kirchenfenster wundersam hervorglommen, das verstohlene Schwirren und Summen der Tausende verbreitete ein banges Grausen rings um die Kirche, dessen nur wenige sich erwehren mochten.",der,Non-MRW,Non-MRW
34,32,"Der feine Regen, der noch immer anhielt, die Dunkelheit der Nacht, aus der schon fern die hellen Steinrosen der Kirchenfenster wundersam hervorglommen, das verstohlene Schwirren und Summen der Tausende verbreitete ein banges Grausen rings um die Kirche, dessen nur wenige sich erwehren mochten.",Tausende,WIDLII,WIDLII
34,33,"Der feine Regen, der noch immer anhielt, die Dunkelheit der Nacht, aus der schon fern die hellen Steinrosen der Kirchenfenster wundersam hervorglommen, das verstohlene Schwirren und Summen der Tausende verbreitete ein banges Grausen rings um die Kirche, dessen nur wenige sich erwehren mochten.",verbreitete,WIDLII,WIDLII
34,34,"Der feine Regen, der noch immer anhielt, die Dunkelheit der Nacht, aus der schon fern die hellen Steinrosen der Kirchenfenster wundersam hervorglommen, das verstohlene Schwirren und Summen der Tausende verbreitete ein banges Grausen rings um die Kirche, dessen nur wenige sich erwehren mochten.",ein,Non-MRW,Non-MRW
34,35,"Der feine Regen, der noch immer anhielt, die Dunkelheit der Nacht, aus der schon fern die hellen Steinrosen der Kirchenfenster wundersam hervorglommen, das verstohlene Schwirren und Summen der Tausende verbreitete ein banges Grausen rings um die Kirche, dessen nur wenige sich erwehren mochten.",banges,WIDLII,WIDLII
34,36,"Der feine Regen, der noch immer anhielt, die Dunkelheit der Nacht, aus der schon fern die hellen Steinrosen der Kirchenfenster wundersam hervorglommen, das verstohlene Schwirren und Summen der Tausende verbreitete ein banges Grausen rings um die Kirche, dessen nur wenige sich erwehren mochten.",Grausen,WIDLII,WIDLII
34,37,"Der feine Regen, der noch immer anhielt, die Dunkelheit der Nacht, aus der schon fern die hellen Steinrosen der Kirchenfenster wundersam hervorglommen, das verstohlene Schwirren und Summen der Tausende verbreitete ein banges Grausen rings um die Kirche, dessen nur wenige sich erwehren mochten.",rings,Non-MRW,Non-MRW
34,38,"Der feine Regen, der noch immer anhielt, die Dunkelheit der Nacht, aus der schon fern die hellen Steinrosen der Kirchenfenster wundersam hervorglommen, das verstohlene Schwirren und Summen der Tausende verbreitete ein banges Grausen rings um die Kirche, dessen nur wenige sich erwehren mochten.",um,Non-MRW,Non-MRW
34,39,"Der feine Regen, der noch immer anhielt, die Dunkelheit der Nacht, aus der schon fern die hellen Steinrosen der Kirchenfenster wundersam hervorglommen, das verstohlene Schwirren und Summen der Tausende verbreitete ein banges Grausen rings um die Kirche, dessen nur wenige sich erwehren mochten.",die,Non-MRW,Non-MRW
34,40,"Der feine Regen, der noch immer anhielt, die Dunkelheit der Nacht, aus der schon fern die hellen Steinrosen der Kirchenfenster wundersam hervorglommen, das verstohlene Schwirren und Summen der Tausende verbreitete ein banges Grausen rings um die Kirche, dessen nur wenige sich erwehren mochten.",Kirche,Non-MRW,Non-MRW
34,42,"Der feine Regen, der noch immer anhielt, die Dunkelheit der Nacht, aus der schon fern die hellen Steinrosen der Kirchenfenster wundersam hervorglommen, das verstohlene Schwirren und Summen der Tausende verbreitete ein banges Grausen rings um die Kirche, dessen nur wenige sich erwehren mochten.",dessen,Non-MRW,Non-MRW
34,43,"Der feine Regen, der noch immer anhielt, die Dunkelheit der Nacht, aus der schon fern die hellen Steinrosen der Kirchenfenster wundersam hervorglommen, das verstohlene Schwirren und Summen der Tausende verbreitete ein banges Grausen rings um die Kirche, dessen nur wenige sich erwehren mochten.",nur,Non-MRW,Non-MRW
34,44,"Der feine Regen, der noch immer anhielt, die Dunkelheit der Nacht, aus der schon fern die hellen Steinrosen der Kirchenfenster wundersam hervorglommen, das verstohlene Schwirren und Summen der Tausende verbreitete ein banges Grausen rings um die Kirche, dessen nur wenige sich erwehren mochten.",wenige,Non-MRW,Non-MRW
34,45,"Der feine Regen, der noch immer anhielt, die Dunkelheit der Nacht, aus der schon fern die hellen Steinrosen der Kirchenfenster wundersam hervorglommen, das verstohlene Schwirren und Summen der Tausende verbreitete ein banges Grausen rings um die Kirche, dessen nur wenige sich erwehren mochten.",sich,MWE,MWE
34,46,"Der feine Regen, der noch immer anhielt, die Dunkelheit der Nacht, aus der schon fern die hellen Steinrosen der Kirchenfenster wundersam hervorglommen, das verstohlene Schwirren und Summen der Tausende verbreitete ein banges Grausen rings um die Kirche, dessen nur wenige sich erwehren mochten.",erwehren,MRW,indirect
34,47,"Der feine Regen, der noch immer anhielt, die Dunkelheit der Nacht, aus der schon fern die hellen Steinrosen der Kirchenfenster wundersam hervorglommen, das verstohlene Schwirren und Summen der Tausende verbreitete ein banges Grausen rings um die Kirche, dessen nur wenige sich erwehren mochten.",mochten,Non-MRW,Non-MRW
56,0,"Auf der äußersten Bergspitze zur Linken, auf der Römerschanze stand ein alter Wartturm, der ""Lug in's Land,"" höchst wahrscheinlich auf römischem Fundament; gegenüber auf dem Vorsprung des Herrenberges lag die Scharfrichterei, und zwischen dieser und dem Wartturm lief im Tal unten die Stadt gegen das Römertor zu aus.",Auf,Non-MRW,Non-MRW
56,1,"Auf der äußersten Bergspitze zur Linken, auf der Römerschanze stand ein alter Wartturm, der ""Lug in's Land,"" höchst wahrscheinlich auf römischem Fundament; gegenüber auf dem Vorsprung des Herrenberges lag die Scharfrichterei, und zwischen dieser und dem Wartturm lief im Tal unten die Stadt gegen das Römertor zu aus.",der,Non-MRW,Non-MRW
56,2,"Auf der äußersten Bergspitze zur Linken, auf der Römerschanze stand ein alter Wartturm, der ""Lug in's Land,"" höchst wahrscheinlich auf römischem Fundament; gegenüber auf dem Vorsprung des Herrenberges lag die Scharfrichterei, und zwischen dieser und dem Wartturm lief im Tal unten die Stadt gegen das Römertor zu aus.",äußersten,Non-MRW,Non-MRW
56,3,"Auf der äußersten Bergspitze zur Linken, auf der Römerschanze stand ein alter Wartturm, der ""Lug in's Land,"" höchst wahrscheinlich auf römischem Fundament; gegenüber auf dem Vorsprung des Herrenberges lag die Scharfrichterei, und zwischen dieser und dem Wartturm lief im Tal unten die Stadt gegen das Römertor zu aus.",Bergspitze,Non-MRW,Non-MRW
56,4,"Auf der äußersten Bergspitze zur Linken, auf der Römerschanze stand ein alter Wartturm, der ""Lug in's Land,"" höchst wahrscheinlich auf römischem Fundament; gegenüber auf dem Vorsprung des Herrenberges lag die Scharfrichterei, und zwischen dieser und dem Wartturm lief im Tal unten die Stadt gegen das Römertor zu aus.",zur,WIDLII,WIDLII
56,5,"Auf der äußersten Bergspitze zur Linken, auf der Römerschanze stand ein alter Wartturm, der ""Lug in's Land,"" höchst wahrscheinlich auf römischem Fundament; gegenüber auf dem Vorsprung des Herrenberges lag die Scharfrichterei, und zwischen dieser und dem Wartturm lief im Tal unten die Stadt gegen das Römertor zu aus.",Linken,Non-MRW,Non-MRW
56,6,"Auf der äußersten Bergspitze zur Linken, auf der Römerschanze stand ein alter Wartturm, der ""Lug in's Land,"" höchst wahrscheinlich auf römischem Fundament; gegenüber auf dem Vorsprung des Herrenberges lag die Scharfrichterei, und zwischen dieser und dem Wartturm lief im Tal unten die Stadt gegen das Römertor zu aus.",auf,Non-MRW,Non-MRW
56,7,"Auf der äußersten Bergspitze zur Linken, auf der Römerschanze stand ein alter Wartturm, der ""Lug in's Land,"" höchst wahrscheinlich auf römischem Fundament; gegenüber auf dem Vorsprung des Herrenberges lag die Scharfrichterei, und zwischen dieser und dem Wartturm lief im Tal unten die Stadt gegen das Römertor zu aus.",der,Non-MRW,Non-MRW
56,8,"Auf der äußersten Bergspitze zur Linken, auf der Römerschanze stand ein alter Wartturm, der ""Lug in's Land,"" höchst wahrscheinlich auf römischem Fundament; gegenüber auf dem Vorsprung des Herrenberges lag die Scharfrichterei, und zwischen dieser und dem Wartturm lief im Tal unten die Stadt gegen das Römertor zu aus.",Römerschanze,Non-MRW,Non-MRW
56,9,"Auf der äußersten Bergspitze zur Linken, auf der Römerschanze stand ein alter Wartturm, der ""Lug in's Land,"" höchst wahrscheinlich auf römischem Fundament; gegenüber auf dem Vorsprung des Herrenberges lag die Scharfrichterei, und zwischen dieser und dem Wartturm lief im Tal unten die Stadt gegen das Römertor zu aus.",stand,MRW,indirect
56,10,"Auf der äußersten Bergspitze zur Linken, auf der Römerschanze stand ein alter Wartturm, der ""Lug in's Land,"" höchst wahrscheinlich auf römischem Fundament; gegenüber auf dem Vorsprung des Herrenberges lag die Scharfrichterei, und zwischen dieser und dem Wartturm lief im Tal unten die Stadt gegen das Römertor zu aus.",ein,Non-MRW,Non-MRW
56,11,"Auf der äußersten Bergspitze zur Linken, auf der Römerschanze stand ein alter Wartturm, der ""Lug in's Land,"" höchst wahrscheinlich auf römischem Fundament; gegenüber auf dem Vorsprung des Herrenberges lag die Scharfrichterei, und zwischen dieser und dem Wartturm lief im Tal unten die Stadt gegen das Römertor zu aus.",alter,WIDLII,WIDLII
56,12,"Auf der äußersten Bergspitze zur Linken, auf der Römerschanze stand ein alter Wartturm, der ""Lug in's Land,"" höchst wahrscheinlich auf römischem Fundament; gegenüber auf dem Vorsprung des Herrenberges lag die Scharfrichterei, und zwischen dieser und dem Wartturm lief im Tal unten die Stadt gegen das Römertor zu aus.",Wartturm,Non-MRW,Non-MRW
56,13,"Auf der äußersten Bergspitze zur Linken, auf der Römerschanze stand ein alter Wartturm, der ""Lug in's Land,"" höchst wahrscheinlich auf römischem Fundament; gegenüber auf dem Vorsprung des Herrenberges lag die Scharfrichterei, und zwischen dieser und dem Wartturm lief im Tal unten die Stadt gegen das Römertor zu aus.",der,Non-MRW,Non-MRW
56,14,"Auf der äußersten Bergspitze zur Linken, auf der Römerschanze stand ein alter Wartturm, der ""Lug in's Land,"" höchst wahrscheinlich auf römischem Fundament; gegenüber auf dem Vorsprung des Herrenberges lag die Scharfrichterei, und zwischen dieser und dem Wartturm lief im Tal unten die Stadt gegen das Römertor zu aus.",Lug,Non-MRW,Non-MRW
56,15,"Auf der äußersten Bergspitze zur Linken, auf der Römerschanze stand ein alter Wartturm, der ""Lug in's Land,"" höchst wahrscheinlich auf römischem Fundament; gegenüber auf dem Vorsprung des Herrenberges lag die Scharfrichterei, und zwischen dieser und dem Wartturm lief im Tal unten die Stadt gegen das Römertor zu aus.",ins,MWE,MWE
56,16,"Auf der äußersten Bergspitze zur Linken, auf der Römerschanze stand ein alter Wartturm, der ""Lug in's Land,"" höchst wahrscheinlich auf römischem Fundament; gegenüber auf dem Vorsprung des Herrenberges lag die Scharfrichterei, und zwischen dieser und dem Wartturm lief im Tal unten die Stadt gegen das Römertor zu aus.",Land,MWE,MWE
56,17,"Auf der äußersten Bergspitze zur Linken, auf der Römerschanze stand ein alter Wartturm, der ""Lug in's Land,"" höchst wahrscheinlich auf römischem Fundament; gegenüber auf dem Vorsprung des Herrenberges lag die Scharfrichterei, und zwischen dieser und dem Wartturm lief im Tal unten die Stadt gegen das Römertor zu aus.",höchst,Non-MRW,Non-MRW
56,18,"Auf der äußersten Bergspitze zur Linken, auf der Römerschanze stand ein alter Wartturm, der ""Lug in's Land,"" höchst wahrscheinlich auf römischem Fundament; gegenüber auf dem Vorsprung des Herrenberges lag die Scharfrichterei, und zwischen dieser und dem Wartturm lief im Tal unten die Stadt gegen das Römertor zu aus.",wahrscheinlich,Non-MRW,Non-MRW
56,19,"Auf der äußersten Bergspitze zur Linken, auf der Römerschanze stand ein alter Wartturm, der ""Lug in's Land,"" höchst wahrscheinlich auf römischem Fundament; gegenüber auf dem Vorsprung des Herrenberges lag die Scharfrichterei, und zwischen dieser und dem Wartturm lief im Tal unten die Stadt gegen das Römertor zu aus.",auf,Non-MRW,Non-MRW
56,20,"Auf der äußersten Bergspitze zur Linken, auf der Römerschanze stand ein alter Wartturm, der ""Lug in's Land,"" höchst wahrscheinlich auf römischem Fundament; gegenüber auf dem Vorsprung des Herrenberges lag die Scharfrichterei, und zwischen dieser und dem Wartturm lief im Tal unten die Stadt gegen das Römertor zu aus.",römischem,Non-MRW,Non-MRW
56,21,"Auf der äußersten Bergspitze zur Linken, auf der Römerschanze stand ein alter Wartturm, der ""Lug in's Land,"" höchst wahrscheinlich auf römischem Fundament; gegenüber auf dem Vorsprung des Herrenberges lag die Scharfrichterei, und zwischen dieser und dem Wartturm lief im Tal unten die Stadt gegen das Römertor zu aus.",Fundament,Non-MRW,Non-MRW
56,22,"Auf der äußersten Bergspitze zur Linken, auf der Römerschanze stand ein alter Wartturm, der ""Lug in's Land,"" höchst wahrscheinlich auf römischem Fundament; gegenüber auf dem Vorsprung des Herrenberges lag die Scharfrichterei, und zwischen dieser und dem Wartturm lief im Tal unten die Stadt gegen das Römertor zu aus.",gegenüber,Non-MRW,Non-MRW
56,23,"Auf der äußersten Bergspitze zur Linken, auf der Römerschanze stand ein alter Wartturm, der ""Lug in's Land,"" höchst wahrscheinlich auf römischem Fundament; gegenüber auf dem Vorsprung des Herrenberges lag die Scharfrichterei, und zwischen dieser und dem Wartturm lief im Tal unten die Stadt gegen das Römertor zu aus.",auf,Non-MRW,Non-MRW
56,24,"Auf der äußersten Bergspitze zur Linken, auf der Römerschanze stand ein alter Wartturm, der ""Lug in's Land,"" höchst wahrscheinlich auf römischem Fundament; gegenüber auf dem Vorsprung des Herrenberges lag die Scharfrichterei, und zwischen dieser und dem Wartturm lief im Tal unten die Stadt gegen das Römertor zu aus.",dem,Non-MRW,Non-MRW
56,25,"Auf der äußersten Bergspitze zur Linken, auf der Römerschanze stand ein alter Wartturm, der ""Lug in's Land,"" höchst wahrscheinlich auf römischem Fundament; gegenüber auf dem Vorsprung des Herrenberges lag die Scharfrichterei, und zwischen dieser und dem Wartturm lief im Tal unten die Stadt gegen das Römertor zu aus.",Vorsprung,Non-MRW,Non-MRW
56,26,"Auf der äußersten Bergspitze zur Linken, auf der Römerschanze stand ein alter Wartturm, der ""Lug in's Land,"" höchst wahrscheinlich auf römischem Fundament; gegenüber auf dem Vorsprung des Herrenberges lag die Scharfrichterei, und zwischen dieser und dem Wartturm lief im Tal unten die Stadt gegen das Römertor zu aus.",des,Non-MRW,Non-MRW
56,27,"Auf der äußersten Bergspitze zur Linken, auf der Römerschanze stand ein alter Wartturm, der ""Lug in's Land,"" höchst wahrscheinlich auf römischem Fundament; gegenüber auf dem Vorsprung des Herrenberges lag die Scharfrichterei, und zwischen dieser und dem Wartturm lief im Tal unten die Stadt gegen das Römertor zu aus.",Herrenberges,Non-MRW,Non-MRW
56,28,"Auf der äußersten Bergspitze zur Linken, auf der Römerschanze stand ein alter Wartturm, der ""Lug in's Land,"" höchst wahrscheinlich auf römischem Fundament; gegenüber auf dem Vorsprung des Herrenberges lag die Scharfrichterei, und zwischen dieser und dem Wartturm lief im Tal unten die Stadt gegen das Römertor zu aus.",lag,MRW,indirect
56,29,"Auf der äußersten Bergspitze zur Linken, auf der Römerschanze stand ein alter Wartturm, der ""Lug in's Land,"" höchst wahrscheinlich auf römischem Fundament; gegenüber auf dem Vorsprung des Herrenberges lag die Scharfrichterei, und zwischen dieser und dem Wartturm lief im Tal unten die Stadt gegen das Römertor zu aus.",die,Non-MRW,Non-MRW
56,30,"Auf der äußersten Bergspitze zur Linken, auf der Römerschanze stand ein alter Wartturm, der ""Lug in's Land,"" höchst wahrscheinlich auf römischem Fundament; gegenüber auf dem Vorsprung des Herrenberges lag die Scharfrichterei, und zwischen dieser und dem Wartturm lief im Tal unten die Stadt gegen das Römertor zu aus.",Scharfrichterei,Non-MRW,Non-MRW
56,31,"Auf der äußersten Bergspitze zur Linken, auf der Römerschanze stand ein alter Wartturm, der ""Lug in's Land,"" höchst wahrscheinlich auf römischem Fundament; gegenüber auf dem Vorsprung des Herrenberges lag die Scharfrichterei, und zwischen dieser und dem Wartturm lief im Tal unten die Stadt gegen das Römertor zu aus.",und,Non-MRW,Non-MRW
56,32,"Auf der äußersten Bergspitze zur Linken, auf der Römerschanze stand ein alter Wartturm, der ""Lug in's Land,"" höchst wahrscheinlich auf römischem Fundament; gegenüber auf dem Vorsprung des Herrenberges lag die Scharfrichterei, und zwischen dieser und dem Wartturm lief im Tal unten die Stadt gegen das Römertor zu aus.",zwischen,Non-MRW,Non-MRW
56,33,"Auf der äußersten Bergspitze zur Linken, auf der Römerschanze stand ein alter Wartturm, der ""Lug in's Land,"" höchst wahrscheinlich auf römischem Fundament; gegenüber auf dem Vorsprung des Herrenberges lag die Scharfrichterei, und zwischen dieser und dem Wartturm lief im Tal unten die Stadt gegen das Römertor zu aus.",dieser,Non-MRW,Non-MRW
56,34,"Auf der äußersten Bergspitze zur Linken, auf der Römerschanze stand ein alter Wartturm, der ""Lug in's Land,"" höchst wahrscheinlich auf römischem Fundament; gegenüber auf dem Vorsprung des Herrenberges lag die Scharfrichterei, und zwischen dieser und dem Wartturm lief im Tal unten die Stadt gegen das Römertor zu aus.",und,Non-MRW,Non-MRW
56,35,"Auf der äußersten Bergspitze zur Linken, auf der Römerschanze stand ein alter Wartturm, der ""Lug in's Land,"" höchst wahrscheinlich auf römischem Fundament; gegenüber auf dem Vorsprung des Herrenberges lag die Scharfrichterei, und zwischen dieser und dem Wartturm lief im Tal unten die Stadt gegen das Römertor zu aus.",dem,Non-MRW,Non-MRW
56,36,"Auf der äußersten Bergspitze zur Linken, auf der Römerschanze stand ein alter Wartturm, der ""Lug in's Land,"" höchst wahrscheinlich auf römischem Fundament; gegenüber auf dem Vorsprung des Herrenberges lag die Scharfrichterei, und zwischen dieser und dem Wartturm lief im Tal unten die Stadt gegen das Römertor zu aus.",Wartturm,Non-MRW,Non-MRW
56,37,"Auf der äußersten Bergspitze zur Linken, auf der Römerschanze stand ein alter Wartturm, der ""Lug in's Land,"" höchst wahrscheinlich auf römischem Fundament; gegenüber auf dem Vorsprung des Herrenberges lag die Scharfrichterei, und zwischen dieser und dem Wartturm lief im Tal unten die Stadt gegen das Römertor zu aus.",lief,MRW,indirect
56,38,"Auf der äußersten Bergspitze zur Linken, auf der Römerschanze stand ein alter Wartturm, der ""Lug in's Land,"" höchst wahrscheinlich auf römischem Fundament; gegenüber auf dem Vorsprung des Herrenberges lag die Scharfrichterei, und zwischen dieser und dem Wartturm lief im Tal unten die Stadt gegen das Römertor zu aus.",im,Non-MRW,Non-MRW
56,39,"Auf der äußersten Bergspitze zur Linken, auf der Römerschanze stand ein alter Wartturm, der ""Lug in's Land,"" höchst wahrscheinlich auf römischem Fundament; gegenüber auf dem Vorsprung des Herrenberges lag die Scharfrichterei, und zwischen dieser und dem Wartturm lief im Tal unten die Stadt gegen das Römertor zu aus.",Tal,Non-MRW,Non-MRW
56,40,"Auf der äußersten Bergspitze zur Linken, auf der Römerschanze stand ein alter Wartturm, der ""Lug in's Land,"" höchst wahrscheinlich auf römischem Fundament; gegenüber auf dem Vorsprung des Herrenberges lag die Scharfrichterei, und zwischen dieser und dem Wartturm lief im Tal unten die Stadt gegen das Römertor zu aus.",unten,Non-MRW,Non-MRW
56,41,"Auf der äußersten Bergspitze zur Linken, auf der Römerschanze stand ein alter Wartturm, der ""Lug in's Land,"" höchst wahrscheinlich auf römischem Fundament; gegenüber auf dem Vorsprung des Herrenberges lag die Scharfrichterei, und zwischen dieser und dem Wartturm lief im Tal unten die Stadt gegen das Römertor zu aus.",die,Non-MRW,Non-MRW
56,42,"Auf der äußersten Bergspitze zur Linken, auf der Römerschanze stand ein alter Wartturm, der ""Lug in's Land,"" höchst wahrscheinlich auf römischem Fundament; gegenüber auf dem Vorsprung des Herrenberges lag die Scharfrichterei, und zwischen dieser und dem Wartturm lief im Tal unten die Stadt gegen das Römertor zu aus.",Stadt,Non-MRW,Non-MRW
56,43,"Auf der äußersten Bergspitze zur Linken, auf der Römerschanze stand ein alter Wartturm, der ""Lug in's Land,"" höchst wahrscheinlich auf römischem Fundament; gegenüber auf dem Vorsprung des Herrenberges lag die Scharfrichterei, und zwischen dieser und dem Wartturm lief im Tal unten die Stadt gegen das Römertor zu aus.",gegen,Non-MRW,Non-MRW
56,44,"Auf der äußersten Bergspitze zur Linken, auf der Römerschanze stand ein alter Wartturm, der ""Lug in's Land,"" höchst wahrscheinlich auf römischem Fundament; gegenüber auf dem Vorsprung des Herrenberges lag die Scharfrichterei, und zwischen dieser und dem Wartturm lief im Tal unten die Stadt gegen das Römertor zu aus.",das,Non-MRW,Non-MRW
56,45,"Auf der äußersten Bergspitze zur Linken, auf der Römerschanze stand ein alter Wartturm, der ""Lug in's Land,"" höchst wahrscheinlich auf römischem Fundament; gegenüber auf dem Vorsprung des Herrenberges lag die Scharfrichterei, und zwischen dieser und dem Wartturm lief im Tal unten die Stadt gegen das Römertor zu aus.",Römertor,Non-MRW,Non-MRW
56,46,"Auf der äußersten Bergspitze zur Linken, auf der Römerschanze stand ein alter Wartturm, der ""Lug in's Land,"" höchst wahrscheinlich auf römischem Fundament; gegenüber auf dem Vorsprung des Herrenberges lag die Scharfrichterei, und zwischen dieser und dem Wartturm lief im Tal unten die Stadt gegen das Römertor zu aus.",zu,MRW,indirect
56,47,"Auf der äußersten Bergspitze zur Linken, auf der Römerschanze stand ein alter Wartturm, der ""Lug in's Land,"" höchst wahrscheinlich auf römischem Fundament; gegenüber auf dem Vorsprung des Herrenberges lag die Scharfrichterei, und zwischen dieser und dem Wartturm lief im Tal unten die Stadt gegen das Römertor zu aus.",aus,MWE,MWE
58,0,Eine weiche volle Stimme klang aus dem oberen Stockwerk der Silberburg; aber die Fenster blieben dunkel wie gewöhnlich.,Eine,Non-MRW,Non-MRW
58,1,Eine weiche volle Stimme klang aus dem oberen Stockwerk der Silberburg; aber die Fenster blieben dunkel wie gewöhnlich.,weiche,MRW,indirect
58,2,Eine weiche volle Stimme klang aus dem oberen Stockwerk der Silberburg; aber die Fenster blieben dunkel wie gewöhnlich.,volle,MRW,indirect
58,3,Eine weiche volle Stimme klang aus dem oberen Stockwerk der Silberburg; aber die Fenster blieben dunkel wie gewöhnlich.,Stimme,Non-MRW,Non-MRW
58,4,Eine weiche volle Stimme klang aus dem oberen Stockwerk der Silberburg; aber die Fenster blieben dunkel wie gewöhnlich.,klang,Non-MRW,Non-MRW
58,5,Eine weiche volle Stimme klang aus dem oberen Stockwerk der Silberburg; aber die Fenster blieben dunkel wie gewöhnlich.,aus,Non-MRW,Non-MRW
58,6,Eine weiche volle Stimme klang aus dem oberen Stockwerk der Silberburg; aber die Fenster blieben dunkel wie gewöhnlich.,dem,Non-MRW,Non-MRW
58,7,Eine weiche volle Stimme klang aus dem oberen Stockwerk der Silberburg; aber die Fenster blieben dunkel wie gewöhnlich.,oberen,Non-MRW,Non-MRW
58,8,Eine weiche volle Stimme klang aus dem oberen Stockwerk der Silberburg; aber die Fenster blieben dunkel wie gewöhnlich.,Stockwerk,Non-MRW,Non-MRW
58,9,Eine weiche volle Stimme klang aus dem oberen Stockwerk der Silberburg; aber die Fenster blieben dunkel wie gewöhnlich.,der,Non-MRW,Non-MRW
58,10,Eine weiche volle Stimme klang aus dem oberen Stockwerk der Silberburg; aber die Fenster blieben dunkel wie gewöhnlich.,Silberburg,Non-MRW,Non-MRW
58,12,Eine weiche volle Stimme klang aus dem oberen Stockwerk der Silberburg; aber die Fenster blieben dunkel wie gewöhnlich.,aber,Non-MRW,Non-MRW
58,13,Eine weiche volle Stimme klang aus dem oberen Stockwerk der Silberburg; aber die Fenster blieben dunkel wie gewöhnlich.,die,Non-MRW,Non-MRW
58,14,Eine weiche volle Stimme klang aus dem oberen Stockwerk der Silberburg; aber die Fenster blieben dunkel wie gewöhnlich.,Fenster,Non-MRW,Non-MRW
58,15,Eine weiche volle Stimme klang aus dem oberen Stockwerk der Silberburg; aber die Fenster blieben dunkel wie gewöhnlich.,blieben,WIDLII,WIDLII
58,16,Eine weiche volle Stimme klang aus dem oberen Stockwerk der Silberburg; aber die Fenster blieben dunkel wie gewöhnlich.,dunkel,Non-MRW,Non-MRW
58,17,Eine weiche volle Stimme klang aus dem oberen Stockwerk der Silberburg; aber die Fenster blieben dunkel wie gewöhnlich.,wie,Non-MRW,Non-MRW
58,18,Eine weiche volle Stimme klang aus dem oberen Stockwerk der Silberburg; aber die Fenster blieben dunkel wie gewöhnlich.,gewöhnlich,Non-MRW,Non-MRW
216,0,"Er sah wieder im Geist die Zelle vor sich, die er in der Zeit seiner theologischen Studien während drei weiterer Jahre innegehabt hatte; geräumiger war sie, einen Sessel gab es, einen Waschtisch, ein Büchergestell; glückliche Kammer, erfüllt von seinen Glaubensträumen.",Er,Non-MRW,Non-MRW
216,1,"Er sah wieder im Geist die Zelle vor sich, die er in der Zeit seiner theologischen Studien während drei weiterer Jahre innegehabt hatte; geräumiger war sie, einen Sessel gab es, einen Waschtisch, ein Büchergestell; glückliche Kammer, erfüllt von seinen Glaubensträumen.",sah,MRW,indirect
216,2,"Er sah wieder im Geist die Zelle vor sich, die er in der Zeit seiner theologischen Studien während drei weiterer Jahre innegehabt hatte; geräumiger war sie, einen Sessel gab es, einen Waschtisch, ein Büchergestell; glückliche Kammer, erfüllt von seinen Glaubensträumen.",wieder,Non-MRW,Non-MRW
216,3,"Er sah wieder im Geist die Zelle vor sich, die er in der Zeit seiner theologischen Studien während drei weiterer Jahre innegehabt hatte; geräumiger war sie, einen Sessel gab es, einen Waschtisch, ein Büchergestell; glückliche Kammer, erfüllt von seinen Glaubensträumen.",im,MRW,indirect
216,4,"Er sah wieder im Geist die Zelle vor sich, die er in der Zeit seiner theologischen Studien während drei weiterer Jahre innegehabt hatte; geräumiger war sie, einen Sessel gab es, einen Waschtisch, ein Büchergestell; glückliche Kammer, erfüllt von seinen Glaubensträumen.",Geist,Non-MRW,Non-MRW
216,5,"Er sah wieder im Geist die Zelle vor sich, die er in der Zeit seiner theologischen Studien während drei weiterer Jahre innegehabt hatte; geräumiger war sie, einen Sessel gab es, einen Waschtisch, ein Büchergestell; glückliche Kammer, erfüllt von seinen Glaubensträumen.",die,Non-MRW,Non-MRW
216,6,"Er sah wieder im Geist die Zelle vor sich, die er in der Zeit seiner theologischen Studien während drei weiterer Jahre innegehabt hatte; geräumiger war sie, einen Sessel gab es, einen Waschtisch, ein Büchergestell; glückliche Kammer, erfüllt von seinen Glaubensträumen.",Zelle,Non-MRW,Non-MRW
216,7,"Er sah wieder im Geist die Zelle vor sich, die er in der Zeit seiner theologischen Studien während drei weiterer Jahre innegehabt hatte; geräumiger war sie, einen Sessel gab es, einen Waschtisch, ein Büchergestell; glückliche Kammer, erfüllt von seinen Glaubensträumen.",vor,MRW,indirect
216,8,"Er sah wieder im Geist die Zelle vor sich, die er in der Zeit seiner theologischen Studien während drei weiterer Jahre innegehabt hatte; geräumiger war sie, einen Sessel gab es, einen Waschtisch, ein Büchergestell; glückliche Kammer, erfüllt von seinen Glaubensträumen.",sich,Non-MRW,Non-MRW
216,10,"Er sah wieder im Geist die Zelle vor sich, die er in der Zeit seiner theologischen Studien während drei weiterer Jahre innegehabt hatte; geräumiger war sie, einen Sessel gab es, einen Waschtisch, ein Büchergestell; glückliche Kammer, erfüllt von seinen Glaubensträumen.",die,Non-MRW,Non-MRW
216,11,"Er sah wieder im Geist die Zelle vor sich, die er in der Zeit seiner theologischen Studien während drei weiterer Jahre innegehabt hatte; geräumiger war sie, einen Sessel gab es, einen Waschtisch, ein Büchergestell; glückliche Kammer, erfüllt von seinen Glaubensträumen.",er,Non-MRW,Non-MRW
216,12,"Er sah wieder im Geist die Zelle vor sich, die er in der Zeit seiner theologischen Studien während drei weiterer Jahre innegehabt hatte; geräumiger war sie, einen Sessel gab es, einen Waschtisch, ein Büchergestell; glückliche Kammer, erfüllt von seinen Glaubensträumen.",in,MRW,indirect
216,13,"Er sah wieder im Geist die Zelle vor sich, die er in der Zeit seiner theologischen Studien während drei weiterer Jahre innegehabt hatte; geräumiger war sie, einen Sessel gab es, einen Waschtisch, ein Büchergestell; glückliche Kammer, erfüllt von seinen Glaubensträumen.",der,Non-MRW,Non-MRW
216,14,"Er sah wieder im Geist die Zelle vor sich, die er in der Zeit seiner theologischen Studien während drei weiterer Jahre innegehabt hatte; geräumiger war sie, einen Sessel gab es, einen Waschtisch, ein Büchergestell; glückliche Kammer, erfüllt von seinen Glaubensträumen.",Zeit,Non-MRW,Non-MRW
216,15,"Er sah wieder im Geist die Zelle vor sich, die er in der Zeit seiner theologischen Studien während drei weiterer Jahre innegehabt hatte; geräumiger war sie, einen Sessel gab es, einen Waschtisch, ein Büchergestell; glückliche Kammer, erfüllt von seinen Glaubensträumen.",seiner,Non-MRW,Non-MRW
216,16,"Er sah wieder im Geist die Zelle vor sich, die er in der Zeit seiner theologischen Studien während drei weiterer Jahre innegehabt hatte; geräumiger war sie, einen Sessel gab es, einen Waschtisch, ein Büchergestell; glückliche Kammer, erfüllt von seinen Glaubensträumen.",theologischen,Non-MRW,Non-MRW
216,17,"Er sah wieder im Geist die Zelle vor sich, die er in der Zeit seiner theologischen Studien während drei weiterer Jahre innegehabt hatte; geräumiger war sie, einen Sessel gab es, einen Waschtisch, ein Büchergestell; glückliche Kammer, erfüllt von seinen Glaubensträumen.",Studien,Non-MRW,Non-MRW
216,18,"Er sah wieder im Geist die Zelle vor sich, die er in der Zeit seiner theologischen Studien während drei weiterer Jahre innegehabt hatte; geräumiger war sie, einen Sessel gab es, einen Waschtisch, ein Büchergestell; glückliche Kammer, erfüllt von seinen Glaubensträumen.",während,Non-MRW,Non-MRW
216,19,"Er sah wieder im Geist die Zelle vor sich, die er in der Zeit seiner theologischen Studien während drei weiterer Jahre innegehabt hatte; geräumiger war sie, einen Sessel gab es, einen Waschtisch, ein Büchergestell; glückliche Kammer, erfüllt von seinen Glaubensträumen.",drei,Non-MRW,Non-MRW
216,20,"Er sah wieder im Geist die Zelle vor sich, die er in der Zeit seiner theologischen Studien während drei weiterer Jahre innegehabt hatte; geräumiger war sie, einen Sessel gab es, einen Waschtisch, ein Büchergestell; glückliche Kammer, erfüllt von seinen Glaubensträumen.",weiterer,Non-MRW,Non-MRW
216,21,"Er sah wieder im Geist die Zelle vor sich, die er in der Zeit seiner theologischen Studien während drei weiterer Jahre innegehabt hatte; geräumiger war sie, einen Sessel gab es, einen Waschtisch, ein Büchergestell; glückliche Kammer, erfüllt von seinen Glaubensträumen.",Jahre,Non-MRW,Non-MRW
216,22,"Er sah wieder im Geist die Zelle vor sich, die er in der Zeit seiner theologischen Studien während drei weiterer Jahre innegehabt hatte; geräumiger war sie, einen Sessel gab es, einen Waschtisch, ein Büchergestell; glückliche Kammer, erfüllt von seinen Glaubensträumen.",innegehabt,Non-MRW,Non-MRW
216,23,"Er sah wieder im Geist die Zelle vor sich, die er in der Zeit seiner theologischen Studien während drei weiterer Jahre innegehabt hatte; geräumiger war sie, einen Sessel gab es, einen Waschtisch, ein Büchergestell; glückliche Kammer, erfüllt von seinen Glaubensträumen.",hatte,Non-MRW,Non-MRW
216,25,"Er sah wieder im Geist die Zelle vor sich, die er in der Zeit seiner theologischen Studien während drei weiterer Jahre innegehabt hatte; geräumiger war sie, einen Sessel gab es, einen Waschtisch, ein Büchergestell; glückliche Kammer, erfüllt von seinen Glaubensträumen.",geräumiger,Non-MRW,Non-MRW
216,26,"Er sah wieder im Geist die Zelle vor sich, die er in der Zeit seiner theologischen Studien während drei weiterer Jahre innegehabt hatte; geräumiger war sie, einen Sessel gab es, einen Waschtisch, ein Büchergestell; glückliche Kammer, erfüllt von seinen Glaubensträumen.",war,Non-MRW,Non-MRW
216,27,"Er sah wieder im Geist die Zelle vor sich, die er in der Zeit seiner theologischen Studien während drei weiterer Jahre innegehabt hatte; geräumiger war sie, einen Sessel gab es, einen Waschtisch, ein Büchergestell; glückliche Kammer, erfüllt von seinen Glaubensträumen.",sie,Non-MRW,Non-MRW
216,29,"Er sah wieder im Geist die Zelle vor sich, die er in der Zeit seiner theologischen Studien während drei weiterer Jahre innegehabt hatte; geräumiger war sie, einen Sessel gab es, einen Waschtisch, ein Büchergestell; glückliche Kammer, erfüllt von seinen Glaubensträumen.",einen,Non-MRW,Non-MRW
216,30,"Er sah wieder im Geist die Zelle vor sich, die er in der Zeit seiner theologischen Studien während drei weiterer Jahre innegehabt hatte; geräumiger war sie, einen Sessel gab es, einen Waschtisch, ein Büchergestell; glückliche Kammer, erfüllt von seinen Glaubensträumen.",Sessel,Non-MRW,Non-MRW
216,31,"Er sah wieder im Geist die Zelle vor sich, die er in der Zeit seiner theologischen Studien während drei weiterer Jahre innegehabt hatte; geräumiger war sie, einen Sessel gab es, einen Waschtisch, ein Büchergestell; glückliche Kammer, erfüllt von seinen Glaubensträumen.",gab,Non-MRW,Non-MRW
216,32,"Er sah wieder im Geist die Zelle vor sich, die er in der Zeit seiner theologischen Studien während drei weiterer Jahre innegehabt hatte; geräumiger war sie, einen Sessel gab es, einen Waschtisch, ein Büchergestell; glückliche Kammer, erfüllt von seinen Glaubensträumen.",es,Non-MRW,Non-MRW
216,34,"Er sah wieder im Geist die Zelle vor sich, die er in der Zeit seiner theologischen Studien während drei weiterer Jahre innegehabt hatte; geräumiger war sie, einen Sessel gab es, einen Waschtisch, ein Büchergestell; glückliche Kammer, erfüllt von seinen Glaubensträumen.",einen,Non-MRW,Non-MRW
216,35,"Er sah wieder im Geist die Zelle vor sich, die er in der Zeit seiner theologischen Studien während drei weiterer Jahre innegehabt hatte; geräumiger war sie, einen Sessel gab es, einen Waschtisch, ein Büchergestell; glückliche Kammer, erfüllt von seinen Glaubensträumen.",Waschtisch,Non-MRW,Non-MRW
216,37,"Er sah wieder im Geist die Zelle vor sich, die er in der Zeit seiner theologischen Studien während drei weiterer Jahre innegehabt hatte; geräumiger war sie, einen Sessel gab es, einen Waschtisch, ein Büchergestell; glückliche Kammer, erfüllt von seinen Glaubensträumen.",ein,Non-MRW,Non-MRW
216,38,"Er sah wieder im Geist die Zelle vor sich, die er in der Zeit seiner theologischen Studien während drei weiterer Jahre innegehabt hatte; geräumiger war sie, einen Sessel gab es, einen Waschtisch, ein Büchergestell; glückliche Kammer, erfüllt von seinen Glaubensträumen.",Büchergestell,Non-MRW,Non-MRW
216,40,"Er sah wieder im Geist die Zelle vor sich, die er in der Zeit seiner theologischen Studien während drei weiterer Jahre innegehabt hatte; geräumiger war sie, einen Sessel gab es, einen Waschtisch, ein Büchergestell; glückliche Kammer, erfüllt von seinen Glaubensträumen.",glückliche,Non-MRW,Non-MRW
216,41,"Er sah wieder im Geist die Zelle vor sich, die er in der Zeit seiner theologischen Studien während drei weiterer Jahre innegehabt hatte; geräumiger war sie, einen Sessel gab es, einen Waschtisch, ein Büchergestell; glückliche Kammer, erfüllt von seinen Glaubensträumen.",Kammer,Non-MRW,Non-MRW
216,43,"Er sah wieder im Geist die Zelle vor sich, die er in der Zeit seiner theologischen Studien während drei weiterer Jahre innegehabt hatte; geräumiger war sie, einen Sessel gab es, einen Waschtisch, ein Büchergestell; glückliche Kammer, erfüllt von seinen Glaubensträumen.",erfüllt,MRW,indirect
216,44,"Er sah wieder im Geist die Zelle vor sich, die er in der Zeit seiner theologischen Studien während drei weiterer Jahre innegehabt hatte; geräumiger war sie, einen Sessel gab es, einen Waschtisch, ein Büchergestell; glückliche Kammer, erfüllt von seinen Glaubensträumen.",von,MRW,indirect
216,45,"Er sah wieder im Geist die Zelle vor sich, die er in der Zeit seiner theologischen Studien während drei weiterer Jahre innegehabt hatte; geräumiger war sie, einen Sessel gab es, einen Waschtisch, ein Büchergestell; glückliche Kammer, erfüllt von seinen Glaubensträumen.",seinen,Non-MRW,Non-MRW
216,46,"Er sah wieder im Geist die Zelle vor sich, die er in der Zeit seiner theologischen Studien während drei weiterer Jahre innegehabt hatte; geräumiger war sie, einen Sessel gab es, einen Waschtisch, ein Büchergestell; glückliche Kammer, erfüllt von seinen Glaubensträumen.",Glaubensträumen,WIDLII,WIDLII
216,46,"Er sah wieder im Geist die Zelle vor sich, die er in der Zeit seiner theologischen Studien während drei weiterer Jahre innegehabt hatte; geräumiger war sie, einen Sessel gab es, einen Waschtisch, ein Büchergestell; glückliche Kammer, erfüllt von seinen Glaubensträumen.",Glaubensträumen,WIDLII,WIDLII
223,0,"Ringsum herrschte Totenstille; nur die Holzscheite im Kamin knisterten, der Wind heulte, und der Schnee fiel mehr und mehr durch die ausgefallenen Fenster in den Saal.",Ringsum,Non-MRW,Non-MRW
223,1,"Ringsum herrschte Totenstille; nur die Holzscheite im Kamin knisterten, der Wind heulte, und der Schnee fiel mehr und mehr durch die ausgefallenen Fenster in den Saal.",herrschte,MRW,indirect
223,2,"Ringsum herrschte Totenstille; nur die Holzscheite im Kamin knisterten, der Wind heulte, und der Schnee fiel mehr und mehr durch die ausgefallenen Fenster in den Saal.",Totenstille,MRW,indirect
223,4,"Ringsum herrschte Totenstille; nur die Holzscheite im Kamin knisterten, der Wind heulte, und der Schnee fiel mehr und mehr durch die ausgefallenen Fenster in den Saal.",nur,Non-MRW,Non-MRW
223,5,"Ringsum herrschte Totenstille; nur die Holzscheite im Kamin knisterten, der Wind heulte, und der Schnee fiel mehr und mehr durch die ausgefallenen Fenster in den Saal.",die,Non-MRW,Non-MRW
223,6,"Ringsum herrschte Totenstille; nur die Holzscheite im Kamin knisterten, der Wind heulte, und der Schnee fiel mehr und mehr durch die ausgefallenen Fenster in den Saal.",Holzscheite,Non-MRW,Non-MRW
223,7,"Ringsum herrschte Totenstille; nur die Holzscheite im Kamin knisterten, der Wind heulte, und der Schnee fiel mehr und mehr durch die ausgefallenen Fenster in den Saal.",im,Non-MRW,Non-MRW
223,8,"Ringsum herrschte Totenstille; nur die Holzscheite im Kamin knisterten, der Wind heulte, und der Schnee fiel mehr und mehr durch die ausgefallenen Fenster in den Saal.",Kamin,Non-MRW,Non-MRW
223,9,"Ringsum herrschte Totenstille; nur die Holzscheite im Kamin knisterten, der Wind heulte, und der Schnee fiel mehr und mehr durch die ausgefallenen Fenster in den Saal.",knisterten,Non-MRW,Non-MRW
223,11,"Ringsum herrschte Totenstille; nur die Holzscheite im Kamin knisterten, der Wind heulte, und der Schnee fiel mehr und mehr durch die ausgefallenen Fenster in den Saal.",der,Non-MRW,Non-MRW
223,12,"Ringsum herrschte Totenstille; nur die Holzscheite im Kamin knisterten, der Wind heulte, und der Schnee fiel mehr und mehr durch die ausgefallenen Fenster in den Saal.",Wind,Non-MRW,Non-MRW
223,13,"Ringsum herrschte Totenstille; nur die Holzscheite im Kamin knisterten, der Wind heulte, und der Schnee fiel mehr und mehr durch die ausgefallenen Fenster in den Saal.",heulte,MRW,indirect
223,15,"Ringsum herrschte Totenstille; nur die Holzscheite im Kamin knisterten, der Wind heulte, und der Schnee fiel mehr und mehr durch die ausgefallenen Fenster in den Saal.",und,Non-MRW,Non-MRW
223,16,"Ringsum herrschte Totenstille; nur die Holzscheite im Kamin knisterten, der Wind heulte, und der Schnee fiel mehr und mehr durch die ausgefallenen Fenster in den Saal.",der,Non-MRW,Non-MRW
223,17,"Ringsum herrschte Totenstille; nur die Holzscheite im Kamin knisterten, der Wind heulte, und der Schnee fiel mehr und mehr durch die ausgefallenen Fenster in den Saal.",Schnee,Non-MRW,Non-MRW
223,18,"Ringsum herrschte Totenstille; nur die Holzscheite im Kamin knisterten, der Wind heulte, und der Schnee fiel mehr und mehr durch die ausgefallenen Fenster in den Saal.",fiel,Non-MRW,Non-MRW
223,19,"Ringsum herrschte Totenstille; nur die Holzscheite im Kamin knisterten, der Wind heulte, und der Schnee fiel mehr und mehr durch die ausgefallenen Fenster in den Saal.",mehr,Non-MRW,Non-MRW
223,20,"Ringsum herrschte Totenstille; nur die Holzscheite im Kamin knisterten, der Wind heulte, und der Schnee fiel mehr und mehr durch die ausgefallenen Fenster in den Saal.",und,Non-MRW,Non-MRW
223,21,"Ringsum herrschte Totenstille; nur die Holzscheite im Kamin knisterten, der Wind heulte, und der Schnee fiel mehr und mehr durch die ausgefallenen Fenster in den Saal.",mehr,Non-MRW,Non-MRW
223,22,"Ringsum herrschte Totenstille; nur die Holzscheite im Kamin knisterten, der Wind heulte, und der Schnee fiel mehr und mehr durch die ausgefallenen Fenster in den Saal.",durch,Non-MRW,Non-MRW
223,23,"Ringsum herrschte Totenstille; nur die Holzscheite im Kamin knisterten, der Wind heulte, und der Schnee fiel mehr und mehr durch die ausgefallenen Fenster in den Saal.",die,Non-MRW,Non-MRW
223,24,"Ringsum herrschte Totenstille; nur die Holzscheite im Kamin knisterten, der Wind heulte, und der Schnee fiel mehr und mehr durch die ausgefallenen Fenster in den Saal.",ausgefallenen,Non-MRW,Non-MRW
223,25,"Ringsum herrschte Totenstille; nur die Holzscheite im Kamin knisterten, der Wind heulte, und der Schnee fiel mehr und mehr durch die ausgefallenen Fenster in den Saal.",Fenster,Non-MRW,Non-MRW
223,26,"Ringsum herrschte Totenstille; nur die Holzscheite im Kamin knisterten, der Wind heulte, und der Schnee fiel mehr und mehr durch die ausgefallenen Fenster in den Saal.",in,Non-MRW,Non-MRW
223,27,"Ringsum herrschte Totenstille; nur die Holzscheite im Kamin knisterten, der Wind heulte, und der Schnee fiel mehr und mehr durch die ausgefallenen Fenster in den Saal.",den,Non-MRW,Non-MRW
223,28,"Ringsum herrschte Totenstille; nur die Holzscheite im Kamin knisterten, der Wind heulte, und der Schnee fiel mehr und mehr durch die ausgefallenen Fenster in den Saal.",Saal,Non-MRW,Non-MRW
247,0,"Die Glastüren zur Veranda standen offen, und der Duft des Flieders drang herein, der wie eine Mauer aus weißem und hellblauem Gewölk den Garten einhegte.",Die,Non-MRW,Non-MRW
247,1,"Die Glastüren zur Veranda standen offen, und der Duft des Flieders drang herein, der wie eine Mauer aus weißem und hellblauem Gewölk den Garten einhegte.",Glastüren,Non-MRW,Non-MRW
247,2,"Die Glastüren zur Veranda standen offen, und der Duft des Flieders drang herein, der wie eine Mauer aus weißem und hellblauem Gewölk den Garten einhegte.",zur,Non-MRW,Non-MRW
247,3,"Die Glastüren zur Veranda standen offen, und der Duft des Flieders drang herein, der wie eine Mauer aus weißem und hellblauem Gewölk den Garten einhegte.",Veranda,Non-MRW,Non-MRW
247,4,"Die Glastüren zur Veranda standen offen, und der Duft des Flieders drang herein, der wie eine Mauer aus weißem und hellblauem Gewölk den Garten einhegte.",standen,MRW,indirect
247,5,"Die Glastüren zur Veranda standen offen, und der Duft des Flieders drang herein, der wie eine Mauer aus weißem und hellblauem Gewölk den Garten einhegte.",offen,MWE,MWE
247,7,"Die Glastüren zur Veranda standen offen, und der Duft des Flieders drang herein, der wie eine Mauer aus weißem und hellblauem Gewölk den Garten einhegte.",und,Non-MRW,Non-MRW
247,8,"Die Glastüren zur Veranda standen offen, und der Duft des Flieders drang herein, der wie eine Mauer aus weißem und hellblauem Gewölk den Garten einhegte.",der,Non-MRW,Non-MRW
247,9,"Die Glastüren zur Veranda standen offen, und der Duft des Flieders drang herein, der wie eine Mauer aus weißem und hellblauem Gewölk den Garten einhegte.",Duft,Non-MRW,Non-MRW
247,10,"Die Glastüren zur Veranda standen offen, und der Duft des Flieders drang herein, der wie eine Mauer aus weißem und hellblauem Gewölk den Garten einhegte.",des,Non-MRW,Non-MRW
247,11,"Die Glastüren zur Veranda standen offen, und der Duft des Flieders drang herein, der wie eine Mauer aus weißem und hellblauem Gewölk den Garten einhegte.",Flieders,Non-MRW,Non-MRW
247,12,"Die Glastüren zur Veranda standen offen, und der Duft des Flieders drang herein, der wie eine Mauer aus weißem und hellblauem Gewölk den Garten einhegte.",drang,Non-MRW,Non-MRW
247,13,"Die Glastüren zur Veranda standen offen, und der Duft des Flieders drang herein, der wie eine Mauer aus weißem und hellblauem Gewölk den Garten einhegte.",herein,MWE,MWE
247,15,"Die Glastüren zur Veranda standen offen, und der Duft des Flieders drang herein, der wie eine Mauer aus weißem und hellblauem Gewölk den Garten einhegte.",der,Non-MRW,Non-MRW
247,16,"Die Glastüren zur Veranda standen offen, und der Duft des Flieders drang herein, der wie eine Mauer aus weißem und hellblauem Gewölk den Garten einhegte.",wie,Mflag,Mflag
247,17,"Die Glastüren zur Veranda standen offen, und der Duft des Flieders drang herein, der wie eine Mauer aus weißem und hellblauem Gewölk den Garten einhegte.",eine,MRW,STOPWORD
247,18,"Die Glastüren zur Veranda standen offen, und der Duft des Flieders drang herein, der wie eine Mauer aus weißem und hellblauem Gewölk den Garten einhegte.",Mauer,MRW,direct
247,19,"Die Glastüren zur Veranda standen offen, und der Duft des Flieders drang herein, der wie eine Mauer aus weißem und hellblauem Gewölk den Garten einhegte.",aus,MRW,STOPWORD
247,20,"Die Glastüren zur Veranda standen offen, und der Duft des Flieders drang herein, der wie eine Mauer aus weißem und hellblauem Gewölk den Garten einhegte.",weißem,MRW,direct
247,21,"Die Glastüren zur Veranda standen offen, und der Duft des Flieders drang herein, der wie eine Mauer aus weißem und hellblauem Gewölk den Garten einhegte.",und,MRW,STOPWORD
247,22,"Die Glastüren zur Veranda standen offen, und der Duft des Flieders drang herein, der wie eine Mauer aus weißem und hellblauem Gewölk den Garten einhegte.",hellblauem,MRW,direct
247,23,"Die Glastüren zur Veranda standen offen, und der Duft des Flieders drang herein, der wie eine Mauer aus weißem und hellblauem Gewölk den Garten einhegte.",Gewölk,MRW,direct
247,24,"Die Glastüren zur Veranda standen offen, und der Duft des Flieders drang herein, der wie eine Mauer aus weißem und hellblauem Gewölk den Garten einhegte.",den,Non-MRW,Non-MRW
247,25,"Die Glastüren zur Veranda standen offen, und der Duft des Flieders drang herein, der wie eine Mauer aus weißem und hellblauem Gewölk den Garten einhegte.",Garten,Non-MRW,Non-MRW
247,26,"Die Glastüren zur Veranda standen offen, und der Duft des Flieders drang herein, der wie eine Mauer aus weißem und hellblauem Gewölk den Garten einhegte.",einhegte,WIDLII,WIDLII
259,0,"Links war die Tür, die durch ein Bogenportal zum Turm hinaufführte.",Links,Non-MRW,Non-MRW
259,1,"Links war die Tür, die durch ein Bogenportal zum Turm hinaufführte.",war,Non-MRW,Non-MRW
259,2,"Links war die Tür, die durch ein Bogenportal zum Turm hinaufführte.",die,Non-MRW,Non-MRW
259,3,"Links war die Tür, die durch ein Bogenportal zum Turm hinaufführte.",Tür,Non-MRW,Non-MRW
259,5,"Links war die Tür, die durch ein Bogenportal zum Turm hinaufführte.",die,Non-MRW,Non-MRW
259,6,"Links war die Tür, die durch ein Bogenportal zum Turm hinaufführte.",durch,Non-MRW,Non-MRW
259,7,"Links war die Tür, die durch ein Bogenportal zum Turm hinaufführte.",ein,Non-MRW,Non-MRW
259,8,"Links war die Tür, die durch ein Bogenportal zum Turm hinaufführte.",Bogenportal,Non-MRW,Non-MRW
259,9,"Links war die Tür, die durch ein Bogenportal zum Turm hinaufführte.",zum,Non-MRW,Non-MRW
259,10,"Links war die Tür, die durch ein Bogenportal zum Turm hinaufführte.",Turm,Non-MRW,Non-MRW
259,11,"Links war die Tür, die durch ein Bogenportal zum Turm hinaufführte.",hinaufführte,MRW,indirect
269,0,"Auf einem dünnbeinigen Tischchen am Fenster war allerhand Gerät zur Schau gestellt, silberne Kannen, zerbrochene Teller, golddurchwirkte Fetzen.",Auf,Non-MRW,Non-MRW
269,1,"Auf einem dünnbeinigen Tischchen am Fenster war allerhand Gerät zur Schau gestellt, silberne Kannen, zerbrochene Teller, golddurchwirkte Fetzen.",einem,Non-MRW,Non-MRW
269,2,"Auf einem dünnbeinigen Tischchen am Fenster war allerhand Gerät zur Schau gestellt, silberne Kannen, zerbrochene Teller, golddurchwirkte Fetzen.",dünnbeinigen,Non-MRW,Non-MRW
269,3,"Auf einem dünnbeinigen Tischchen am Fenster war allerhand Gerät zur Schau gestellt, silberne Kannen, zerbrochene Teller, golddurchwirkte Fetzen.",Tischchen,Non-MRW,Non-MRW
269,4,"Auf einem dünnbeinigen Tischchen am Fenster war allerhand Gerät zur Schau gestellt, silberne Kannen, zerbrochene Teller, golddurchwirkte Fetzen.",am,Non-MRW,Non-MRW
269,5,"Auf einem dünnbeinigen Tischchen am Fenster war allerhand Gerät zur Schau gestellt, silberne Kannen, zerbrochene Teller, golddurchwirkte Fetzen.",Fenster,Non-MRW,Non-MRW
269,6,"Auf einem dünnbeinigen Tischchen am Fenster war allerhand Gerät zur Schau gestellt, silberne Kannen, zerbrochene Teller, golddurchwirkte Fetzen.",war,Non-MRW,Non-MRW
269,7,"Auf einem dünnbeinigen Tischchen am Fenster war allerhand Gerät zur Schau gestellt, silberne Kannen, zerbrochene Teller, golddurchwirkte Fetzen.",allerhand,Non-MRW,Non-MRW
269,8,"Auf einem dünnbeinigen Tischchen am Fenster war allerhand Gerät zur Schau gestellt, silberne Kannen, zerbrochene Teller, golddurchwirkte Fetzen.",Gerät,Non-MRW,Non-MRW
269,9,"Auf einem dünnbeinigen Tischchen am Fenster war allerhand Gerät zur Schau gestellt, silberne Kannen, zerbrochene Teller, golddurchwirkte Fetzen.",zur,Non-MRW,Non-MRW
269,10,"Auf einem dünnbeinigen Tischchen am Fenster war allerhand Gerät zur Schau gestellt, silberne Kannen, zerbrochene Teller, golddurchwirkte Fetzen.",Schau,MWE,MWE
269,11,"Auf einem dünnbeinigen Tischchen am Fenster war allerhand Gerät zur Schau gestellt, silberne Kannen, zerbrochene Teller, golddurchwirkte Fetzen.",gestellt,MWE,MWE
269,12,"Auf einem dünnbeinigen Tischchen am Fenster war allerhand Gerät zur Schau gestellt, silberne Kannen, zerbrochene Teller, golddurchwirkte Fetzen.",silberne,Non-MRW,Non-MRW
269,13,"Auf einem dünnbeinigen Tischchen am Fenster war allerhand Gerät zur Schau gestellt, silberne Kannen, zerbrochene Teller, golddurchwirkte Fetzen.",Kannen,Non-MRW,Non-MRW
269,14,"Auf einem dünnbeinigen Tischchen am Fenster war allerhand Gerät zur Schau gestellt, silberne Kannen, zerbrochene Teller, golddurchwirkte Fetzen.",zerbrochene,Non-MRW,Non-MRW
269,15,"Auf einem dünnbeinigen Tischchen am Fenster war allerhand Gerät zur Schau gestellt, silberne Kannen, zerbrochene Teller, golddurchwirkte Fetzen.",Teller,Non-MRW,Non-MRW
269,16,"Auf einem dünnbeinigen Tischchen am Fenster war allerhand Gerät zur Schau gestellt, silberne Kannen, zerbrochene Teller, golddurchwirkte Fetzen.",golddurchwirkte,Non-MRW,Non-MRW
269,17,"Auf einem dünnbeinigen Tischchen am Fenster war allerhand Gerät zur Schau gestellt, silberne Kannen, zerbrochene Teller, golddurchwirkte Fetzen.",Fetzen,WIDLII,WIDLII
270,0,"Und er sah die Zinnen der großen Stadt und ihren goldenen Tempel, den die Morgensonne beleuchtete.",Und,Non-MRW,Non-MRW
270,1,"Und er sah die Zinnen der großen Stadt und ihren goldenen Tempel, den die Morgensonne beleuchtete.",er,Non-MRW,Non-MRW
270,2,"Und er sah die Zinnen der großen Stadt und ihren goldenen Tempel, den die Morgensonne beleuchtete.",sah,Non-MRW,Non-MRW
270,3,"Und er sah die Zinnen der großen Stadt und ihren goldenen Tempel, den die Morgensonne beleuchtete.",die,Non-MRW,Non-MRW
270,4,"Und er sah die Zinnen der großen Stadt und ihren goldenen Tempel, den die Morgensonne beleuchtete.",Zinnen,Non-MRW,Non-MRW
270,5,"Und er sah die Zinnen der großen Stadt und ihren goldenen Tempel, den die Morgensonne beleuchtete.",der,Non-MRW,Non-MRW
270,6,"Und er sah die Zinnen der großen Stadt und ihren goldenen Tempel, den die Morgensonne beleuchtete.",großen,Non-MRW,Non-MRW
270,7,"Und er sah die Zinnen der großen Stadt und ihren goldenen Tempel, den die Morgensonne beleuchtete.",Stadt,Non-MRW,Non-MRW
270,8,"Und er sah die Zinnen der großen Stadt und ihren goldenen Tempel, den die Morgensonne beleuchtete.",und,Non-MRW,Non-MRW
270,9,"Und er sah die Zinnen der großen Stadt und ihren goldenen Tempel, den die Morgensonne beleuchtete.",ihren,Non-MRW,Non-MRW
270,10,"Und er sah die Zinnen der großen Stadt und ihren goldenen Tempel, den die Morgensonne beleuchtete.",goldenen,WIDLII,WIDLII
270,11,"Und er sah die Zinnen der großen Stadt und ihren goldenen Tempel, den die Morgensonne beleuchtete.",Tempel,Non-MRW,Non-MRW
270,12,"Und er sah die Zinnen der großen Stadt und ihren goldenen Tempel, den die Morgensonne beleuchtete.",den,Non-MRW,Non-MRW
270,13,"Und er sah die Zinnen der großen Stadt und ihren goldenen Tempel, den die Morgensonne beleuchtete.",die,Non-MRW,Non-MRW
270,14,"Und er sah die Zinnen der großen Stadt und ihren goldenen Tempel, den die Morgensonne beleuchtete.",Morgensonne,Non-MRW,Non-MRW
270,15,"Und er sah die Zinnen der großen Stadt und ihren goldenen Tempel, den die Morgensonne beleuchtete.",beleuchtete,WIDLII,WIDLII
357,0,"Über den Tisch, gleichmäßig nach allen Seiten, glitt von oben der Schein einer leicht hin und her schwingenden Lampe.",Über,WIDLII,WIDLII
357,1,"Über den Tisch, gleichmäßig nach allen Seiten, glitt von oben der Schein einer leicht hin und her schwingenden Lampe.",den,Non-MRW,Non-MRW
357,2,"Über den Tisch, gleichmäßig nach allen Seiten, glitt von oben der Schein einer leicht hin und her schwingenden Lampe.",Tisch,Non-MRW,Non-MRW
357,4,"Über den Tisch, gleichmäßig nach allen Seiten, glitt von oben der Schein einer leicht hin und her schwingenden Lampe.",gleichmäßig,Non-MRW,Non-MRW
357,5,"Über den Tisch, gleichmäßig nach allen Seiten, glitt von oben der Schein einer leicht hin und her schwingenden Lampe.",nach,Non-MRW,Non-MRW
357,6,"Über den Tisch, gleichmäßig nach allen Seiten, glitt von oben der Schein einer leicht hin und her schwingenden Lampe.",allen,Non-MRW,Non-MRW
357,7,"Über den Tisch, gleichmäßig nach allen Seiten, glitt von oben der Schein einer leicht hin und her schwingenden Lampe.",Seiten,Non-MRW,Non-MRW
357,9,"Über den Tisch, gleichmäßig nach allen Seiten, glitt von oben der Schein einer leicht hin und her schwingenden Lampe.",glitt,MRW,indirect
357,10,"Über den Tisch, gleichmäßig nach allen Seiten, glitt von oben der Schein einer leicht hin und her schwingenden Lampe.",von,WIDLII,WIDLII
357,11,"Über den Tisch, gleichmäßig nach allen Seiten, glitt von oben der Schein einer leicht hin und her schwingenden Lampe.",oben,Non-MRW,Non-MRW
357,12,"Über den Tisch, gleichmäßig nach allen Seiten, glitt von oben der Schein einer leicht hin und her schwingenden Lampe.",der,Non-MRW,Non-MRW
357,13,"Über den Tisch, gleichmäßig nach allen Seiten, glitt von oben der Schein einer leicht hin und her schwingenden Lampe.",Schein,Non-MRW,Non-MRW
357,14,"Über den Tisch, gleichmäßig nach allen Seiten, glitt von oben der Schein einer leicht hin und her schwingenden Lampe.",einer,Non-MRW,Non-MRW
357,15,"Über den Tisch, gleichmäßig nach allen Seiten, glitt von oben der Schein einer leicht hin und her schwingenden Lampe.",leicht,Non-MRW,Non-MRW
357,16,"Über den Tisch, gleichmäßig nach allen Seiten, glitt von oben der Schein einer leicht hin und her schwingenden Lampe.",hin,Non-MRW,Non-MRW
357,17,"Über den Tisch, gleichmäßig nach allen Seiten, glitt von oben der Schein einer leicht hin und her schwingenden Lampe.",und,Non-MRW,Non-MRW
357,18,"Über den Tisch, gleichmäßig nach allen Seiten, glitt von oben der Schein einer leicht hin und her schwingenden Lampe.",her,Non-MRW,Non-MRW
357,19,"Über den Tisch, gleichmäßig nach allen Seiten, glitt von oben der Schein einer leicht hin und her schwingenden Lampe.",schwingenden,Non-MRW,Non-MRW
357,20,"Über den Tisch, gleichmäßig nach allen Seiten, glitt von oben der Schein einer leicht hin und her schwingenden Lampe.",Lampe,Non-MRW,Non-MRW
378,0,"Die nierigen Häuschen, zu beiden Seiten der Straße, schienen sich fröstelnd zu ducken, um dem scharfen Wind keine Angriffsflächen zu bieten.",Die,Non-MRW,Non-MRW
378,1,"Die niedrigen Häuschen, zu beiden Seiten der Straße, schienen sich fröstelnd zu ducken, um dem scharfen Wind keine Angriffsflächen zu bieten.",niedrigen,Non-MRW,Non-MRW
378,2,"Die nierigen Häuschen, zu beiden Seiten der Straße, schienen sich fröstelnd zu ducken, um dem scharfen Wind keine Angriffsflächen zu bieten.",Häuschen,Non-MRW,Non-MRW
378,3,"Die nierigen Häuschen, zu beiden Seiten der Straße, schienen sich fröstelnd zu ducken, um dem scharfen Wind keine Angriffsflächen zu bieten.",zu,MRW,indirect
378,4,"Die nierigen Häuschen, zu beiden Seiten der Straße, schienen sich fröstelnd zu ducken, um dem scharfen Wind keine Angriffsflächen zu bieten.",beiden,Non-MRW,Non-MRW
378,5,"Die nierigen Häuschen, zu beiden Seiten der Straße, schienen sich fröstelnd zu ducken, um dem scharfen Wind keine Angriffsflächen zu bieten.",Seiten,Non-MRW,Non-MRW
378,6,"Die nierigen Häuschen, zu beiden Seiten der Straße, schienen sich fröstelnd zu ducken, um dem scharfen Wind keine Angriffsflächen zu bieten.",der,Non-MRW,Non-MRW
378,7,"Die nierigen Häuschen, zu beiden Seiten der Straße, schienen sich fröstelnd zu ducken, um dem scharfen Wind keine Angriffsflächen zu bieten.",Straße,Non-MRW,Non-MRW
378,8,"Die nierigen Häuschen, zu beiden Seiten der Straße, schienen sich fröstelnd zu ducken, um dem scharfen Wind keine Angriffsflächen zu bieten.",schienen,MRW,indirect
378,9,"Die nierigen Häuschen, zu beiden Seiten der Straße, schienen sich fröstelnd zu ducken, um dem scharfen Wind keine Angriffsflächen zu bieten.",sich,MWE,MWE
378,10,"Die nierigen Häuschen, zu beiden Seiten der Straße, schienen sich fröstelnd zu ducken, um dem scharfen Wind keine Angriffsflächen zu bieten.",fröstelnd,MRW,indirect
378,11,"Die nierigen Häuschen, zu beiden Seiten der Straße, schienen sich fröstelnd zu ducken, um dem scharfen Wind keine Angriffsflächen zu bieten.",zu,Non-MRW,Non-MRW
378,12,"Die nierigen Häuschen, zu beiden Seiten der Straße, schienen sich fröstelnd zu ducken, um dem scharfen Wind keine Angriffsflächen zu bieten.",ducken,MRW,indirect
378,13,"Die nierigen Häuschen, zu beiden Seiten der Straße, schienen sich fröstelnd zu ducken, um dem scharfen Wind keine Angriffsflächen zu bieten.",um,Non-MRW,Non-MRW
378,14,"Die nierigen Häuschen, zu beiden Seiten der Straße, schienen sich fröstelnd zu ducken, um dem scharfen Wind keine Angriffsflächen zu bieten.",dem,Non-MRW,Non-MRW
378,15,"Die nierigen Häuschen, zu beiden Seiten der Straße, schienen sich fröstelnd zu ducken, um dem scharfen Wind keine Angriffsflächen zu bieten.",scharfen,MRW,indirect
378,16,"Die nierigen Häuschen, zu beiden Seiten der Straße, schienen sich fröstelnd zu ducken, um dem scharfen Wind keine Angriffsflächen zu bieten.",Wind,Non-MRW,Non-MRW
378,17,"Die nierigen Häuschen, zu beiden Seiten der Straße, schienen sich fröstelnd zu ducken, um dem scharfen Wind keine Angriffsflächen zu bieten.",keine,Non-MRW,Non-MRW
378,18,"Die nierigen Häuschen, zu beiden Seiten der Straße, schienen sich fröstelnd zu ducken, um dem scharfen Wind keine Angriffsflächen zu bieten.",Angriffsflächen,Non-MRW,Non-MRW
378,19,"Die nierigen Häuschen, zu beiden Seiten der Straße, schienen sich fröstelnd zu ducken, um dem scharfen Wind keine Angriffsflächen zu bieten.",zu,Non-MRW,Non-MRW
378,20,"Die nierigen Häuschen, zu beiden Seiten der Straße, schienen sich fröstelnd zu ducken, um dem scharfen Wind keine Angriffsflächen zu bieten.",bieten,MRW,indirect
421,0,Es schimmert durch die trüben Fenster.,Es,Non-MRW,Non-MRW
421,1,Es schimmert durch die trüben Fenster.,schimmert,Non-MRW,Non-MRW
421,2,Es schimmert durch die trüben Fenster.,durch,Non-MRW,Non-MRW
421,3,Es schimmert durch die trüben Fenster.,die,Non-MRW,Non-MRW
421,4,Es schimmert durch die trüben Fenster.,trüben,Non-MRW,Non-MRW
421,5,Es schimmert durch die trüben Fenster.,Fenster,Non-MRW,Non-MRW
422,0,"Dann aber sah ich mich plötzlich in einem Raum allein gelassen, der wohl orientalisches Gepräge trug, denn er wies die verschwenderische Fülle mehr oder weniger kostbarer Asienteppiche, mehrerer Ottomanen und jeden Schritt verschluckender Felle und Pelze, so dass er mehr einem Zelt als dem Zimmer einer deutschen Dutzendvilla glich, aber das Eigentümliche des Raumes wäre damit noch keineswegs bezeichnet gewesen.",Dann,Non-MRW,Non-MRW
422,1,"Dann aber sah ich mich plötzlich in einem Raum allein gelassen, der wohl orientalisches Gepräge trug, denn er wies die verschwenderische Fülle mehr oder weniger kostbarer Asienteppiche, mehrerer Ottomanen und jeden Schritt verschluckender Felle und Pelze, so dass er mehr einem Zelt als dem Zimmer einer deutschen Dutzendvilla glich, aber das Eigentümliche des Raumes wäre damit noch keineswegs bezeichnet gewesen.",aber,Non-MRW,Non-MRW
422,2,"Dann aber sah ich mich plötzlich in einem Raum allein gelassen, der wohl orientalisches Gepräge trug, denn er wies die verschwenderische Fülle mehr oder weniger kostbarer Asienteppiche, mehrerer Ottomanen und jeden Schritt verschluckender Felle und Pelze, so dass er mehr einem Zelt als dem Zimmer einer deutschen Dutzendvilla glich, aber das Eigentümliche des Raumes wäre damit noch keineswegs bezeichnet gewesen.",sah,MRW,indirect
422,3,"Dann aber sah ich mich plötzlich in einem Raum allein gelassen, der wohl orientalisches Gepräge trug, denn er wies die verschwenderische Fülle mehr oder weniger kostbarer Asienteppiche, mehrerer Ottomanen und jeden Schritt verschluckender Felle und Pelze, so dass er mehr einem Zelt als dem Zimmer einer deutschen Dutzendvilla glich, aber das Eigentümliche des Raumes wäre damit noch keineswegs bezeichnet gewesen.",ich,Non-MRW,Non-MRW
422,4,"Dann aber sah ich mich plötzlich in einem Raum allein gelassen, der wohl orientalisches Gepräge trug, denn er wies die verschwenderische Fülle mehr oder weniger kostbarer Asienteppiche, mehrerer Ottomanen und jeden Schritt verschluckender Felle und Pelze, so dass er mehr einem Zelt als dem Zimmer einer deutschen Dutzendvilla glich, aber das Eigentümliche des Raumes wäre damit noch keineswegs bezeichnet gewesen.",mich,Non-MRW,Non-MRW
422,5,"Dann aber sah ich mich plötzlich in einem Raum allein gelassen, der wohl orientalisches Gepräge trug, denn er wies die verschwenderische Fülle mehr oder weniger kostbarer Asienteppiche, mehrerer Ottomanen und jeden Schritt verschluckender Felle und Pelze, so dass er mehr einem Zelt als dem Zimmer einer deutschen Dutzendvilla glich, aber das Eigentümliche des Raumes wäre damit noch keineswegs bezeichnet gewesen.",plötzlich,Non-MRW,Non-MRW
422,6,"Dann aber sah ich mich plötzlich in einem Raum allein gelassen, der wohl orientalisches Gepräge trug, denn er wies die verschwenderische Fülle mehr oder weniger kostbarer Asienteppiche, mehrerer Ottomanen und jeden Schritt verschluckender Felle und Pelze, so dass er mehr einem Zelt als dem Zimmer einer deutschen Dutzendvilla glich, aber das Eigentümliche des Raumes wäre damit noch keineswegs bezeichnet gewesen.",in,Non-MRW,Non-MRW
422,7,"Dann aber sah ich mich plötzlich in einem Raum allein gelassen, der wohl orientalisches Gepräge trug, denn er wies die verschwenderische Fülle mehr oder weniger kostbarer Asienteppiche, mehrerer Ottomanen und jeden Schritt verschluckender Felle und Pelze, so dass er mehr einem Zelt als dem Zimmer einer deutschen Dutzendvilla glich, aber das Eigentümliche des Raumes wäre damit noch keineswegs bezeichnet gewesen.",einem,Non-MRW,Non-MRW
422,8,"Dann aber sah ich mich plötzlich in einem Raum allein gelassen, der wohl orientalisches Gepräge trug, denn er wies die verschwenderische Fülle mehr oder weniger kostbarer Asienteppiche, mehrerer Ottomanen und jeden Schritt verschluckender Felle und Pelze, so dass er mehr einem Zelt als dem Zimmer einer deutschen Dutzendvilla glich, aber das Eigentümliche des Raumes wäre damit noch keineswegs bezeichnet gewesen.",Raum,Non-MRW,Non-MRW
422,9,"Dann aber sah ich mich plötzlich in einem Raum allein gelassen, der wohl orientalisches Gepräge trug, denn er wies die verschwenderische Fülle mehr oder weniger kostbarer Asienteppiche, mehrerer Ottomanen und jeden Schritt verschluckender Felle und Pelze, so dass er mehr einem Zelt als dem Zimmer einer deutschen Dutzendvilla glich, aber das Eigentümliche des Raumes wäre damit noch keineswegs bezeichnet gewesen.",allein,Non-MRW,Non-MRW
422,10,"Dann aber sah ich mich plötzlich in einem Raum allein gelassen, der wohl orientalisches Gepräge trug, denn er wies die verschwenderische Fülle mehr oder weniger kostbarer Asienteppiche, mehrerer Ottomanen und jeden Schritt verschluckender Felle und Pelze, so dass er mehr einem Zelt als dem Zimmer einer deutschen Dutzendvilla glich, aber das Eigentümliche des Raumes wäre damit noch keineswegs bezeichnet gewesen.",gelassen,MWE,MWE
422,12,"Dann aber sah ich mich plötzlich in einem Raum allein gelassen, der wohl orientalisches Gepräge trug, denn er wies die verschwenderische Fülle mehr oder weniger kostbarer Asienteppiche, mehrerer Ottomanen und jeden Schritt verschluckender Felle und Pelze, so dass er mehr einem Zelt als dem Zimmer einer deutschen Dutzendvilla glich, aber das Eigentümliche des Raumes wäre damit noch keineswegs bezeichnet gewesen.",der,Non-MRW,Non-MRW
422,13,"Dann aber sah ich mich plötzlich in einem Raum allein gelassen, der wohl orientalisches Gepräge trug, denn er wies die verschwenderische Fülle mehr oder weniger kostbarer Asienteppiche, mehrerer Ottomanen und jeden Schritt verschluckender Felle und Pelze, so dass er mehr einem Zelt als dem Zimmer einer deutschen Dutzendvilla glich, aber das Eigentümliche des Raumes wäre damit noch keineswegs bezeichnet gewesen.",wohl,Non-MRW,Non-MRW
422,14,"Dann aber sah ich mich plötzlich in einem Raum allein gelassen, der wohl orientalisches Gepräge trug, denn er wies die verschwenderische Fülle mehr oder weniger kostbarer Asienteppiche, mehrerer Ottomanen und jeden Schritt verschluckender Felle und Pelze, so dass er mehr einem Zelt als dem Zimmer einer deutschen Dutzendvilla glich, aber das Eigentümliche des Raumes wäre damit noch keineswegs bezeichnet gewesen.",orientalisches,Non-MRW,Non-MRW
422,15,"Dann aber sah ich mich plötzlich in einem Raum allein gelassen, der wohl orientalisches Gepräge trug, denn er wies die verschwenderische Fülle mehr oder weniger kostbarer Asienteppiche, mehrerer Ottomanen und jeden Schritt verschluckender Felle und Pelze, so dass er mehr einem Zelt als dem Zimmer einer deutschen Dutzendvilla glich, aber das Eigentümliche des Raumes wäre damit noch keineswegs bezeichnet gewesen.",Gepräge,Non-MRW,Non-MRW
422,16,"Dann aber sah ich mich plötzlich in einem Raum allein gelassen, der wohl orientalisches Gepräge trug, denn er wies die verschwenderische Fülle mehr oder weniger kostbarer Asienteppiche, mehrerer Ottomanen und jeden Schritt verschluckender Felle und Pelze, so dass er mehr einem Zelt als dem Zimmer einer deutschen Dutzendvilla glich, aber das Eigentümliche des Raumes wäre damit noch keineswegs bezeichnet gewesen.",trug,MRW,indirect
422,18,"Dann aber sah ich mich plötzlich in einem Raum allein gelassen, der wohl orientalisches Gepräge trug, denn er wies die verschwenderische Fülle mehr oder weniger kostbarer Asienteppiche, mehrerer Ottomanen und jeden Schritt verschluckender Felle und Pelze, so dass er mehr einem Zelt als dem Zimmer einer deutschen Dutzendvilla glich, aber das Eigentümliche des Raumes wäre damit noch keineswegs bezeichnet gewesen.",denn,Non-MRW,Non-MRW
422,19,"Dann aber sah ich mich plötzlich in einem Raum allein gelassen, der wohl orientalisches Gepräge trug, denn er wies die verschwenderische Fülle mehr oder weniger kostbarer Asienteppiche, mehrerer Ottomanen und jeden Schritt verschluckender Felle und Pelze, so dass er mehr einem Zelt als dem Zimmer einer deutschen Dutzendvilla glich, aber das Eigentümliche des Raumes wäre damit noch keineswegs bezeichnet gewesen.",er,Non-MRW,Non-MRW
422,20,"Dann aber sah ich mich plötzlich in einem Raum allein gelassen, der wohl orientalisches Gepräge trug, denn er wies die verschwenderische Fülle mehr oder weniger kostbarer Asienteppiche, mehrerer Ottomanen und jeden Schritt verschluckender Felle und Pelze, so dass er mehr einem Zelt als dem Zimmer einer deutschen Dutzendvilla glich, aber das Eigentümliche des Raumes wäre damit noch keineswegs bezeichnet gewesen.",wies,Non-MRW,Non-MRW
422,21,"Dann aber sah ich mich plötzlich in einem Raum allein gelassen, der wohl orientalisches Gepräge trug, denn er wies die verschwenderische Fülle mehr oder weniger kostbarer Asienteppiche, mehrerer Ottomanen und jeden Schritt verschluckender Felle und Pelze, so dass er mehr einem Zelt als dem Zimmer einer deutschen Dutzendvilla glich, aber das Eigentümliche des Raumes wäre damit noch keineswegs bezeichnet gewesen.",die,Non-MRW,Non-MRW
422,22,"Dann aber sah ich mich plötzlich in einem Raum allein gelassen, der wohl orientalisches Gepräge trug, denn er wies die verschwenderische Fülle mehr oder weniger kostbarer Asienteppiche, mehrerer Ottomanen und jeden Schritt verschluckender Felle und Pelze, so dass er mehr einem Zelt als dem Zimmer einer deutschen Dutzendvilla glich, aber das Eigentümliche des Raumes wäre damit noch keineswegs bezeichnet gewesen.",verschwenderische,MRW,indirect
422,23,"Dann aber sah ich mich plötzlich in einem Raum allein gelassen, der wohl orientalisches Gepräge trug, denn er wies die verschwenderische Fülle mehr oder weniger kostbarer Asienteppiche, mehrerer Ottomanen und jeden Schritt verschluckender Felle und Pelze, so dass er mehr einem Zelt als dem Zimmer einer deutschen Dutzendvilla glich, aber das Eigentümliche des Raumes wäre damit noch keineswegs bezeichnet gewesen.",Fülle,Non-MRW,Non-MRW
422,24,"Dann aber sah ich mich plötzlich in einem Raum allein gelassen, der wohl orientalisches Gepräge trug, denn er wies die verschwenderische Fülle mehr oder weniger kostbarer Asienteppiche, mehrerer Ottomanen und jeden Schritt verschluckender Felle und Pelze, so dass er mehr einem Zelt als dem Zimmer einer deutschen Dutzendvilla glich, aber das Eigentümliche des Raumes wäre damit noch keineswegs bezeichnet gewesen.",mehr,Non-MRW,Non-MRW
422,25,"Dann aber sah ich mich plötzlich in einem Raum allein gelassen, der wohl orientalisches Gepräge trug, denn er wies die verschwenderische Fülle mehr oder weniger kostbarer Asienteppiche, mehrerer Ottomanen und jeden Schritt verschluckender Felle und Pelze, so dass er mehr einem Zelt als dem Zimmer einer deutschen Dutzendvilla glich, aber das Eigentümliche des Raumes wäre damit noch keineswegs bezeichnet gewesen.",oder,Non-MRW,Non-MRW
422,26,"Dann aber sah ich mich plötzlich in einem Raum allein gelassen, der wohl orientalisches Gepräge trug, denn er wies die verschwenderische Fülle mehr oder weniger kostbarer Asienteppiche, mehrerer Ottomanen und jeden Schritt verschluckender Felle und Pelze, so dass er mehr einem Zelt als dem Zimmer einer deutschen Dutzendvilla glich, aber das Eigentümliche des Raumes wäre damit noch keineswegs bezeichnet gewesen.",weniger,Non-MRW,Non-MRW
422,27,"Dann aber sah ich mich plötzlich in einem Raum allein gelassen, der wohl orientalisches Gepräge trug, denn er wies die verschwenderische Fülle mehr oder weniger kostbarer Asienteppiche, mehrerer Ottomanen und jeden Schritt verschluckender Felle und Pelze, so dass er mehr einem Zelt als dem Zimmer einer deutschen Dutzendvilla glich, aber das Eigentümliche des Raumes wäre damit noch keineswegs bezeichnet gewesen.",kostbarer,Non-MRW,Non-MRW
422,28,"Dann aber sah ich mich plötzlich in einem Raum allein gelassen, der wohl orientalisches Gepräge trug, denn er wies die verschwenderische Fülle mehr oder weniger kostbarer Asienteppiche, mehrerer Ottomanen und jeden Schritt verschluckender Felle und Pelze, so dass er mehr einem Zelt als dem Zimmer einer deutschen Dutzendvilla glich, aber das Eigentümliche des Raumes wäre damit noch keineswegs bezeichnet gewesen.",Asienteppiche,Non-MRW,Non-MRW
422,30,"Dann aber sah ich mich plötzlich in einem Raum allein gelassen, der wohl orientalisches Gepräge trug, denn er wies die verschwenderische Fülle mehr oder weniger kostbarer Asienteppiche, mehrerer Ottomanen und jeden Schritt verschluckender Felle und Pelze, so dass er mehr einem Zelt als dem Zimmer einer deutschen Dutzendvilla glich, aber das Eigentümliche des Raumes wäre damit noch keineswegs bezeichnet gewesen.",mehrerer,Non-MRW,Non-MRW
422,31,"Dann aber sah ich mich plötzlich in einem Raum allein gelassen, der wohl orientalisches Gepräge trug, denn er wies die verschwenderische Fülle mehr oder weniger kostbarer Asienteppiche, mehrerer Ottomanen und jeden Schritt verschluckender Felle und Pelze, so dass er mehr einem Zelt als dem Zimmer einer deutschen Dutzendvilla glich, aber das Eigentümliche des Raumes wäre damit noch keineswegs bezeichnet gewesen.",Ottomanen,Non-MRW,Non-MRW
422,32,"Dann aber sah ich mich plötzlich in einem Raum allein gelassen, der wohl orientalisches Gepräge trug, denn er wies die verschwenderische Fülle mehr oder weniger kostbarer Asienteppiche, mehrerer Ottomanen und jeden Schritt verschluckender Felle und Pelze, so dass er mehr einem Zelt als dem Zimmer einer deutschen Dutzendvilla glich, aber das Eigentümliche des Raumes wäre damit noch keineswegs bezeichnet gewesen.",und,Non-MRW,Non-MRW
422,33,"Dann aber sah ich mich plötzlich in einem Raum allein gelassen, der wohl orientalisches Gepräge trug, denn er wies die verschwenderische Fülle mehr oder weniger kostbarer Asienteppiche, mehrerer Ottomanen und jeden Schritt verschluckender Felle und Pelze, so dass er mehr einem Zelt als dem Zimmer einer deutschen Dutzendvilla glich, aber das Eigentümliche des Raumes wäre damit noch keineswegs bezeichnet gewesen.",jeden,Non-MRW,Non-MRW
422,34,"Dann aber sah ich mich plötzlich in einem Raum allein gelassen, der wohl orientalisches Gepräge trug, denn er wies die verschwenderische Fülle mehr oder weniger kostbarer Asienteppiche, mehrerer Ottomanen und jeden Schritt verschluckender Felle und Pelze, so dass er mehr einem Zelt als dem Zimmer einer deutschen Dutzendvilla glich, aber das Eigentümliche des Raumes wäre damit noch keineswegs bezeichnet gewesen.",Schritt,Non-MRW,Non-MRW
422,35,"Dann aber sah ich mich plötzlich in einem Raum allein gelassen, der wohl orientalisches Gepräge trug, denn er wies die verschwenderische Fülle mehr oder weniger kostbarer Asienteppiche, mehrerer Ottomanen und jeden Schritt verschluckender Felle und Pelze, so dass er mehr einem Zelt als dem Zimmer einer deutschen Dutzendvilla glich, aber das Eigentümliche des Raumes wäre damit noch keineswegs bezeichnet gewesen.",verschluckender,MRW,indirect
422,36,"Dann aber sah ich mich plötzlich in einem Raum allein gelassen, der wohl orientalisches Gepräge trug, denn er wies die verschwenderische Fülle mehr oder weniger kostbarer Asienteppiche, mehrerer Ottomanen und jeden Schritt verschluckender Felle und Pelze, so dass er mehr einem Zelt als dem Zimmer einer deutschen Dutzendvilla glich, aber das Eigentümliche des Raumes wäre damit noch keineswegs bezeichnet gewesen.",Felle,Non-MRW,Non-MRW
422,37,"Dann aber sah ich mich plötzlich in einem Raum allein gelassen, der wohl orientalisches Gepräge trug, denn er wies die verschwenderische Fülle mehr oder weniger kostbarer Asienteppiche, mehrerer Ottomanen und jeden Schritt verschluckender Felle und Pelze, so dass er mehr einem Zelt als dem Zimmer einer deutschen Dutzendvilla glich, aber das Eigentümliche des Raumes wäre damit noch keineswegs bezeichnet gewesen.",und,Non-MRW,Non-MRW
422,38,"Dann aber sah ich mich plötzlich in einem Raum allein gelassen, der wohl orientalisches Gepräge trug, denn er wies die verschwenderische Fülle mehr oder weniger kostbarer Asienteppiche, mehrerer Ottomanen und jeden Schritt verschluckender Felle und Pelze, so dass er mehr einem Zelt als dem Zimmer einer deutschen Dutzendvilla glich, aber das Eigentümliche des Raumes wäre damit noch keineswegs bezeichnet gewesen.",Pelze,Non-MRW,Non-MRW
422,40,"Dann aber sah ich mich plötzlich in einem Raum allein gelassen, der wohl orientalisches Gepräge trug, denn er wies die verschwenderische Fülle mehr oder weniger kostbarer Asienteppiche, mehrerer Ottomanen und jeden Schritt verschluckender Felle und Pelze, so dass er mehr einem Zelt als dem Zimmer einer deutschen Dutzendvilla glich, aber das Eigentümliche des Raumes wäre damit noch keineswegs bezeichnet gewesen.",so,Non-MRW,Non-MRW
422,41,"Dann aber sah ich mich plötzlich in einem Raum allein gelassen, der wohl orientalisches Gepräge trug, denn er wies die verschwenderische Fülle mehr oder weniger kostbarer Asienteppiche, mehrerer Ottomanen und jeden Schritt verschluckender Felle und Pelze, so dass er mehr einem Zelt als dem Zimmer einer deutschen Dutzendvilla glich, aber das Eigentümliche des Raumes wäre damit noch keineswegs bezeichnet gewesen.",dass,Mflag,Mflag
422,42,"Dann aber sah ich mich plötzlich in einem Raum allein gelassen, der wohl orientalisches Gepräge trug, denn er wies die verschwenderische Fülle mehr oder weniger kostbarer Asienteppiche, mehrerer Ottomanen und jeden Schritt verschluckender Felle und Pelze, so dass er mehr einem Zelt als dem Zimmer einer deutschen Dutzendvilla glich, aber das Eigentümliche des Raumes wäre damit noch keineswegs bezeichnet gewesen.",er,Non-MRW,STOPWORD
422,43,"Dann aber sah ich mich plötzlich in einem Raum allein gelassen, der wohl orientalisches Gepräge trug, denn er wies die verschwenderische Fülle mehr oder weniger kostbarer Asienteppiche, mehrerer Ottomanen und jeden Schritt verschluckender Felle und Pelze, so dass er mehr einem Zelt als dem Zimmer einer deutschen Dutzendvilla glich, aber das Eigentümliche des Raumes wäre damit noch keineswegs bezeichnet gewesen.",mehr,Mflag,Mflag
422,44,"Dann aber sah ich mich plötzlich in einem Raum allein gelassen, der wohl orientalisches Gepräge trug, denn er wies die verschwenderische Fülle mehr oder weniger kostbarer Asienteppiche, mehrerer Ottomanen und jeden Schritt verschluckender Felle und Pelze, so dass er mehr einem Zelt als dem Zimmer einer deutschen Dutzendvilla glich, aber das Eigentümliche des Raumes wäre damit noch keineswegs bezeichnet gewesen.",einem,MRW,STOPWORD
422,45,"Dann aber sah ich mich plötzlich in einem Raum allein gelassen, der wohl orientalisches Gepräge trug, denn er wies die verschwenderische Fülle mehr oder weniger kostbarer Asienteppiche, mehrerer Ottomanen und jeden Schritt verschluckender Felle und Pelze, so dass er mehr einem Zelt als dem Zimmer einer deutschen Dutzendvilla glich, aber das Eigentümliche des Raumes wäre damit noch keineswegs bezeichnet gewesen.",Zelt,MRW,direct
422,46,"Dann aber sah ich mich plötzlich in einem Raum allein gelassen, der wohl orientalisches Gepräge trug, denn er wies die verschwenderische Fülle mehr oder weniger kostbarer Asienteppiche, mehrerer Ottomanen und jeden Schritt verschluckender Felle und Pelze, so dass er mehr einem Zelt als dem Zimmer einer deutschen Dutzendvilla glich, aber das Eigentümliche des Raumes wäre damit noch keineswegs bezeichnet gewesen.",als,Mflag,Mflag
422,47,"Dann aber sah ich mich plötzlich in einem Raum allein gelassen, der wohl orientalisches Gepräge trug, denn er wies die verschwenderische Fülle mehr oder weniger kostbarer Asienteppiche, mehrerer Ottomanen und jeden Schritt verschluckender Felle und Pelze, so dass er mehr einem Zelt als dem Zimmer einer deutschen Dutzendvilla glich, aber das Eigentümliche des Raumes wäre damit noch keineswegs bezeichnet gewesen.",dem,MRW,STOPWORD
422,48,"Dann aber sah ich mich plötzlich in einem Raum allein gelassen, der wohl orientalisches Gepräge trug, denn er wies die verschwenderische Fülle mehr oder weniger kostbarer Asienteppiche, mehrerer Ottomanen und jeden Schritt verschluckender Felle und Pelze, so dass er mehr einem Zelt als dem Zimmer einer deutschen Dutzendvilla glich, aber das Eigentümliche des Raumes wäre damit noch keineswegs bezeichnet gewesen.",Zimmer,MRW,indirect
422,49,"Dann aber sah ich mich plötzlich in einem Raum allein gelassen, der wohl orientalisches Gepräge trug, denn er wies die verschwenderische Fülle mehr oder weniger kostbarer Asienteppiche, mehrerer Ottomanen und jeden Schritt verschluckender Felle und Pelze, so dass er mehr einem Zelt als dem Zimmer einer deutschen Dutzendvilla glich, aber das Eigentümliche des Raumes wäre damit noch keineswegs bezeichnet gewesen.",einer,MRW,STOPWORD
422,50,"Dann aber sah ich mich plötzlich in einem Raum allein gelassen, der wohl orientalisches Gepräge trug, denn er wies die verschwenderische Fülle mehr oder weniger kostbarer Asienteppiche, mehrerer Ottomanen und jeden Schritt verschluckender Felle und Pelze, so dass er mehr einem Zelt als dem Zimmer einer deutschen Dutzendvilla glich, aber das Eigentümliche des Raumes wäre damit noch keineswegs bezeichnet gewesen.",deutschen,MRW,indirect
422,51,"Dann aber sah ich mich plötzlich in einem Raum allein gelassen, der wohl orientalisches Gepräge trug, denn er wies die verschwenderische Fülle mehr oder weniger kostbarer Asienteppiche, mehrerer Ottomanen und jeden Schritt verschluckender Felle und Pelze, so dass er mehr einem Zelt als dem Zimmer einer deutschen Dutzendvilla glich, aber das Eigentümliche des Raumes wäre damit noch keineswegs bezeichnet gewesen.",Dutzendvilla,MRW,indirect
422,52,"Dann aber sah ich mich plötzlich in einem Raum allein gelassen, der wohl orientalisches Gepräge trug, denn er wies die verschwenderische Fülle mehr oder weniger kostbarer Asienteppiche, mehrerer Ottomanen und jeden Schritt verschluckender Felle und Pelze, so dass er mehr einem Zelt als dem Zimmer einer deutschen Dutzendvilla glich, aber das Eigentümliche des Raumes wäre damit noch keineswegs bezeichnet gewesen.",glich,Mflag,Mflag
422,54,"Dann aber sah ich mich plötzlich in einem Raum allein gelassen, der wohl orientalisches Gepräge trug, denn er wies die verschwenderische Fülle mehr oder weniger kostbarer Asienteppiche, mehrerer Ottomanen und jeden Schritt verschluckender Felle und Pelze, so dass er mehr einem Zelt als dem Zimmer einer deutschen Dutzendvilla glich, aber das Eigentümliche des Raumes wäre damit noch keineswegs bezeichnet gewesen.",aber,Non-MRW,Non-MRW
422,55,"Dann aber sah ich mich plötzlich in einem Raum allein gelassen, der wohl orientalisches Gepräge trug, denn er wies die verschwenderische Fülle mehr oder weniger kostbarer Asienteppiche, mehrerer Ottomanen und jeden Schritt verschluckender Felle und Pelze, so dass er mehr einem Zelt als dem Zimmer einer deutschen Dutzendvilla glich, aber das Eigentümliche des Raumes wäre damit noch keineswegs bezeichnet gewesen.",das,Non-MRW,Non-MRW
422,56,"Dann aber sah ich mich plötzlich in einem Raum allein gelassen, der wohl orientalisches Gepräge trug, denn er wies die verschwenderische Fülle mehr oder weniger kostbarer Asienteppiche, mehrerer Ottomanen und jeden Schritt verschluckender Felle und Pelze, so dass er mehr einem Zelt als dem Zimmer einer deutschen Dutzendvilla glich, aber das Eigentümliche des Raumes wäre damit noch keineswegs bezeichnet gewesen.",Eigentümliche,Non-MRW,Non-MRW
422,57,"Dann aber sah ich mich plötzlich in einem Raum allein gelassen, der wohl orientalisches Gepräge trug, denn er wies die verschwenderische Fülle mehr oder weniger kostbarer Asienteppiche, mehrerer Ottomanen und jeden Schritt verschluckender Felle und Pelze, so dass er mehr einem Zelt als dem Zimmer einer deutschen Dutzendvilla glich, aber das Eigentümliche des Raumes wäre damit noch keineswegs bezeichnet gewesen.",des,Non-MRW,Non-MRW
422,58,"Dann aber sah ich mich plötzlich in einem Raum allein gelassen, der wohl orientalisches Gepräge trug, denn er wies die verschwenderische Fülle mehr oder weniger kostbarer Asienteppiche, mehrerer Ottomanen und jeden Schritt verschluckender Felle und Pelze, so dass er mehr einem Zelt als dem Zimmer einer deutschen Dutzendvilla glich, aber das Eigentümliche des Raumes wäre damit noch keineswegs bezeichnet gewesen.",Raumes,Non-MRW,Non-MRW
422,59,"Dann aber sah ich mich plötzlich in einem Raum allein gelassen, der wohl orientalisches Gepräge trug, denn er wies die verschwenderische Fülle mehr oder weniger kostbarer Asienteppiche, mehrerer Ottomanen und jeden Schritt verschluckender Felle und Pelze, so dass er mehr einem Zelt als dem Zimmer einer deutschen Dutzendvilla glich, aber das Eigentümliche des Raumes wäre damit noch keineswegs bezeichnet gewesen.",wäre,Non-MRW,Non-MRW
422,60,"Dann aber sah ich mich plötzlich in einem Raum allein gelassen, der wohl orientalisches Gepräge trug, denn er wies die verschwenderische Fülle mehr oder weniger kostbarer Asienteppiche, mehrerer Ottomanen und jeden Schritt verschluckender Felle und Pelze, so dass er mehr einem Zelt als dem Zimmer einer deutschen Dutzendvilla glich, aber das Eigentümliche des Raumes wäre damit noch keineswegs bezeichnet gewesen.",damit,Non-MRW,Non-MRW
422,61,"Dann aber sah ich mich plötzlich in einem Raum allein gelassen, der wohl orientalisches Gepräge trug, denn er wies die verschwenderische Fülle mehr oder weniger kostbarer Asienteppiche, mehrerer Ottomanen und jeden Schritt verschluckender Felle und Pelze, so dass er mehr einem Zelt als dem Zimmer einer deutschen Dutzendvilla glich, aber das Eigentümliche des Raumes wäre damit noch keineswegs bezeichnet gewesen.",noch,Non-MRW,Non-MRW
422,62,"Dann aber sah ich mich plötzlich in einem Raum allein gelassen, der wohl orientalisches Gepräge trug, denn er wies die verschwenderische Fülle mehr oder weniger kostbarer Asienteppiche, mehrerer Ottomanen und jeden Schritt verschluckender Felle und Pelze, so dass er mehr einem Zelt als dem Zimmer einer deutschen Dutzendvilla glich, aber das Eigentümliche des Raumes wäre damit noch keineswegs bezeichnet gewesen.",keineswegs,Non-MRW,Non-MRW
422,63,"Dann aber sah ich mich plötzlich in einem Raum allein gelassen, der wohl orientalisches Gepräge trug, denn er wies die verschwenderische Fülle mehr oder weniger kostbarer Asienteppiche, mehrerer Ottomanen und jeden Schritt verschluckender Felle und Pelze, so dass er mehr einem Zelt als dem Zimmer einer deutschen Dutzendvilla glich, aber das Eigentümliche des Raumes wäre damit noch keineswegs bezeichnet gewesen.",bezeichnet,MRW,indirect
422,64,"Dann aber sah ich mich plötzlich in einem Raum allein gelassen, der wohl orientalisches Gepräge trug, denn er wies die verschwenderische Fülle mehr oder weniger kostbarer Asienteppiche, mehrerer Ottomanen und jeden Schritt verschluckender Felle und Pelze, so dass er mehr einem Zelt als dem Zimmer einer deutschen Dutzendvilla glich, aber das Eigentümliche des Raumes wäre damit noch keineswegs bezeichnet gewesen.",gewesen,Non-MRW,Non-MRW
428,0,Und die kleine Stadt mit ihren stillen weißen Straßen.,Und,Non-MRW,Non-MRW
428,1,Und die kleine Stadt mit ihren stillen weißen Straßen.,die,Non-MRW,Non-MRW
428,2,Und die kleine Stadt mit ihren stillen weißen Straßen.,kleine,Non-MRW,Non-MRW
428,3,Und die kleine Stadt mit ihren stillen weißen Straßen.,Stadt,Non-MRW,Non-MRW
428,4,Und die kleine Stadt mit ihren stillen weißen Straßen.,mit,Non-MRW,Non-MRW
428,5,Und die kleine Stadt mit ihren stillen weißen Straßen.,ihren,Non-MRW,Non-MRW
428,6,Und die kleine Stadt mit ihren stillen weißen Straßen.,stillen,MRW,indirect
428,7,Und die kleine Stadt mit ihren stillen weißen Straßen.,weißen,Non-MRW,Non-MRW
428,8,Und die kleine Stadt mit ihren stillen weißen Straßen.,Straßen,Non-MRW,Non-MRW
492,0,Wir sehen vom Fenster aus alle Züge.,Wir,Non-MRW,Non-MRW
492,1,Wir sehen vom Fenster aus alle Züge.,sehen,Non-MRW,Non-MRW
492,2,Wir sehen vom Fenster aus alle Züge.,vom,Non-MRW,Non-MRW
492,3,Wir sehen vom Fenster aus alle Züge.,Fenster,Non-MRW,Non-MRW
492,4,Wir sehen vom Fenster aus alle Züge.,aus,Non-MRW,Non-MRW
492,5,Wir sehen vom Fenster aus alle Züge.,alle,Non-MRW,Non-MRW
492,6,Wir sehen vom Fenster aus alle Züge.,Züge,Non-MRW,Non-MRW
495,0,"O, stets dieses Grau der Brügger Straßen!",O,Non-MRW,Non-MRW
495,1,"O, stets dieses Grau der Brügger Straßen!",stets,Non-MRW,Non-MRW
495,2,"O, stets dieses Grau der Brügger Straßen!",dieses,Non-MRW,Non-MRW
495,3,"O, stets dieses Grau der Brügger Straßen!",Grau,WIDLII,WIDLII
495,4,"O, stets dieses Grau der Brügger Straßen!",der,Non-MRW,Non-MRW
495,5,"O, stets dieses Grau der Brügger Straßen!",Brügger,Non-MRW,Non-MRW
495,6,"O, stets dieses Grau der Brügger Straßen!",Straßen,Non-MRW,Non-MRW
560,0,"Ich sehe noch jetzt die finstere Souterrainstube, vor den Fenstern erblickte man die Beine der Vorübergehenden, nebenan war eine Schreinerwerkstatt, und man hörte das Kreischen des Hobels.",Ich,Non-MRW,Non-MRW
560,1,"Ich sehe noch jetzt die finstere Souterrainstube, vor den Fenstern erblickte man die Beine der Vorübergehenden, nebenan war eine Schreinerwerkstatt, und man hörte das Kreischen des Hobels.",sehe,MRW,indirect
560,2,"Ich sehe noch jetzt die finstere Souterrainstube, vor den Fenstern erblickte man die Beine der Vorübergehenden, nebenan war eine Schreinerwerkstatt, und man hörte das Kreischen des Hobels.",noch,Non-MRW,Non-MRW
560,3,"Ich sehe noch jetzt die finstere Souterrainstube, vor den Fenstern erblickte man die Beine der Vorübergehenden, nebenan war eine Schreinerwerkstatt, und man hörte das Kreischen des Hobels.",jetzt,Non-MRW,Non-MRW
560,4,"Ich sehe noch jetzt die finstere Souterrainstube, vor den Fenstern erblickte man die Beine der Vorübergehenden, nebenan war eine Schreinerwerkstatt, und man hörte das Kreischen des Hobels.",die,Non-MRW,Non-MRW
560,5,"Ich sehe noch jetzt die finstere Souterrainstube, vor den Fenstern erblickte man die Beine der Vorübergehenden, nebenan war eine Schreinerwerkstatt, und man hörte das Kreischen des Hobels.",finstere,Non-MRW,Non-MRW
560,6,"Ich sehe noch jetzt die finstere Souterrainstube, vor den Fenstern erblickte man die Beine der Vorübergehenden, nebenan war eine Schreinerwerkstatt, und man hörte das Kreischen des Hobels.",Souterrainstube,Non-MRW,Non-MRW
560,8,"Ich sehe noch jetzt die finstere Souterrainstube, vor den Fenstern erblickte man die Beine der Vorübergehenden, nebenan war eine Schreinerwerkstatt, und man hörte das Kreischen des Hobels.",vor,Non-MRW,Non-MRW
560,9,"Ich sehe noch jetzt die finstere Souterrainstube, vor den Fenstern erblickte man die Beine der Vorübergehenden, nebenan war eine Schreinerwerkstatt, und man hörte das Kreischen des Hobels.",den,Non-MRW,Non-MRW
560,10,"Ich sehe noch jetzt die finstere Souterrainstube, vor den Fenstern erblickte man die Beine der Vorübergehenden, nebenan war eine Schreinerwerkstatt, und man hörte das Kreischen des Hobels.",Fenstern,Non-MRW,Non-MRW
560,11,"Ich sehe noch jetzt die finstere Souterrainstube, vor den Fenstern erblickte man die Beine der Vorübergehenden, nebenan war eine Schreinerwerkstatt, und man hörte das Kreischen des Hobels.",erblickte,Non-MRW,Non-MRW
560,12,"Ich sehe noch jetzt die finstere Souterrainstube, vor den Fenstern erblickte man die Beine der Vorübergehenden, nebenan war eine Schreinerwerkstatt, und man hörte das Kreischen des Hobels.",man,Non-MRW,Non-MRW
560,13,"Ich sehe noch jetzt die finstere Souterrainstube, vor den Fenstern erblickte man die Beine der Vorübergehenden, nebenan war eine Schreinerwerkstatt, und man hörte das Kreischen des Hobels.",die,Non-MRW,Non-MRW
560,14,"Ich sehe noch jetzt die finstere Souterrainstube, vor den Fenstern erblickte man die Beine der Vorübergehenden, nebenan war eine Schreinerwerkstatt, und man hörte das Kreischen des Hobels.",Beine,Non-MRW,Non-MRW
560,15,"Ich sehe noch jetzt die finstere Souterrainstube, vor den Fenstern erblickte man die Beine der Vorübergehenden, nebenan war eine Schreinerwerkstatt, und man hörte das Kreischen des Hobels.",der,Non-MRW,Non-MRW
560,16,"Ich sehe noch jetzt die finstere Souterrainstube, vor den Fenstern erblickte man die Beine der Vorübergehenden, nebenan war eine Schreinerwerkstatt, und man hörte das Kreischen des Hobels.",Vorübergehenden,Non-MRW,Non-MRW
560,18,"Ich sehe noch jetzt die finstere Souterrainstube, vor den Fenstern erblickte man die Beine der Vorübergehenden, nebenan war eine Schreinerwerkstatt, und man hörte das Kreischen des Hobels.",nebenan,Non-MRW,Non-MRW
560,19,"Ich sehe noch jetzt die finstere Souterrainstube, vor den Fenstern erblickte man die Beine der Vorübergehenden, nebenan war eine Schreinerwerkstatt, und man hörte das Kreischen des Hobels.",war,Non-MRW,Non-MRW
560,20,"Ich sehe noch jetzt die finstere Souterrainstube, vor den Fenstern erblickte man die Beine der Vorübergehenden, nebenan war eine Schreinerwerkstatt, und man hörte das Kreischen des Hobels.",eine,Non-MRW,Non-MRW
560,21,"Ich sehe noch jetzt die finstere Souterrainstube, vor den Fenstern erblickte man die Beine der Vorübergehenden, nebenan war eine Schreinerwerkstatt, und man hörte das Kreischen des Hobels.",Schreinerwerkstatt,Non-MRW,Non-MRW
560,23,"Ich sehe noch jetzt die finstere Souterrainstube, vor den Fenstern erblickte man die Beine der Vorübergehenden, nebenan war eine Schreinerwerkstatt, und man hörte das Kreischen des Hobels.",und,Non-MRW,Non-MRW
560,24,"Ich sehe noch jetzt die finstere Souterrainstube, vor den Fenstern erblickte man die Beine der Vorübergehenden, nebenan war eine Schreinerwerkstatt, und man hörte das Kreischen des Hobels.",man,Non-MRW,Non-MRW
560,25,"Ich sehe noch jetzt die finstere Souterrainstube, vor den Fenstern erblickte man die Beine der Vorübergehenden, nebenan war eine Schreinerwerkstatt, und man hörte das Kreischen des Hobels.",hörte,Non-MRW,Non-MRW
560,26,"Ich sehe noch jetzt die finstere Souterrainstube, vor den Fenstern erblickte man die Beine der Vorübergehenden, nebenan war eine Schreinerwerkstatt, und man hörte das Kreischen des Hobels.",das,Non-MRW,Non-MRW
560,27,"Ich sehe noch jetzt die finstere Souterrainstube, vor den Fenstern erblickte man die Beine der Vorübergehenden, nebenan war eine Schreinerwerkstatt, und man hörte das Kreischen des Hobels.",Kreischen,MRW,indirect
560,28,"Ich sehe noch jetzt die finstere Souterrainstube, vor den Fenstern erblickte man die Beine der Vorübergehenden, nebenan war eine Schreinerwerkstatt, und man hörte das Kreischen des Hobels.",des,Non-MRW,Non-MRW
560,29,"Ich sehe noch jetzt die finstere Souterrainstube, vor den Fenstern erblickte man die Beine der Vorübergehenden, nebenan war eine Schreinerwerkstatt, und man hörte das Kreischen des Hobels.",Hobels,Non-MRW,Non-MRW
589,0,"Tiefe Stille lag über den Straßen der Hauptstadt, aber nicht die friedliche, erquickende Feiertagsruhe, wie sie voll heiliger Klarheit über Wald und Flur ausgebreitet liegt, sondern eine dumpfe Regungslosigkeit, ein Schweigen, wie dasjenige schwerster Erschöpfung, wie eine Todmüdigkeit, welche mit halboffenen Augen in bleiernen Schlaf sinkt.",Tiefe,MRW,indirect
589,1,"Tiefe Stille lag über den Straßen der Hauptstadt, aber nicht die friedliche, erquickende Feiertagsruhe, wie sie voll heiliger Klarheit über Wald und Flur ausgebreitet liegt, sondern eine dumpfe Regungslosigkeit, ein Schweigen, wie dasjenige schwerster Erschöpfung, wie eine Todmüdigkeit, welche mit halboffenen Augen in bleiernen Schlaf sinkt.",Stille,Non-MRW,Non-MRW
589,2,"Tiefe Stille lag über den Straßen der Hauptstadt, aber nicht die friedliche, erquickende Feiertagsruhe, wie sie voll heiliger Klarheit über Wald und Flur ausgebreitet liegt, sondern eine dumpfe Regungslosigkeit, ein Schweigen, wie dasjenige schwerster Erschöpfung, wie eine Todmüdigkeit, welche mit halboffenen Augen in bleiernen Schlaf sinkt.",lag,MRW,indirect
589,3,"Tiefe Stille lag über den Straßen der Hauptstadt, aber nicht die friedliche, erquickende Feiertagsruhe, wie sie voll heiliger Klarheit über Wald und Flur ausgebreitet liegt, sondern eine dumpfe Regungslosigkeit, ein Schweigen, wie dasjenige schwerster Erschöpfung, wie eine Todmüdigkeit, welche mit halboffenen Augen in bleiernen Schlaf sinkt.",über,MRW,indirect
589,4,"Tiefe Stille lag über den Straßen der Hauptstadt, aber nicht die friedliche, erquickende Feiertagsruhe, wie sie voll heiliger Klarheit über Wald und Flur ausgebreitet liegt, sondern eine dumpfe Regungslosigkeit, ein Schweigen, wie dasjenige schwerster Erschöpfung, wie eine Todmüdigkeit, welche mit halboffenen Augen in bleiernen Schlaf sinkt.",den,Non-MRW,Non-MRW
589,5,"Tiefe Stille lag über den Straßen der Hauptstadt, aber nicht die friedliche, erquickende Feiertagsruhe, wie sie voll heiliger Klarheit über Wald und Flur ausgebreitet liegt, sondern eine dumpfe Regungslosigkeit, ein Schweigen, wie dasjenige schwerster Erschöpfung, wie eine Todmüdigkeit, welche mit halboffenen Augen in bleiernen Schlaf sinkt.",Straßen,Non-MRW,Non-MRW
589,6,"Tiefe Stille lag über den Straßen der Hauptstadt, aber nicht die friedliche, erquickende Feiertagsruhe, wie sie voll heiliger Klarheit über Wald und Flur ausgebreitet liegt, sondern eine dumpfe Regungslosigkeit, ein Schweigen, wie dasjenige schwerster Erschöpfung, wie eine Todmüdigkeit, welche mit halboffenen Augen in bleiernen Schlaf sinkt.",der,Non-MRW,Non-MRW
589,7,"Tiefe Stille lag über den Straßen der Hauptstadt, aber nicht die friedliche, erquickende Feiertagsruhe, wie sie voll heiliger Klarheit über Wald und Flur ausgebreitet liegt, sondern eine dumpfe Regungslosigkeit, ein Schweigen, wie dasjenige schwerster Erschöpfung, wie eine Todmüdigkeit, welche mit halboffenen Augen in bleiernen Schlaf sinkt.",Hauptstadt,Non-MRW,Non-MRW
589,9,"Tiefe Stille lag über den Straßen der Hauptstadt, aber nicht die friedliche, erquickende Feiertagsruhe, wie sie voll heiliger Klarheit über Wald und Flur ausgebreitet liegt, sondern eine dumpfe Regungslosigkeit, ein Schweigen, wie dasjenige schwerster Erschöpfung, wie eine Todmüdigkeit, welche mit halboffenen Augen in bleiernen Schlaf sinkt.",aber,Non-MRW,Non-MRW
589,10,"Tiefe Stille lag über den Straßen der Hauptstadt, aber nicht die friedliche, erquickende Feiertagsruhe, wie sie voll heiliger Klarheit über Wald und Flur ausgebreitet liegt, sondern eine dumpfe Regungslosigkeit, ein Schweigen, wie dasjenige schwerster Erschöpfung, wie eine Todmüdigkeit, welche mit halboffenen Augen in bleiernen Schlaf sinkt.",nicht,Non-MRW,Non-MRW
589,11,"Tiefe Stille lag über den Straßen der Hauptstadt, aber nicht die friedliche, erquickende Feiertagsruhe, wie sie voll heiliger Klarheit über Wald und Flur ausgebreitet liegt, sondern eine dumpfe Regungslosigkeit, ein Schweigen, wie dasjenige schwerster Erschöpfung, wie eine Todmüdigkeit, welche mit halboffenen Augen in bleiernen Schlaf sinkt.",die,Non-MRW,Non-MRW
589,12,"Tiefe Stille lag über den Straßen der Hauptstadt, aber nicht die friedliche, erquickende Feiertagsruhe, wie sie voll heiliger Klarheit über Wald und Flur ausgebreitet liegt, sondern eine dumpfe Regungslosigkeit, ein Schweigen, wie dasjenige schwerster Erschöpfung, wie eine Todmüdigkeit, welche mit halboffenen Augen in bleiernen Schlaf sinkt.",friedliche,MRW,indirect
589,14,"Tiefe Stille lag über den Straßen der Hauptstadt, aber nicht die friedliche, erquickende Feiertagsruhe, wie sie voll heiliger Klarheit über Wald und Flur ausgebreitet liegt, sondern eine dumpfe Regungslosigkeit, ein Schweigen, wie dasjenige schwerster Erschöpfung, wie eine Todmüdigkeit, welche mit halboffenen Augen in bleiernen Schlaf sinkt.",erquickende,Non-MRW,Non-MRW
589,15,"Tiefe Stille lag über den Straßen der Hauptstadt, aber nicht die friedliche, erquickende Feiertagsruhe, wie sie voll heiliger Klarheit über Wald und Flur ausgebreitet liegt, sondern eine dumpfe Regungslosigkeit, ein Schweigen, wie dasjenige schwerster Erschöpfung, wie eine Todmüdigkeit, welche mit halboffenen Augen in bleiernen Schlaf sinkt.",Feiertagsruhe,Non-MRW,Non-MRW
589,17,"Tiefe Stille lag über den Straßen der Hauptstadt, aber nicht die friedliche, erquickende Feiertagsruhe, wie sie voll heiliger Klarheit über Wald und Flur ausgebreitet liegt, sondern eine dumpfe Regungslosigkeit, ein Schweigen, wie dasjenige schwerster Erschöpfung, wie eine Todmüdigkeit, welche mit halboffenen Augen in bleiernen Schlaf sinkt.",wie,Non-MRW,Non-MRW
589,18,"Tiefe Stille lag über den Straßen der Hauptstadt, aber nicht die friedliche, erquickende Feiertagsruhe, wie sie voll heiliger Klarheit über Wald und Flur ausgebreitet liegt, sondern eine dumpfe Regungslosigkeit, ein Schweigen, wie dasjenige schwerster Erschöpfung, wie eine Todmüdigkeit, welche mit halboffenen Augen in bleiernen Schlaf sinkt.",sie,Non-MRW,Non-MRW
589,19,"Tiefe Stille lag über den Straßen der Hauptstadt, aber nicht die friedliche, erquickende Feiertagsruhe, wie sie voll heiliger Klarheit über Wald und Flur ausgebreitet liegt, sondern eine dumpfe Regungslosigkeit, ein Schweigen, wie dasjenige schwerster Erschöpfung, wie eine Todmüdigkeit, welche mit halboffenen Augen in bleiernen Schlaf sinkt.",voll,MRW,indirect
589,20,"Tiefe Stille lag über den Straßen der Hauptstadt, aber nicht die friedliche, erquickende Feiertagsruhe, wie sie voll heiliger Klarheit über Wald und Flur ausgebreitet liegt, sondern eine dumpfe Regungslosigkeit, ein Schweigen, wie dasjenige schwerster Erschöpfung, wie eine Todmüdigkeit, welche mit halboffenen Augen in bleiernen Schlaf sinkt.",heiliger,MRW,indirect
589,21,"Tiefe Stille lag über den Straßen der Hauptstadt, aber nicht die friedliche, erquickende Feiertagsruhe, wie sie voll heiliger Klarheit über Wald und Flur ausgebreitet liegt, sondern eine dumpfe Regungslosigkeit, ein Schweigen, wie dasjenige schwerster Erschöpfung, wie eine Todmüdigkeit, welche mit halboffenen Augen in bleiernen Schlaf sinkt.",Klarheit,MRW,indirect
589,22,"Tiefe Stille lag über den Straßen der Hauptstadt, aber nicht die friedliche, erquickende Feiertagsruhe, wie sie voll heiliger Klarheit über Wald und Flur ausgebreitet liegt, sondern eine dumpfe Regungslosigkeit, ein Schweigen, wie dasjenige schwerster Erschöpfung, wie eine Todmüdigkeit, welche mit halboffenen Augen in bleiernen Schlaf sinkt.",über,MRW,indirect
589,23,"Tiefe Stille lag über den Straßen der Hauptstadt, aber nicht die friedliche, erquickende Feiertagsruhe, wie sie voll heiliger Klarheit über Wald und Flur ausgebreitet liegt, sondern eine dumpfe Regungslosigkeit, ein Schweigen, wie dasjenige schwerster Erschöpfung, wie eine Todmüdigkeit, welche mit halboffenen Augen in bleiernen Schlaf sinkt.",Wald,Non-MRW,Non-MRW
589,24,"Tiefe Stille lag über den Straßen der Hauptstadt, aber nicht die friedliche, erquickende Feiertagsruhe, wie sie voll heiliger Klarheit über Wald und Flur ausgebreitet liegt, sondern eine dumpfe Regungslosigkeit, ein Schweigen, wie dasjenige schwerster Erschöpfung, wie eine Todmüdigkeit, welche mit halboffenen Augen in bleiernen Schlaf sinkt.",und,Non-MRW,Non-MRW
589,25,"Tiefe Stille lag über den Straßen der Hauptstadt, aber nicht die friedliche, erquickende Feiertagsruhe, wie sie voll heiliger Klarheit über Wald und Flur ausgebreitet liegt, sondern eine dumpfe Regungslosigkeit, ein Schweigen, wie dasjenige schwerster Erschöpfung, wie eine Todmüdigkeit, welche mit halboffenen Augen in bleiernen Schlaf sinkt.",Flur,Non-MRW,Non-MRW
589,26,"Tiefe Stille lag über den Straßen der Hauptstadt, aber nicht die friedliche, erquickende Feiertagsruhe, wie sie voll heiliger Klarheit über Wald und Flur ausgebreitet liegt, sondern eine dumpfe Regungslosigkeit, ein Schweigen, wie dasjenige schwerster Erschöpfung, wie eine Todmüdigkeit, welche mit halboffenen Augen in bleiernen Schlaf sinkt.",ausgebreitet,MRW,indirect
589,27,"Tiefe Stille lag über den Straßen der Hauptstadt, aber nicht die friedliche, erquickende Feiertagsruhe, wie sie voll heiliger Klarheit über Wald und Flur ausgebreitet liegt, sondern eine dumpfe Regungslosigkeit, ein Schweigen, wie dasjenige schwerster Erschöpfung, wie eine Todmüdigkeit, welche mit halboffenen Augen in bleiernen Schlaf sinkt.",liegt,MRW,indirect
589,29,"Tiefe Stille lag über den Straßen der Hauptstadt, aber nicht die friedliche, erquickende Feiertagsruhe, wie sie voll heiliger Klarheit über Wald und Flur ausgebreitet liegt, sondern eine dumpfe Regungslosigkeit, ein Schweigen, wie dasjenige schwerster Erschöpfung, wie eine Todmüdigkeit, welche mit halboffenen Augen in bleiernen Schlaf sinkt.",sondern,Non-MRW,Non-MRW
589,30,"Tiefe Stille lag über den Straßen der Hauptstadt, aber nicht die friedliche, erquickende Feiertagsruhe, wie sie voll heiliger Klarheit über Wald und Flur ausgebreitet liegt, sondern eine dumpfe Regungslosigkeit, ein Schweigen, wie dasjenige schwerster Erschöpfung, wie eine Todmüdigkeit, welche mit halboffenen Augen in bleiernen Schlaf sinkt.",eine,Non-MRW,Non-MRW
589,31,"Tiefe Stille lag über den Straßen der Hauptstadt, aber nicht die friedliche, erquickende Feiertagsruhe, wie sie voll heiliger Klarheit über Wald und Flur ausgebreitet liegt, sondern eine dumpfe Regungslosigkeit, ein Schweigen, wie dasjenige schwerster Erschöpfung, wie eine Todmüdigkeit, welche mit halboffenen Augen in bleiernen Schlaf sinkt.",dumpfe,MRW,indirect
589,32,"Tiefe Stille lag über den Straßen der Hauptstadt, aber nicht die friedliche, erquickende Feiertagsruhe, wie sie voll heiliger Klarheit über Wald und Flur ausgebreitet liegt, sondern eine dumpfe Regungslosigkeit, ein Schweigen, wie dasjenige schwerster Erschöpfung, wie eine Todmüdigkeit, welche mit halboffenen Augen in bleiernen Schlaf sinkt.",Regungslosigkeit,MRW,indirect
589,34,"Tiefe Stille lag über den Straßen der Hauptstadt, aber nicht die friedliche, erquickende Feiertagsruhe, wie sie voll heiliger Klarheit über Wald und Flur ausgebreitet liegt, sondern eine dumpfe Regungslosigkeit, ein Schweigen, wie dasjenige schwerster Erschöpfung, wie eine Todmüdigkeit, welche mit halboffenen Augen in bleiernen Schlaf sinkt.",ein,Non-MRW,Non-MRW
589,35,"Tiefe Stille lag über den Straßen der Hauptstadt, aber nicht die friedliche, erquickende Feiertagsruhe, wie sie voll heiliger Klarheit über Wald und Flur ausgebreitet liegt, sondern eine dumpfe Regungslosigkeit, ein Schweigen, wie dasjenige schwerster Erschöpfung, wie eine Todmüdigkeit, welche mit halboffenen Augen in bleiernen Schlaf sinkt.",Schweigen,MRW,indirect
589,37,"Tiefe Stille lag über den Straßen der Hauptstadt, aber nicht die friedliche, erquickende Feiertagsruhe, wie sie voll heiliger Klarheit über Wald und Flur ausgebreitet liegt, sondern eine dumpfe Regungslosigkeit, ein Schweigen, wie dasjenige schwerster Erschöpfung, wie eine Todmüdigkeit, welche mit halboffenen Augen in bleiernen Schlaf sinkt.",wie,Mflag,Mflag
589,38,"Tiefe Stille lag über den Straßen der Hauptstadt, aber nicht die friedliche, erquickende Feiertagsruhe, wie sie voll heiliger Klarheit über Wald und Flur ausgebreitet liegt, sondern eine dumpfe Regungslosigkeit, ein Schweigen, wie dasjenige schwerster Erschöpfung, wie eine Todmüdigkeit, welche mit halboffenen Augen in bleiernen Schlaf sinkt.",dasjenige,MRW,STOPWORD
589,39,"Tiefe Stille lag über den Straßen der Hauptstadt, aber nicht die friedliche, erquickende Feiertagsruhe, wie sie voll heiliger Klarheit über Wald und Flur ausgebreitet liegt, sondern eine dumpfe Regungslosigkeit, ein Schweigen, wie dasjenige schwerster Erschöpfung, wie eine Todmüdigkeit, welche mit halboffenen Augen in bleiernen Schlaf sinkt.",schwerster,MRW,direct
589,40,"Tiefe Stille lag über den Straßen der Hauptstadt, aber nicht die friedliche, erquickende Feiertagsruhe, wie sie voll heiliger Klarheit über Wald und Flur ausgebreitet liegt, sondern eine dumpfe Regungslosigkeit, ein Schweigen, wie dasjenige schwerster Erschöpfung, wie eine Todmüdigkeit, welche mit halboffenen Augen in bleiernen Schlaf sinkt.",Erschöpfung,MRW,direct
589,42,"Tiefe Stille lag über den Straßen der Hauptstadt, aber nicht die friedliche, erquickende Feiertagsruhe, wie sie voll heiliger Klarheit über Wald und Flur ausgebreitet liegt, sondern eine dumpfe Regungslosigkeit, ein Schweigen, wie dasjenige schwerster Erschöpfung, wie eine Todmüdigkeit, welche mit halboffenen Augen in bleiernen Schlaf sinkt.",wie,Mflag,Mflag
589,43,"Tiefe Stille lag über den Straßen der Hauptstadt, aber nicht die friedliche, erquickende Feiertagsruhe, wie sie voll heiliger Klarheit über Wald und Flur ausgebreitet liegt, sondern eine dumpfe Regungslosigkeit, ein Schweigen, wie dasjenige schwerster Erschöpfung, wie eine Todmüdigkeit, welche mit halboffenen Augen in bleiernen Schlaf sinkt.",eine,MRW,STOPWORD
589,44,"Tiefe Stille lag über den Straßen der Hauptstadt, aber nicht die friedliche, erquickende Feiertagsruhe, wie sie voll heiliger Klarheit über Wald und Flur ausgebreitet liegt, sondern eine dumpfe Regungslosigkeit, ein Schweigen, wie dasjenige schwerster Erschöpfung, wie eine Todmüdigkeit, welche mit halboffenen Augen in bleiernen Schlaf sinkt.",Todmüdigkeit,MRW,direct
589,46,"Tiefe Stille lag über den Straßen der Hauptstadt, aber nicht die friedliche, erquickende Feiertagsruhe, wie sie voll heiliger Klarheit über Wald und Flur ausgebreitet liegt, sondern eine dumpfe Regungslosigkeit, ein Schweigen, wie dasjenige schwerster Erschöpfung, wie eine Todmüdigkeit, welche mit halboffenen Augen in bleiernen Schlaf sinkt.",welche,MRW,STOPWORD
589,47,"Tiefe Stille lag über den Straßen der Hauptstadt, aber nicht die friedliche, erquickende Feiertagsruhe, wie sie voll heiliger Klarheit über Wald und Flur ausgebreitet liegt, sondern eine dumpfe Regungslosigkeit, ein Schweigen, wie dasjenige schwerster Erschöpfung, wie eine Todmüdigkeit, welche mit halboffenen Augen in bleiernen Schlaf sinkt.",mit,MRW,STOPWORD
589,48,"Tiefe Stille lag über den Straßen der Hauptstadt, aber nicht die friedliche, erquickende Feiertagsruhe, wie sie voll heiliger Klarheit über Wald und Flur ausgebreitet liegt, sondern eine dumpfe Regungslosigkeit, ein Schweigen, wie dasjenige schwerster Erschöpfung, wie eine Todmüdigkeit, welche mit halboffenen Augen in bleiernen Schlaf sinkt.",halboffenen,MRW,direct
589,49,"Tiefe Stille lag über den Straßen der Hauptstadt, aber nicht die friedliche, erquickende Feiertagsruhe, wie sie voll heiliger Klarheit über Wald und Flur ausgebreitet liegt, sondern eine dumpfe Regungslosigkeit, ein Schweigen, wie dasjenige schwerster Erschöpfung, wie eine Todmüdigkeit, welche mit halboffenen Augen in bleiernen Schlaf sinkt.",Augen,MRW,direct
589,50,"Tiefe Stille lag über den Straßen der Hauptstadt, aber nicht die friedliche, erquickende Feiertagsruhe, wie sie voll heiliger Klarheit über Wald und Flur ausgebreitet liegt, sondern eine dumpfe Regungslosigkeit, ein Schweigen, wie dasjenige schwerster Erschöpfung, wie eine Todmüdigkeit, welche mit halboffenen Augen in bleiernen Schlaf sinkt.",in,MRW,STOPWORD
589,51,"Tiefe Stille lag über den Straßen der Hauptstadt, aber nicht die friedliche, erquickende Feiertagsruhe, wie sie voll heiliger Klarheit über Wald und Flur ausgebreitet liegt, sondern eine dumpfe Regungslosigkeit, ein Schweigen, wie dasjenige schwerster Erschöpfung, wie eine Todmüdigkeit, welche mit halboffenen Augen in bleiernen Schlaf sinkt.",bleiernen,MRW,direct
589,52,"Tiefe Stille lag über den Straßen der Hauptstadt, aber nicht die friedliche, erquickende Feiertagsruhe, wie sie voll heiliger Klarheit über Wald und Flur ausgebreitet liegt, sondern eine dumpfe Regungslosigkeit, ein Schweigen, wie dasjenige schwerster Erschöpfung, wie eine Todmüdigkeit, welche mit halboffenen Augen in bleiernen Schlaf sinkt.",Schlaf,MRW,direct
589,53,"Tiefe Stille lag über den Straßen der Hauptstadt, aber nicht die friedliche, erquickende Feiertagsruhe, wie sie voll heiliger Klarheit über Wald und Flur ausgebreitet liegt, sondern eine dumpfe Regungslosigkeit, ein Schweigen, wie dasjenige schwerster Erschöpfung, wie eine Todmüdigkeit, welche mit halboffenen Augen in bleiernen Schlaf sinkt.",sinkt,MRW,direct
619,0,Und der Schnitter Jauchzen erklang ringsum in den Rebengeländen von Rüdesheim und Johannisberg.,Und,Non-MRW,Non-MRW
619,1,Und der Schnitter Jauchzen erklang ringsum in den Rebengeländen von Rüdesheim und Johannisberg.,der,Non-MRW,Non-MRW
619,2,Und der Schnitter Jauchzen erklang ringsum in den Rebengeländen von Rüdesheim und Johannisberg.,Schnitter,Non-MRW,Non-MRW
619,3,Und der Schnitter Jauchzen erklang ringsum in den Rebengeländen von Rüdesheim und Johannisberg.,Jauchzen,Non-MRW,Non-MRW
619,4,Und der Schnitter Jauchzen erklang ringsum in den Rebengeländen von Rüdesheim und Johannisberg.,erklang,Non-MRW,Non-MRW
619,5,Und der Schnitter Jauchzen erklang ringsum in den Rebengeländen von Rüdesheim und Johannisberg.,ringsum,Non-MRW,Non-MRW
619,6,Und der Schnitter Jauchzen erklang ringsum in den Rebengeländen von Rüdesheim und Johannisberg.,in,Non-MRW,Non-MRW
619,7,Und der Schnitter Jauchzen erklang ringsum in den Rebengeländen von Rüdesheim und Johannisberg.,den,Non-MRW,Non-MRW
619,8,Und der Schnitter Jauchzen erklang ringsum in den Rebengeländen von Rüdesheim und Johannisberg.,Rebengeländen,Non-MRW,Non-MRW
619,9,Und der Schnitter Jauchzen erklang ringsum in den Rebengeländen von Rüdesheim und Johannisberg.,von,Non-MRW,Non-MRW
619,10,Und der Schnitter Jauchzen erklang ringsum in den Rebengeländen von Rüdesheim und Johannisberg.,Rüdesheim,Non-MRW,Non-MRW
619,11,Und der Schnitter Jauchzen erklang ringsum in den Rebengeländen von Rüdesheim und Johannisberg.,und,Non-MRW,Non-MRW
619,12,Und der Schnitter Jauchzen erklang ringsum in den Rebengeländen von Rüdesheim und Johannisberg.,Johannisberg,Non-MRW,Non-MRW
627,0,"Es war ein düsterer Novembertag, der Wind fegte über den Hof, rüttelte an den Türen und dem Leiterwagen, der die Tote zu ihrer letzten Ruhe in die Kirche zu Holleby bringen sollte.",Es,Non-MRW,Non-MRW
627,1,"Es war ein düsterer Novembertag, der Wind fegte über den Hof, rüttelte an den Türen und dem Leiterwagen, der die Tote zu ihrer letzten Ruhe in die Kirche zu Holleby bringen sollte.",war,Non-MRW,Non-MRW
627,2,"Es war ein düsterer Novembertag, der Wind fegte über den Hof, rüttelte an den Türen und dem Leiterwagen, der die Tote zu ihrer letzten Ruhe in die Kirche zu Holleby bringen sollte.",ein,Non-MRW,Non-MRW
627,3,"Es war ein düsterer Novembertag, der Wind fegte über den Hof, rüttelte an den Türen und dem Leiterwagen, der die Tote zu ihrer letzten Ruhe in die Kirche zu Holleby bringen sollte.",düsterer,Non-MRW,Non-MRW
627,4,"Es war ein düsterer Novembertag, der Wind fegte über den Hof, rüttelte an den Türen und dem Leiterwagen, der die Tote zu ihrer letzten Ruhe in die Kirche zu Holleby bringen sollte.",Novembertag,Non-MRW,Non-MRW
627,5,"Es war ein düsterer Novembertag, der Wind fegte über den Hof, rüttelte an den Türen und dem Leiterwagen, der die Tote zu ihrer letzten Ruhe in die Kirche zu Holleby bringen sollte.",der,Non-MRW,Non-MRW
627,6,"Es war ein düsterer Novembertag, der Wind fegte über den Hof, rüttelte an den Türen und dem Leiterwagen, der die Tote zu ihrer letzten Ruhe in die Kirche zu Holleby bringen sollte.",Wind,Non-MRW,Non-MRW
627,7,"Es war ein düsterer Novembertag, der Wind fegte über den Hof, rüttelte an den Türen und dem Leiterwagen, der die Tote zu ihrer letzten Ruhe in die Kirche zu Holleby bringen sollte.",fegte,MRW,indirect
627,8,"Es war ein düsterer Novembertag, der Wind fegte über den Hof, rüttelte an den Türen und dem Leiterwagen, der die Tote zu ihrer letzten Ruhe in die Kirche zu Holleby bringen sollte.",über,Non-MRW,Non-MRW
627,9,"Es war ein düsterer Novembertag, der Wind fegte über den Hof, rüttelte an den Türen und dem Leiterwagen, der die Tote zu ihrer letzten Ruhe in die Kirche zu Holleby bringen sollte.",den,Non-MRW,Non-MRW
627,10,"Es war ein düsterer Novembertag, der Wind fegte über den Hof, rüttelte an den Türen und dem Leiterwagen, der die Tote zu ihrer letzten Ruhe in die Kirche zu Holleby bringen sollte.",Hof,Non-MRW,Non-MRW
627,11,"Es war ein düsterer Novembertag, der Wind fegte über den Hof, rüttelte an den Türen und dem Leiterwagen, der die Tote zu ihrer letzten Ruhe in die Kirche zu Holleby bringen sollte.",rüttelte,MRW,indirect
627,12,"Es war ein düsterer Novembertag, der Wind fegte über den Hof, rüttelte an den Türen und dem Leiterwagen, der die Tote zu ihrer letzten Ruhe in die Kirche zu Holleby bringen sollte.",an,Non-MRW,Non-MRW
627,13,"Es war ein düsterer Novembertag, der Wind fegte über den Hof, rüttelte an den Türen und dem Leiterwagen, der die Tote zu ihrer letzten Ruhe in die Kirche zu Holleby bringen sollte.",den,Non-MRW,Non-MRW
627,14,"Es war ein düsterer Novembertag, der Wind fegte über den Hof, rüttelte an den Türen und dem Leiterwagen, der die Tote zu ihrer letzten Ruhe in die Kirche zu Holleby bringen sollte.",Türen,Non-MRW,Non-MRW
627,15,"Es war ein düsterer Novembertag, der Wind fegte über den Hof, rüttelte an den Türen und dem Leiterwagen, der die Tote zu ihrer letzten Ruhe in die Kirche zu Holleby bringen sollte.",und,Non-MRW,Non-MRW
627,16,"Es war ein düsterer Novembertag, der Wind fegte über den Hof, rüttelte an den Türen und dem Leiterwagen, der die Tote zu ihrer letzten Ruhe in die Kirche zu Holleby bringen sollte.",dem,Non-MRW,Non-MRW
627,17,"Es war ein düsterer Novembertag, der Wind fegte über den Hof, rüttelte an den Türen und dem Leiterwagen, der die Tote zu ihrer letzten Ruhe in die Kirche zu Holleby bringen sollte.",Leiterwagen,Non-MRW,Non-MRW
627,18,"Es war ein düsterer Novembertag, der Wind fegte über den Hof, rüttelte an den Türen und dem Leiterwagen, der die Tote zu ihrer letzten Ruhe in die Kirche zu Holleby bringen sollte.",der,Non-MRW,Non-MRW
627,19,"Es war ein düsterer Novembertag, der Wind fegte über den Hof, rüttelte an den Türen und dem Leiterwagen, der die Tote zu ihrer letzten Ruhe in die Kirche zu Holleby bringen sollte.",die,Non-MRW,Non-MRW
627,20,"Es war ein düsterer Novembertag, der Wind fegte über den Hof, rüttelte an den Türen und dem Leiterwagen, der die Tote zu ihrer letzten Ruhe in die Kirche zu Holleby bringen sollte.",Tote,Non-MRW,Non-MRW
627,21,"Es war ein düsterer Novembertag, der Wind fegte über den Hof, rüttelte an den Türen und dem Leiterwagen, der die Tote zu ihrer letzten Ruhe in die Kirche zu Holleby bringen sollte.",zu,Non-MRW,Non-MRW
627,22,"Es war ein düsterer Novembertag, der Wind fegte über den Hof, rüttelte an den Türen und dem Leiterwagen, der die Tote zu ihrer letzten Ruhe in die Kirche zu Holleby bringen sollte.",ihrer,Non-MRW,Non-MRW
627,23,"Es war ein düsterer Novembertag, der Wind fegte über den Hof, rüttelte an den Türen und dem Leiterwagen, der die Tote zu ihrer letzten Ruhe in die Kirche zu Holleby bringen sollte.",letzten,MRW,indirect
627,24,"Es war ein düsterer Novembertag, der Wind fegte über den Hof, rüttelte an den Türen und dem Leiterwagen, der die Tote zu ihrer letzten Ruhe in die Kirche zu Holleby bringen sollte.",Ruhe,MWE,MWE
627,25,"Es war ein düsterer Novembertag, der Wind fegte über den Hof, rüttelte an den Türen und dem Leiterwagen, der die Tote zu ihrer letzten Ruhe in die Kirche zu Holleby bringen sollte.",in,Non-MRW,Non-MRW
627,26,"Es war ein düsterer Novembertag, der Wind fegte über den Hof, rüttelte an den Türen und dem Leiterwagen, der die Tote zu ihrer letzten Ruhe in die Kirche zu Holleby bringen sollte.",die,Non-MRW,Non-MRW
627,27,"Es war ein düsterer Novembertag, der Wind fegte über den Hof, rüttelte an den Türen und dem Leiterwagen, der die Tote zu ihrer letzten Ruhe in die Kirche zu Holleby bringen sollte.",Kirche,Non-MRW,Non-MRW
627,28,"Es war ein düsterer Novembertag, der Wind fegte über den Hof, rüttelte an den Türen und dem Leiterwagen, der die Tote zu ihrer letzten Ruhe in die Kirche zu Holleby bringen sollte.",zu,Non-MRW,Non-MRW
627,29,"Es war ein düsterer Novembertag, der Wind fegte über den Hof, rüttelte an den Türen und dem Leiterwagen, der die Tote zu ihrer letzten Ruhe in die Kirche zu Holleby bringen sollte.",Holleby,Non-MRW,Non-MRW
627,30,"Es war ein düsterer Novembertag, der Wind fegte über den Hof, rüttelte an den Türen und dem Leiterwagen, der die Tote zu ihrer letzten Ruhe in die Kirche zu Holleby bringen sollte.",bringen,Non-MRW,Non-MRW
627,31,"Es war ein düsterer Novembertag, der Wind fegte über den Hof, rüttelte an den Türen und dem Leiterwagen, der die Tote zu ihrer letzten Ruhe in die Kirche zu Holleby bringen sollte.",sollte,Non-MRW,Non-MRW
633,0,"Du kennst das Theater nur von außen und weißt, dass es ein Gebäude ist mit vielen Türen und vorne mit Säulen.",Du,Non-MRW,Non-MRW
633,1,"Du kennst das Theater nur von außen und weißt, dass es ein Gebäude ist mit vielen Türen und vorne mit Säulen.",kennst,Non-MRW,Non-MRW
633,2,"Du kennst das Theater nur von außen und weißt, dass es ein Gebäude ist mit vielen Türen und vorne mit Säulen.",das,Non-MRW,Non-MRW
633,3,"Du kennst das Theater nur von außen und weißt, dass es ein Gebäude ist mit vielen Türen und vorne mit Säulen.",Theater,Non-MRW,Non-MRW
633,4,"Du kennst das Theater nur von außen und weißt, dass es ein Gebäude ist mit vielen Türen und vorne mit Säulen.",nur,Non-MRW,Non-MRW
633,5,"Du kennst das Theater nur von außen und weißt, dass es ein Gebäude ist mit vielen Türen und vorne mit Säulen.",von,Non-MRW,Non-MRW
633,6,"Du kennst das Theater nur von außen und weißt, dass es ein Gebäude ist mit vielen Türen und vorne mit Säulen.",außen,Non-MRW,Non-MRW
633,7,"Du kennst das Theater nur von außen und weißt, dass es ein Gebäude ist mit vielen Türen und vorne mit Säulen.",und,Non-MRW,Non-MRW
633,8,"Du kennst das Theater nur von außen und weißt, dass es ein Gebäude ist mit vielen Türen und vorne mit Säulen.",weißt,Non-MRW,Non-MRW
633,9,"Du kennst das Theater nur von außen und weißt, dass es ein Gebäude ist mit vielen Türen und vorne mit Säulen.",dass,Non-MRW,Non-MRW
633,10,"Du kennst das Theater nur von außen und weißt, dass es ein Gebäude ist mit vielen Türen und vorne mit Säulen.",es,Non-MRW,Non-MRW
633,11,"Du kennst das Theater nur von außen und weißt, dass es ein Gebäude ist mit vielen Türen und vorne mit Säulen.",ein,Non-MRW,Non-MRW
633,12,"Du kennst das Theater nur von außen und weißt, dass es ein Gebäude ist mit vielen Türen und vorne mit Säulen.",Gebäude,Non-MRW,Non-MRW
633,13,"Du kennst das Theater nur von außen und weißt, dass es ein Gebäude ist mit vielen Türen und vorne mit Säulen.",ist,Non-MRW,Non-MRW
633,14,"Du kennst das Theater nur von außen und weißt, dass es ein Gebäude ist mit vielen Türen und vorne mit Säulen.",mit,Non-MRW,Non-MRW
633,15,"Du kennst das Theater nur von außen und weißt, dass es ein Gebäude ist mit vielen Türen und vorne mit Säulen.",vielen,Non-MRW,Non-MRW
633,16,"Du kennst das Theater nur von außen und weißt, dass es ein Gebäude ist mit vielen Türen und vorne mit Säulen.",Türen,Non-MRW,Non-MRW
633,17,"Du kennst das Theater nur von außen und weißt, dass es ein Gebäude ist mit vielen Türen und vorne mit Säulen.",und,Non-MRW,Non-MRW
633,18,"Du kennst das Theater nur von außen und weißt, dass es ein Gebäude ist mit vielen Türen und vorne mit Säulen.",vorne,Non-MRW,Non-MRW
633,19,"Du kennst das Theater nur von außen und weißt, dass es ein Gebäude ist mit vielen Türen und vorne mit Säulen.",mit,Non-MRW,Non-MRW
633,20,"Du kennst das Theater nur von außen und weißt, dass es ein Gebäude ist mit vielen Türen und vorne mit Säulen.",Säulen,Non-MRW,Non-MRW
694,0,"Da sind kleine Plätzchen, von einer Laterne notdürftig beleuchtet, man sieht grade eine Strecke Wegs von ein paar Metern, die ist leer; um ein anderes Licht sind Menschen versammelt, die bereden etwas; weiter oben rollt ein Automobil langsam und vorsichtig die beleuchtete Straße entlang, dann verschwindet es; da sucht eines mit zwei Glotzaugen den dunklen Weg ab; hier liegt eine beleuchtete Halle; da ist ein Haus mit rötlich-gelblichen Lichtern; da eins mit weißen; in der Ferne verdämmern andere; ein Brückchen führt über einen kleinen Abgrund; bis weit ins Land kann man sehen, und oben auf den Bergen wohnen auch Menschen und blinken Lichter.",Da,Non-MRW,Non-MRW
694,1,"Da sind kleine Plätzchen, von einer Laterne notdürftig beleuchtet, man sieht grade eine Strecke Wegs von ein paar Metern, die ist leer; um ein anderes Licht sind Menschen versammelt, die bereden etwas; weiter oben rollt ein Automobil langsam und vorsichtig die beleuchtete Straße entlang, dann verschwindet es; da sucht eines mit zwei Glotzaugen den dunklen Weg ab; hier liegt eine beleuchtete Halle; da ist ein Haus mit rötlich-gelblichen Lichtern; da eins mit weißen; in der Ferne verdämmern andere; ein Brückchen führt über einen kleinen Abgrund; bis weit ins Land kann man sehen, und oben auf den Bergen wohnen auch Menschen und blinken Lichter.",sind,Non-MRW,Non-MRW
694,2,"Da sind kleine Plätzchen, von einer Laterne notdürftig beleuchtet, man sieht grade eine Strecke Wegs von ein paar Metern, die ist leer; um ein anderes Licht sind Menschen versammelt, die bereden etwas; weiter oben rollt ein Automobil langsam und vorsichtig die beleuchtete Straße entlang, dann verschwindet es; da sucht eines mit zwei Glotzaugen den dunklen Weg ab; hier liegt eine beleuchtete Halle; da ist ein Haus mit rötlich-gelblichen Lichtern; da eins mit weißen; in der Ferne verdämmern andere; ein Brückchen führt über einen kleinen Abgrund; bis weit ins Land kann man sehen, und oben auf den Bergen wohnen auch Menschen und blinken Lichter.",kleine,Non-MRW,Non-MRW
694,3,"Da sind kleine Plätzchen, von einer Laterne notdürftig beleuchtet, man sieht grade eine Strecke Wegs von ein paar Metern, die ist leer; um ein anderes Licht sind Menschen versammelt, die bereden etwas; weiter oben rollt ein Automobil langsam und vorsichtig die beleuchtete Straße entlang, dann verschwindet es; da sucht eines mit zwei Glotzaugen den dunklen Weg ab; hier liegt eine beleuchtete Halle; da ist ein Haus mit rötlich-gelblichen Lichtern; da eins mit weißen; in der Ferne verdämmern andere; ein Brückchen führt über einen kleinen Abgrund; bis weit ins Land kann man sehen, und oben auf den Bergen wohnen auch Menschen und blinken Lichter.",Plätzchen,Non-MRW,Non-MRW
694,4,"Da sind kleine Plätzchen, von einer Laterne notdürftig beleuchtet, man sieht grade eine Strecke Wegs von ein paar Metern, die ist leer; um ein anderes Licht sind Menschen versammelt, die bereden etwas; weiter oben rollt ein Automobil langsam und vorsichtig die beleuchtete Straße entlang, dann verschwindet es; da sucht eines mit zwei Glotzaugen den dunklen Weg ab; hier liegt eine beleuchtete Halle; da ist ein Haus mit rötlich-gelblichen Lichtern; da eins mit weißen; in der Ferne verdämmern andere; ein Brückchen führt über einen kleinen Abgrund; bis weit ins Land kann man sehen, und oben auf den Bergen wohnen auch Menschen und blinken Lichter.",von,Non-MRW,Non-MRW
694,5,"Da sind kleine Plätzchen, von einer Laterne notdürftig beleuchtet, man sieht grade eine Strecke Wegs von ein paar Metern, die ist leer; um ein anderes Licht sind Menschen versammelt, die bereden etwas; weiter oben rollt ein Automobil langsam und vorsichtig die beleuchtete Straße entlang, dann verschwindet es; da sucht eines mit zwei Glotzaugen den dunklen Weg ab; hier liegt eine beleuchtete Halle; da ist ein Haus mit rötlich-gelblichen Lichtern; da eins mit weißen; in der Ferne verdämmern andere; ein Brückchen führt über einen kleinen Abgrund; bis weit ins Land kann man sehen, und oben auf den Bergen wohnen auch Menschen und blinken Lichter.",einer,Non-MRW,Non-MRW
694,6,"Da sind kleine Plätzchen, von einer Laterne notdürftig beleuchtet, man sieht grade eine Strecke Wegs von ein paar Metern, die ist leer; um ein anderes Licht sind Menschen versammelt, die bereden etwas; weiter oben rollt ein Automobil langsam und vorsichtig die beleuchtete Straße entlang, dann verschwindet es; da sucht eines mit zwei Glotzaugen den dunklen Weg ab; hier liegt eine beleuchtete Halle; da ist ein Haus mit rötlich-gelblichen Lichtern; da eins mit weißen; in der Ferne verdämmern andere; ein Brückchen führt über einen kleinen Abgrund; bis weit ins Land kann man sehen, und oben auf den Bergen wohnen auch Menschen und blinken Lichter.",Laterne,Non-MRW,Non-MRW
694,7,"Da sind kleine Plätzchen, von einer Laterne notdürftig beleuchtet, man sieht grade eine Strecke Wegs von ein paar Metern, die ist leer; um ein anderes Licht sind Menschen versammelt, die bereden etwas; weiter oben rollt ein Automobil langsam und vorsichtig die beleuchtete Straße entlang, dann verschwindet es; da sucht eines mit zwei Glotzaugen den dunklen Weg ab; hier liegt eine beleuchtete Halle; da ist ein Haus mit rötlich-gelblichen Lichtern; da eins mit weißen; in der Ferne verdämmern andere; ein Brückchen führt über einen kleinen Abgrund; bis weit ins Land kann man sehen, und oben auf den Bergen wohnen auch Menschen und blinken Lichter.",notdürftig,Non-MRW,Non-MRW
694,8,"Da sind kleine Plätzchen, von einer Laterne notdürftig beleuchtet, man sieht grade eine Strecke Wegs von ein paar Metern, die ist leer; um ein anderes Licht sind Menschen versammelt, die bereden etwas; weiter oben rollt ein Automobil langsam und vorsichtig die beleuchtete Straße entlang, dann verschwindet es; da sucht eines mit zwei Glotzaugen den dunklen Weg ab; hier liegt eine beleuchtete Halle; da ist ein Haus mit rötlich-gelblichen Lichtern; da eins mit weißen; in der Ferne verdämmern andere; ein Brückchen führt über einen kleinen Abgrund; bis weit ins Land kann man sehen, und oben auf den Bergen wohnen auch Menschen und blinken Lichter.",beleuchtet,Non-MRW,Non-MRW
694,9,"Da sind kleine Plätzchen, von einer Laterne notdürftig beleuchtet, man sieht grade eine Strecke Wegs von ein paar Metern, die ist leer; um ein anderes Licht sind Menschen versammelt, die bereden etwas; weiter oben rollt ein Automobil langsam und vorsichtig die beleuchtete Straße entlang, dann verschwindet es; da sucht eines mit zwei Glotzaugen den dunklen Weg ab; hier liegt eine beleuchtete Halle; da ist ein Haus mit rötlich-gelblichen Lichtern; da eins mit weißen; in der Ferne verdämmern andere; ein Brückchen führt über einen kleinen Abgrund; bis weit ins Land kann man sehen, und oben auf den Bergen wohnen auch Menschen und blinken Lichter.",man,Non-MRW,Non-MRW
694,10,"Da sind kleine Plätzchen, von einer Laterne notdürftig beleuchtet, man sieht grade eine Strecke Wegs von ein paar Metern, die ist leer; um ein anderes Licht sind Menschen versammelt, die bereden etwas; weiter oben rollt ein Automobil langsam und vorsichtig die beleuchtete Straße entlang, dann verschwindet es; da sucht eines mit zwei Glotzaugen den dunklen Weg ab; hier liegt eine beleuchtete Halle; da ist ein Haus mit rötlich-gelblichen Lichtern; da eins mit weißen; in der Ferne verdämmern andere; ein Brückchen führt über einen kleinen Abgrund; bis weit ins Land kann man sehen, und oben auf den Bergen wohnen auch Menschen und blinken Lichter.",sieht,Non-MRW,Non-MRW
694,11,"Da sind kleine Plätzchen, von einer Laterne notdürftig beleuchtet, man sieht grade eine Strecke Wegs von ein paar Metern, die ist leer; um ein anderes Licht sind Menschen versammelt, die bereden etwas; weiter oben rollt ein Automobil langsam und vorsichtig die beleuchtete Straße entlang, dann verschwindet es; da sucht eines mit zwei Glotzaugen den dunklen Weg ab; hier liegt eine beleuchtete Halle; da ist ein Haus mit rötlich-gelblichen Lichtern; da eins mit weißen; in der Ferne verdämmern andere; ein Brückchen führt über einen kleinen Abgrund; bis weit ins Land kann man sehen, und oben auf den Bergen wohnen auch Menschen und blinken Lichter.",grade,Non-MRW,Non-MRW
694,12,"Da sind kleine Plätzchen, von einer Laterne notdürftig beleuchtet, man sieht grade eine Strecke Wegs von ein paar Metern, die ist leer; um ein anderes Licht sind Menschen versammelt, die bereden etwas; weiter oben rollt ein Automobil langsam und vorsichtig die beleuchtete Straße entlang, dann verschwindet es; da sucht eines mit zwei Glotzaugen den dunklen Weg ab; hier liegt eine beleuchtete Halle; da ist ein Haus mit rötlich-gelblichen Lichtern; da eins mit weißen; in der Ferne verdämmern andere; ein Brückchen führt über einen kleinen Abgrund; bis weit ins Land kann man sehen, und oben auf den Bergen wohnen auch Menschen und blinken Lichter.",eine,Non-MRW,Non-MRW
694,13,"Da sind kleine Plätzchen, von einer Laterne notdürftig beleuchtet, man sieht grade eine Strecke Wegs von ein paar Metern, die ist leer; um ein anderes Licht sind Menschen versammelt, die bereden etwas; weiter oben rollt ein Automobil langsam und vorsichtig die beleuchtete Straße entlang, dann verschwindet es; da sucht eines mit zwei Glotzaugen den dunklen Weg ab; hier liegt eine beleuchtete Halle; da ist ein Haus mit rötlich-gelblichen Lichtern; da eins mit weißen; in der Ferne verdämmern andere; ein Brückchen führt über einen kleinen Abgrund; bis weit ins Land kann man sehen, und oben auf den Bergen wohnen auch Menschen und blinken Lichter.",Strecke,Non-MRW,Non-MRW
694,14,"Da sind kleine Plätzchen, von einer Laterne notdürftig beleuchtet, man sieht grade eine Strecke Wegs von ein paar Metern, die ist leer; um ein anderes Licht sind Menschen versammelt, die bereden etwas; weiter oben rollt ein Automobil langsam und vorsichtig die beleuchtete Straße entlang, dann verschwindet es; da sucht eines mit zwei Glotzaugen den dunklen Weg ab; hier liegt eine beleuchtete Halle; da ist ein Haus mit rötlich-gelblichen Lichtern; da eins mit weißen; in der Ferne verdämmern andere; ein Brückchen führt über einen kleinen Abgrund; bis weit ins Land kann man sehen, und oben auf den Bergen wohnen auch Menschen und blinken Lichter.",Wegs,Non-MRW,Non-MRW
694,15,"Da sind kleine Plätzchen, von einer Laterne notdürftig beleuchtet, man sieht grade eine Strecke Wegs von ein paar Metern, die ist leer; um ein anderes Licht sind Menschen versammelt, die bereden etwas; weiter oben rollt ein Automobil langsam und vorsichtig die beleuchtete Straße entlang, dann verschwindet es; da sucht eines mit zwei Glotzaugen den dunklen Weg ab; hier liegt eine beleuchtete Halle; da ist ein Haus mit rötlich-gelblichen Lichtern; da eins mit weißen; in der Ferne verdämmern andere; ein Brückchen führt über einen kleinen Abgrund; bis weit ins Land kann man sehen, und oben auf den Bergen wohnen auch Menschen und blinken Lichter.",von,Non-MRW,Non-MRW
694,16,"Da sind kleine Plätzchen, von einer Laterne notdürftig beleuchtet, man sieht grade eine Strecke Wegs von ein paar Metern, die ist leer; um ein anderes Licht sind Menschen versammelt, die bereden etwas; weiter oben rollt ein Automobil langsam und vorsichtig die beleuchtete Straße entlang, dann verschwindet es; da sucht eines mit zwei Glotzaugen den dunklen Weg ab; hier liegt eine beleuchtete Halle; da ist ein Haus mit rötlich-gelblichen Lichtern; da eins mit weißen; in der Ferne verdämmern andere; ein Brückchen führt über einen kleinen Abgrund; bis weit ins Land kann man sehen, und oben auf den Bergen wohnen auch Menschen und blinken Lichter.",ein,Non-MRW,Non-MRW
694,17,"Da sind kleine Plätzchen, von einer Laterne notdürftig beleuchtet, man sieht grade eine Strecke Wegs von ein paar Metern, die ist leer; um ein anderes Licht sind Menschen versammelt, die bereden etwas; weiter oben rollt ein Automobil langsam und vorsichtig die beleuchtete Straße entlang, dann verschwindet es; da sucht eines mit zwei Glotzaugen den dunklen Weg ab; hier liegt eine beleuchtete Halle; da ist ein Haus mit rötlich-gelblichen Lichtern; da eins mit weißen; in der Ferne verdämmern andere; ein Brückchen führt über einen kleinen Abgrund; bis weit ins Land kann man sehen, und oben auf den Bergen wohnen auch Menschen und blinken Lichter.",paar,Non-MRW,Non-MRW
694,18,"Da sind kleine Plätzchen, von einer Laterne notdürftig beleuchtet, man sieht grade eine Strecke Wegs von ein paar Metern, die ist leer; um ein anderes Licht sind Menschen versammelt, die bereden etwas; weiter oben rollt ein Automobil langsam und vorsichtig die beleuchtete Straße entlang, dann verschwindet es; da sucht eines mit zwei Glotzaugen den dunklen Weg ab; hier liegt eine beleuchtete Halle; da ist ein Haus mit rötlich-gelblichen Lichtern; da eins mit weißen; in der Ferne verdämmern andere; ein Brückchen führt über einen kleinen Abgrund; bis weit ins Land kann man sehen, und oben auf den Bergen wohnen auch Menschen und blinken Lichter.",Metern,WIDLII,WIDLII
694,19,"Da sind kleine Plätzchen, von einer Laterne notdürftig beleuchtet, man sieht grade eine Strecke Wegs von ein paar Metern, die ist leer; um ein anderes Licht sind Menschen versammelt, die bereden etwas; weiter oben rollt ein Automobil langsam und vorsichtig die beleuchtete Straße entlang, dann verschwindet es; da sucht eines mit zwei Glotzaugen den dunklen Weg ab; hier liegt eine beleuchtete Halle; da ist ein Haus mit rötlich-gelblichen Lichtern; da eins mit weißen; in der Ferne verdämmern andere; ein Brückchen führt über einen kleinen Abgrund; bis weit ins Land kann man sehen, und oben auf den Bergen wohnen auch Menschen und blinken Lichter.",die,Non-MRW,Non-MRW
694,20,"Da sind kleine Plätzchen, von einer Laterne notdürftig beleuchtet, man sieht grade eine Strecke Wegs von ein paar Metern, die ist leer; um ein anderes Licht sind Menschen versammelt, die bereden etwas; weiter oben rollt ein Automobil langsam und vorsichtig die beleuchtete Straße entlang, dann verschwindet es; da sucht eines mit zwei Glotzaugen den dunklen Weg ab; hier liegt eine beleuchtete Halle; da ist ein Haus mit rötlich-gelblichen Lichtern; da eins mit weißen; in der Ferne verdämmern andere; ein Brückchen führt über einen kleinen Abgrund; bis weit ins Land kann man sehen, und oben auf den Bergen wohnen auch Menschen und blinken Lichter.",ist,Non-MRW,Non-MRW
694,21,"Da sind kleine Plätzchen, von einer Laterne notdürftig beleuchtet, man sieht grade eine Strecke Wegs von ein paar Metern, die ist leer; um ein anderes Licht sind Menschen versammelt, die bereden etwas; weiter oben rollt ein Automobil langsam und vorsichtig die beleuchtete Straße entlang, dann verschwindet es; da sucht eines mit zwei Glotzaugen den dunklen Weg ab; hier liegt eine beleuchtete Halle; da ist ein Haus mit rötlich-gelblichen Lichtern; da eins mit weißen; in der Ferne verdämmern andere; ein Brückchen führt über einen kleinen Abgrund; bis weit ins Land kann man sehen, und oben auf den Bergen wohnen auch Menschen und blinken Lichter.",leer,Non-MRW,Non-MRW
694,22,"Da sind kleine Plätzchen, von einer Laterne notdürftig beleuchtet, man sieht grade eine Strecke Wegs von ein paar Metern, die ist leer; um ein anderes Licht sind Menschen versammelt, die bereden etwas; weiter oben rollt ein Automobil langsam und vorsichtig die beleuchtete Straße entlang, dann verschwindet es; da sucht eines mit zwei Glotzaugen den dunklen Weg ab; hier liegt eine beleuchtete Halle; da ist ein Haus mit rötlich-gelblichen Lichtern; da eins mit weißen; in der Ferne verdämmern andere; ein Brückchen führt über einen kleinen Abgrund; bis weit ins Land kann man sehen, und oben auf den Bergen wohnen auch Menschen und blinken Lichter.",um,Non-MRW,Non-MRW
694,23,"Da sind kleine Plätzchen, von einer Laterne notdürftig beleuchtet, man sieht grade eine Strecke Wegs von ein paar Metern, die ist leer; um ein anderes Licht sind Menschen versammelt, die bereden etwas; weiter oben rollt ein Automobil langsam und vorsichtig die beleuchtete Straße entlang, dann verschwindet es; da sucht eines mit zwei Glotzaugen den dunklen Weg ab; hier liegt eine beleuchtete Halle; da ist ein Haus mit rötlich-gelblichen Lichtern; da eins mit weißen; in der Ferne verdämmern andere; ein Brückchen führt über einen kleinen Abgrund; bis weit ins Land kann man sehen, und oben auf den Bergen wohnen auch Menschen und blinken Lichter.",ein,Non-MRW,Non-MRW
694,24,"Da sind kleine Plätzchen, von einer Laterne notdürftig beleuchtet, man sieht grade eine Strecke Wegs von ein paar Metern, die ist leer; um ein anderes Licht sind Menschen versammelt, die bereden etwas; weiter oben rollt ein Automobil langsam und vorsichtig die beleuchtete Straße entlang, dann verschwindet es; da sucht eines mit zwei Glotzaugen den dunklen Weg ab; hier liegt eine beleuchtete Halle; da ist ein Haus mit rötlich-gelblichen Lichtern; da eins mit weißen; in der Ferne verdämmern andere; ein Brückchen führt über einen kleinen Abgrund; bis weit ins Land kann man sehen, und oben auf den Bergen wohnen auch Menschen und blinken Lichter.",anderes,Non-MRW,Non-MRW
694,25,"Da sind kleine Plätzchen, von einer Laterne notdürftig beleuchtet, man sieht grade eine Strecke Wegs von ein paar Metern, die ist leer; um ein anderes Licht sind Menschen versammelt, die bereden etwas; weiter oben rollt ein Automobil langsam und vorsichtig die beleuchtete Straße entlang, dann verschwindet es; da sucht eines mit zwei Glotzaugen den dunklen Weg ab; hier liegt eine beleuchtete Halle; da ist ein Haus mit rötlich-gelblichen Lichtern; da eins mit weißen; in der Ferne verdämmern andere; ein Brückchen führt über einen kleinen Abgrund; bis weit ins Land kann man sehen, und oben auf den Bergen wohnen auch Menschen und blinken Lichter.",Licht,WIDLII,WIDLII
694,26,"Da sind kleine Plätzchen, von einer Laterne notdürftig beleuchtet, man sieht grade eine Strecke Wegs von ein paar Metern, die ist leer; um ein anderes Licht sind Menschen versammelt, die bereden etwas; weiter oben rollt ein Automobil langsam und vorsichtig die beleuchtete Straße entlang, dann verschwindet es; da sucht eines mit zwei Glotzaugen den dunklen Weg ab; hier liegt eine beleuchtete Halle; da ist ein Haus mit rötlich-gelblichen Lichtern; da eins mit weißen; in der Ferne verdämmern andere; ein Brückchen führt über einen kleinen Abgrund; bis weit ins Land kann man sehen, und oben auf den Bergen wohnen auch Menschen und blinken Lichter.",sind,Non-MRW,Non-MRW
694,27,"Da sind kleine Plätzchen, von einer Laterne notdürftig beleuchtet, man sieht grade eine Strecke Wegs von ein paar Metern, die ist leer; um ein anderes Licht sind Menschen versammelt, die bereden etwas; weiter oben rollt ein Automobil langsam und vorsichtig die beleuchtete Straße entlang, dann verschwindet es; da sucht eines mit zwei Glotzaugen den dunklen Weg ab; hier liegt eine beleuchtete Halle; da ist ein Haus mit rötlich-gelblichen Lichtern; da eins mit weißen; in der Ferne verdämmern andere; ein Brückchen führt über einen kleinen Abgrund; bis weit ins Land kann man sehen, und oben auf den Bergen wohnen auch Menschen und blinken Lichter.",Menschen,Non-MRW,Non-MRW
694,28,"Da sind kleine Plätzchen, von einer Laterne notdürftig beleuchtet, man sieht grade eine Strecke Wegs von ein paar Metern, die ist leer; um ein anderes Licht sind Menschen versammelt, die bereden etwas; weiter oben rollt ein Automobil langsam und vorsichtig die beleuchtete Straße entlang, dann verschwindet es; da sucht eines mit zwei Glotzaugen den dunklen Weg ab; hier liegt eine beleuchtete Halle; da ist ein Haus mit rötlich-gelblichen Lichtern; da eins mit weißen; in der Ferne verdämmern andere; ein Brückchen führt über einen kleinen Abgrund; bis weit ins Land kann man sehen, und oben auf den Bergen wohnen auch Menschen und blinken Lichter.",versammelt,Non-MRW,Non-MRW
694,29,"Da sind kleine Plätzchen, von einer Laterne notdürftig beleuchtet, man sieht grade eine Strecke Wegs von ein paar Metern, die ist leer; um ein anderes Licht sind Menschen versammelt, die bereden etwas; weiter oben rollt ein Automobil langsam und vorsichtig die beleuchtete Straße entlang, dann verschwindet es; da sucht eines mit zwei Glotzaugen den dunklen Weg ab; hier liegt eine beleuchtete Halle; da ist ein Haus mit rötlich-gelblichen Lichtern; da eins mit weißen; in der Ferne verdämmern andere; ein Brückchen führt über einen kleinen Abgrund; bis weit ins Land kann man sehen, und oben auf den Bergen wohnen auch Menschen und blinken Lichter.",die,Non-MRW,Non-MRW
694,30,"Da sind kleine Plätzchen, von einer Laterne notdürftig beleuchtet, man sieht grade eine Strecke Wegs von ein paar Metern, die ist leer; um ein anderes Licht sind Menschen versammelt, die bereden etwas; weiter oben rollt ein Automobil langsam und vorsichtig die beleuchtete Straße entlang, dann verschwindet es; da sucht eines mit zwei Glotzaugen den dunklen Weg ab; hier liegt eine beleuchtete Halle; da ist ein Haus mit rötlich-gelblichen Lichtern; da eins mit weißen; in der Ferne verdämmern andere; ein Brückchen führt über einen kleinen Abgrund; bis weit ins Land kann man sehen, und oben auf den Bergen wohnen auch Menschen und blinken Lichter.",bereden,Non-MRW,Non-MRW
694,31,"Da sind kleine Plätzchen, von einer Laterne notdürftig beleuchtet, man sieht grade eine Strecke Wegs von ein paar Metern, die ist leer; um ein anderes Licht sind Menschen versammelt, die bereden etwas; weiter oben rollt ein Automobil langsam und vorsichtig die beleuchtete Straße entlang, dann verschwindet es; da sucht eines mit zwei Glotzaugen den dunklen Weg ab; hier liegt eine beleuchtete Halle; da ist ein Haus mit rötlich-gelblichen Lichtern; da eins mit weißen; in der Ferne verdämmern andere; ein Brückchen führt über einen kleinen Abgrund; bis weit ins Land kann man sehen, und oben auf den Bergen wohnen auch Menschen und blinken Lichter.",etwas,Non-MRW,Non-MRW
694,32,"Da sind kleine Plätzchen, von einer Laterne notdürftig beleuchtet, man sieht grade eine Strecke Wegs von ein paar Metern, die ist leer; um ein anderes Licht sind Menschen versammelt, die bereden etwas; weiter oben rollt ein Automobil langsam und vorsichtig die beleuchtete Straße entlang, dann verschwindet es; da sucht eines mit zwei Glotzaugen den dunklen Weg ab; hier liegt eine beleuchtete Halle; da ist ein Haus mit rötlich-gelblichen Lichtern; da eins mit weißen; in der Ferne verdämmern andere; ein Brückchen führt über einen kleinen Abgrund; bis weit ins Land kann man sehen, und oben auf den Bergen wohnen auch Menschen und blinken Lichter.",weiter,Non-MRW,Non-MRW
694,33,"Da sind kleine Plätzchen, von einer Laterne notdürftig beleuchtet, man sieht grade eine Strecke Wegs von ein paar Metern, die ist leer; um ein anderes Licht sind Menschen versammelt, die bereden etwas; weiter oben rollt ein Automobil langsam und vorsichtig die beleuchtete Straße entlang, dann verschwindet es; da sucht eines mit zwei Glotzaugen den dunklen Weg ab; hier liegt eine beleuchtete Halle; da ist ein Haus mit rötlich-gelblichen Lichtern; da eins mit weißen; in der Ferne verdämmern andere; ein Brückchen führt über einen kleinen Abgrund; bis weit ins Land kann man sehen, und oben auf den Bergen wohnen auch Menschen und blinken Lichter.",oben,Non-MRW,Non-MRW
694,34,"Da sind kleine Plätzchen, von einer Laterne notdürftig beleuchtet, man sieht grade eine Strecke Wegs von ein paar Metern, die ist leer; um ein anderes Licht sind Menschen versammelt, die bereden etwas; weiter oben rollt ein Automobil langsam und vorsichtig die beleuchtete Straße entlang, dann verschwindet es; da sucht eines mit zwei Glotzaugen den dunklen Weg ab; hier liegt eine beleuchtete Halle; da ist ein Haus mit rötlich-gelblichen Lichtern; da eins mit weißen; in der Ferne verdämmern andere; ein Brückchen führt über einen kleinen Abgrund; bis weit ins Land kann man sehen, und oben auf den Bergen wohnen auch Menschen und blinken Lichter.",rollt,Non-MRW,Non-MRW
694,35,"Da sind kleine Plätzchen, von einer Laterne notdürftig beleuchtet, man sieht grade eine Strecke Wegs von ein paar Metern, die ist leer; um ein anderes Licht sind Menschen versammelt, die bereden etwas; weiter oben rollt ein Automobil langsam und vorsichtig die beleuchtete Straße entlang, dann verschwindet es; da sucht eines mit zwei Glotzaugen den dunklen Weg ab; hier liegt eine beleuchtete Halle; da ist ein Haus mit rötlich-gelblichen Lichtern; da eins mit weißen; in der Ferne verdämmern andere; ein Brückchen führt über einen kleinen Abgrund; bis weit ins Land kann man sehen, und oben auf den Bergen wohnen auch Menschen und blinken Lichter.",ein,Non-MRW,Non-MRW
694,36,"Da sind kleine Plätzchen, von einer Laterne notdürftig beleuchtet, man sieht grade eine Strecke Wegs von ein paar Metern, die ist leer; um ein anderes Licht sind Menschen versammelt, die bereden etwas; weiter oben rollt ein Automobil langsam und vorsichtig die beleuchtete Straße entlang, dann verschwindet es; da sucht eines mit zwei Glotzaugen den dunklen Weg ab; hier liegt eine beleuchtete Halle; da ist ein Haus mit rötlich-gelblichen Lichtern; da eins mit weißen; in der Ferne verdämmern andere; ein Brückchen führt über einen kleinen Abgrund; bis weit ins Land kann man sehen, und oben auf den Bergen wohnen auch Menschen und blinken Lichter.",Automobil,Non-MRW,Non-MRW
694,37,"Da sind kleine Plätzchen, von einer Laterne notdürftig beleuchtet, man sieht grade eine Strecke Wegs von ein paar Metern, die ist leer; um ein anderes Licht sind Menschen versammelt, die bereden etwas; weiter oben rollt ein Automobil langsam und vorsichtig die beleuchtete Straße entlang, dann verschwindet es; da sucht eines mit zwei Glotzaugen den dunklen Weg ab; hier liegt eine beleuchtete Halle; da ist ein Haus mit rötlich-gelblichen Lichtern; da eins mit weißen; in der Ferne verdämmern andere; ein Brückchen führt über einen kleinen Abgrund; bis weit ins Land kann man sehen, und oben auf den Bergen wohnen auch Menschen und blinken Lichter.",langsam,Non-MRW,Non-MRW
694,38,"Da sind kleine Plätzchen, von einer Laterne notdürftig beleuchtet, man sieht grade eine Strecke Wegs von ein paar Metern, die ist leer; um ein anderes Licht sind Menschen versammelt, die bereden etwas; weiter oben rollt ein Automobil langsam und vorsichtig die beleuchtete Straße entlang, dann verschwindet es; da sucht eines mit zwei Glotzaugen den dunklen Weg ab; hier liegt eine beleuchtete Halle; da ist ein Haus mit rötlich-gelblichen Lichtern; da eins mit weißen; in der Ferne verdämmern andere; ein Brückchen führt über einen kleinen Abgrund; bis weit ins Land kann man sehen, und oben auf den Bergen wohnen auch Menschen und blinken Lichter.",und,Non-MRW,Non-MRW
694,39,"Da sind kleine Plätzchen, von einer Laterne notdürftig beleuchtet, man sieht grade eine Strecke Wegs von ein paar Metern, die ist leer; um ein anderes Licht sind Menschen versammelt, die bereden etwas; weiter oben rollt ein Automobil langsam und vorsichtig die beleuchtete Straße entlang, dann verschwindet es; da sucht eines mit zwei Glotzaugen den dunklen Weg ab; hier liegt eine beleuchtete Halle; da ist ein Haus mit rötlich-gelblichen Lichtern; da eins mit weißen; in der Ferne verdämmern andere; ein Brückchen führt über einen kleinen Abgrund; bis weit ins Land kann man sehen, und oben auf den Bergen wohnen auch Menschen und blinken Lichter.",vorsichtig,MRW,indirect
694,40,"Da sind kleine Plätzchen, von einer Laterne notdürftig beleuchtet, man sieht grade eine Strecke Wegs von ein paar Metern, die ist leer; um ein anderes Licht sind Menschen versammelt, die bereden etwas; weiter oben rollt ein Automobil langsam und vorsichtig die beleuchtete Straße entlang, dann verschwindet es; da sucht eines mit zwei Glotzaugen den dunklen Weg ab; hier liegt eine beleuchtete Halle; da ist ein Haus mit rötlich-gelblichen Lichtern; da eins mit weißen; in der Ferne verdämmern andere; ein Brückchen führt über einen kleinen Abgrund; bis weit ins Land kann man sehen, und oben auf den Bergen wohnen auch Menschen und blinken Lichter.",die,Non-MRW,Non-MRW
694,41,"Da sind kleine Plätzchen, von einer Laterne notdürftig beleuchtet, man sieht grade eine Strecke Wegs von ein paar Metern, die ist leer; um ein anderes Licht sind Menschen versammelt, die bereden etwas; weiter oben rollt ein Automobil langsam und vorsichtig die beleuchtete Straße entlang, dann verschwindet es; da sucht eines mit zwei Glotzaugen den dunklen Weg ab; hier liegt eine beleuchtete Halle; da ist ein Haus mit rötlich-gelblichen Lichtern; da eins mit weißen; in der Ferne verdämmern andere; ein Brückchen führt über einen kleinen Abgrund; bis weit ins Land kann man sehen, und oben auf den Bergen wohnen auch Menschen und blinken Lichter.",beleuchtete,Non-MRW,Non-MRW
694,42,"Da sind kleine Plätzchen, von einer Laterne notdürftig beleuchtet, man sieht grade eine Strecke Wegs von ein paar Metern, die ist leer; um ein anderes Licht sind Menschen versammelt, die bereden etwas; weiter oben rollt ein Automobil langsam und vorsichtig die beleuchtete Straße entlang, dann verschwindet es; da sucht eines mit zwei Glotzaugen den dunklen Weg ab; hier liegt eine beleuchtete Halle; da ist ein Haus mit rötlich-gelblichen Lichtern; da eins mit weißen; in der Ferne verdämmern andere; ein Brückchen führt über einen kleinen Abgrund; bis weit ins Land kann man sehen, und oben auf den Bergen wohnen auch Menschen und blinken Lichter.",Straße,Non-MRW,Non-MRW
694,43,"Da sind kleine Plätzchen, von einer Laterne notdürftig beleuchtet, man sieht grade eine Strecke Wegs von ein paar Metern, die ist leer; um ein anderes Licht sind Menschen versammelt, die bereden etwas; weiter oben rollt ein Automobil langsam und vorsichtig die beleuchtete Straße entlang, dann verschwindet es; da sucht eines mit zwei Glotzaugen den dunklen Weg ab; hier liegt eine beleuchtete Halle; da ist ein Haus mit rötlich-gelblichen Lichtern; da eins mit weißen; in der Ferne verdämmern andere; ein Brückchen führt über einen kleinen Abgrund; bis weit ins Land kann man sehen, und oben auf den Bergen wohnen auch Menschen und blinken Lichter.",entlang,Non-MRW,Non-MRW
694,44,"Da sind kleine Plätzchen, von einer Laterne notdürftig beleuchtet, man sieht grade eine Strecke Wegs von ein paar Metern, die ist leer; um ein anderes Licht sind Menschen versammelt, die bereden etwas; weiter oben rollt ein Automobil langsam und vorsichtig die beleuchtete Straße entlang, dann verschwindet es; da sucht eines mit zwei Glotzaugen den dunklen Weg ab; hier liegt eine beleuchtete Halle; da ist ein Haus mit rötlich-gelblichen Lichtern; da eins mit weißen; in der Ferne verdämmern andere; ein Brückchen führt über einen kleinen Abgrund; bis weit ins Land kann man sehen, und oben auf den Bergen wohnen auch Menschen und blinken Lichter.",dann,Non-MRW,Non-MRW
694,45,"Da sind kleine Plätzchen, von einer Laterne notdürftig beleuchtet, man sieht grade eine Strecke Wegs von ein paar Metern, die ist leer; um ein anderes Licht sind Menschen versammelt, die bereden etwas; weiter oben rollt ein Automobil langsam und vorsichtig die beleuchtete Straße entlang, dann verschwindet es; da sucht eines mit zwei Glotzaugen den dunklen Weg ab; hier liegt eine beleuchtete Halle; da ist ein Haus mit rötlich-gelblichen Lichtern; da eins mit weißen; in der Ferne verdämmern andere; ein Brückchen führt über einen kleinen Abgrund; bis weit ins Land kann man sehen, und oben auf den Bergen wohnen auch Menschen und blinken Lichter.",verschwindet,Non-MRW,Non-MRW
694,46,"Da sind kleine Plätzchen, von einer Laterne notdürftig beleuchtet, man sieht grade eine Strecke Wegs von ein paar Metern, die ist leer; um ein anderes Licht sind Menschen versammelt, die bereden etwas; weiter oben rollt ein Automobil langsam und vorsichtig die beleuchtete Straße entlang, dann verschwindet es; da sucht eines mit zwei Glotzaugen den dunklen Weg ab; hier liegt eine beleuchtete Halle; da ist ein Haus mit rötlich-gelblichen Lichtern; da eins mit weißen; in der Ferne verdämmern andere; ein Brückchen führt über einen kleinen Abgrund; bis weit ins Land kann man sehen, und oben auf den Bergen wohnen auch Menschen und blinken Lichter.",es,Non-MRW,Non-MRW
694,47,"Da sind kleine Plätzchen, von einer Laterne notdürftig beleuchtet, man sieht grade eine Strecke Wegs von ein paar Metern, die ist leer; um ein anderes Licht sind Menschen versammelt, die bereden etwas; weiter oben rollt ein Automobil langsam und vorsichtig die beleuchtete Straße entlang, dann verschwindet es; da sucht eines mit zwei Glotzaugen den dunklen Weg ab; hier liegt eine beleuchtete Halle; da ist ein Haus mit rötlich-gelblichen Lichtern; da eins mit weißen; in der Ferne verdämmern andere; ein Brückchen führt über einen kleinen Abgrund; bis weit ins Land kann man sehen, und oben auf den Bergen wohnen auch Menschen und blinken Lichter.",da,Non-MRW,Non-MRW
694,48,"Da sind kleine Plätzchen, von einer Laterne notdürftig beleuchtet, man sieht grade eine Strecke Wegs von ein paar Metern, die ist leer; um ein anderes Licht sind Menschen versammelt, die bereden etwas; weiter oben rollt ein Automobil langsam und vorsichtig die beleuchtete Straße entlang, dann verschwindet es; da sucht eines mit zwei Glotzaugen den dunklen Weg ab; hier liegt eine beleuchtete Halle; da ist ein Haus mit rötlich-gelblichen Lichtern; da eins mit weißen; in der Ferne verdämmern andere; ein Brückchen führt über einen kleinen Abgrund; bis weit ins Land kann man sehen, und oben auf den Bergen wohnen auch Menschen und blinken Lichter.",sucht,MRW,indirect
694,49,"Da sind kleine Plätzchen, von einer Laterne notdürftig beleuchtet, man sieht grade eine Strecke Wegs von ein paar Metern, die ist leer; um ein anderes Licht sind Menschen versammelt, die bereden etwas; weiter oben rollt ein Automobil langsam und vorsichtig die beleuchtete Straße entlang, dann verschwindet es; da sucht eines mit zwei Glotzaugen den dunklen Weg ab; hier liegt eine beleuchtete Halle; da ist ein Haus mit rötlich-gelblichen Lichtern; da eins mit weißen; in der Ferne verdämmern andere; ein Brückchen führt über einen kleinen Abgrund; bis weit ins Land kann man sehen, und oben auf den Bergen wohnen auch Menschen und blinken Lichter.",eines,Non-MRW,Non-MRW
694,50,"Da sind kleine Plätzchen, von einer Laterne notdürftig beleuchtet, man sieht grade eine Strecke Wegs von ein paar Metern, die ist leer; um ein anderes Licht sind Menschen versammelt, die bereden etwas; weiter oben rollt ein Automobil langsam und vorsichtig die beleuchtete Straße entlang, dann verschwindet es; da sucht eines mit zwei Glotzaugen den dunklen Weg ab; hier liegt eine beleuchtete Halle; da ist ein Haus mit rötlich-gelblichen Lichtern; da eins mit weißen; in der Ferne verdämmern andere; ein Brückchen führt über einen kleinen Abgrund; bis weit ins Land kann man sehen, und oben auf den Bergen wohnen auch Menschen und blinken Lichter.",mit,Non-MRW,Non-MRW
694,51,"Da sind kleine Plätzchen, von einer Laterne notdürftig beleuchtet, man sieht grade eine Strecke Wegs von ein paar Metern, die ist leer; um ein anderes Licht sind Menschen versammelt, die bereden etwas; weiter oben rollt ein Automobil langsam und vorsichtig die beleuchtete Straße entlang, dann verschwindet es; da sucht eines mit zwei Glotzaugen den dunklen Weg ab; hier liegt eine beleuchtete Halle; da ist ein Haus mit rötlich-gelblichen Lichtern; da eins mit weißen; in der Ferne verdämmern andere; ein Brückchen führt über einen kleinen Abgrund; bis weit ins Land kann man sehen, und oben auf den Bergen wohnen auch Menschen und blinken Lichter.",zwei,Non-MRW,Non-MRW
694,52,"Da sind kleine Plätzchen, von einer Laterne notdürftig beleuchtet, man sieht grade eine Strecke Wegs von ein paar Metern, die ist leer; um ein anderes Licht sind Menschen versammelt, die bereden etwas; weiter oben rollt ein Automobil langsam und vorsichtig die beleuchtete Straße entlang, dann verschwindet es; da sucht eines mit zwei Glotzaugen den dunklen Weg ab; hier liegt eine beleuchtete Halle; da ist ein Haus mit rötlich-gelblichen Lichtern; da eins mit weißen; in der Ferne verdämmern andere; ein Brückchen führt über einen kleinen Abgrund; bis weit ins Land kann man sehen, und oben auf den Bergen wohnen auch Menschen und blinken Lichter.",Glotzaugen,MRW,indirect
694,53,"Da sind kleine Plätzchen, von einer Laterne notdürftig beleuchtet, man sieht grade eine Strecke Wegs von ein paar Metern, die ist leer; um ein anderes Licht sind Menschen versammelt, die bereden etwas; weiter oben rollt ein Automobil langsam und vorsichtig die beleuchtete Straße entlang, dann verschwindet es; da sucht eines mit zwei Glotzaugen den dunklen Weg ab; hier liegt eine beleuchtete Halle; da ist ein Haus mit rötlich-gelblichen Lichtern; da eins mit weißen; in der Ferne verdämmern andere; ein Brückchen führt über einen kleinen Abgrund; bis weit ins Land kann man sehen, und oben auf den Bergen wohnen auch Menschen und blinken Lichter.",den,Non-MRW,Non-MRW
694,54,"Da sind kleine Plätzchen, von einer Laterne notdürftig beleuchtet, man sieht grade eine Strecke Wegs von ein paar Metern, die ist leer; um ein anderes Licht sind Menschen versammelt, die bereden etwas; weiter oben rollt ein Automobil langsam und vorsichtig die beleuchtete Straße entlang, dann verschwindet es; da sucht eines mit zwei Glotzaugen den dunklen Weg ab; hier liegt eine beleuchtete Halle; da ist ein Haus mit rötlich-gelblichen Lichtern; da eins mit weißen; in der Ferne verdämmern andere; ein Brückchen führt über einen kleinen Abgrund; bis weit ins Land kann man sehen, und oben auf den Bergen wohnen auch Menschen und blinken Lichter.",dunklen,Non-MRW,Non-MRW
694,55,"Da sind kleine Plätzchen, von einer Laterne notdürftig beleuchtet, man sieht grade eine Strecke Wegs von ein paar Metern, die ist leer; um ein anderes Licht sind Menschen versammelt, die bereden etwas; weiter oben rollt ein Automobil langsam und vorsichtig die beleuchtete Straße entlang, dann verschwindet es; da sucht eines mit zwei Glotzaugen den dunklen Weg ab; hier liegt eine beleuchtete Halle; da ist ein Haus mit rötlich-gelblichen Lichtern; da eins mit weißen; in der Ferne verdämmern andere; ein Brückchen führt über einen kleinen Abgrund; bis weit ins Land kann man sehen, und oben auf den Bergen wohnen auch Menschen und blinken Lichter.",Weg,Non-MRW,Non-MRW
694,56,"Da sind kleine Plätzchen, von einer Laterne notdürftig beleuchtet, man sieht grade eine Strecke Wegs von ein paar Metern, die ist leer; um ein anderes Licht sind Menschen versammelt, die bereden etwas; weiter oben rollt ein Automobil langsam und vorsichtig die beleuchtete Straße entlang, dann verschwindet es; da sucht eines mit zwei Glotzaugen den dunklen Weg ab; hier liegt eine beleuchtete Halle; da ist ein Haus mit rötlich-gelblichen Lichtern; da eins mit weißen; in der Ferne verdämmern andere; ein Brückchen führt über einen kleinen Abgrund; bis weit ins Land kann man sehen, und oben auf den Bergen wohnen auch Menschen und blinken Lichter.",ab,MWE,MWE
694,57,"Da sind kleine Plätzchen, von einer Laterne notdürftig beleuchtet, man sieht grade eine Strecke Wegs von ein paar Metern, die ist leer; um ein anderes Licht sind Menschen versammelt, die bereden etwas; weiter oben rollt ein Automobil langsam und vorsichtig die beleuchtete Straße entlang, dann verschwindet es; da sucht eines mit zwei Glotzaugen den dunklen Weg ab; hier liegt eine beleuchtete Halle; da ist ein Haus mit rötlich-gelblichen Lichtern; da eins mit weißen; in der Ferne verdämmern andere; ein Brückchen führt über einen kleinen Abgrund; bis weit ins Land kann man sehen, und oben auf den Bergen wohnen auch Menschen und blinken Lichter.",hier,Non-MRW,Non-MRW
694,58,"Da sind kleine Plätzchen, von einer Laterne notdürftig beleuchtet, man sieht grade eine Strecke Wegs von ein paar Metern, die ist leer; um ein anderes Licht sind Menschen versammelt, die bereden etwas; weiter oben rollt ein Automobil langsam und vorsichtig die beleuchtete Straße entlang, dann verschwindet es; da sucht eines mit zwei Glotzaugen den dunklen Weg ab; hier liegt eine beleuchtete Halle; da ist ein Haus mit rötlich-gelblichen Lichtern; da eins mit weißen; in der Ferne verdämmern andere; ein Brückchen führt über einen kleinen Abgrund; bis weit ins Land kann man sehen, und oben auf den Bergen wohnen auch Menschen und blinken Lichter.",liegt,MRW,indirect
694,59,"Da sind kleine Plätzchen, von einer Laterne notdürftig beleuchtet, man sieht grade eine Strecke Wegs von ein paar Metern, die ist leer; um ein anderes Licht sind Menschen versammelt, die bereden etwas; weiter oben rollt ein Automobil langsam und vorsichtig die beleuchtete Straße entlang, dann verschwindet es; da sucht eines mit zwei Glotzaugen den dunklen Weg ab; hier liegt eine beleuchtete Halle; da ist ein Haus mit rötlich-gelblichen Lichtern; da eins mit weißen; in der Ferne verdämmern andere; ein Brückchen führt über einen kleinen Abgrund; bis weit ins Land kann man sehen, und oben auf den Bergen wohnen auch Menschen und blinken Lichter.",eine,Non-MRW,Non-MRW
694,60,"Da sind kleine Plätzchen, von einer Laterne notdürftig beleuchtet, man sieht grade eine Strecke Wegs von ein paar Metern, die ist leer; um ein anderes Licht sind Menschen versammelt, die bereden etwas; weiter oben rollt ein Automobil langsam und vorsichtig die beleuchtete Straße entlang, dann verschwindet es; da sucht eines mit zwei Glotzaugen den dunklen Weg ab; hier liegt eine beleuchtete Halle; da ist ein Haus mit rötlich-gelblichen Lichtern; da eins mit weißen; in der Ferne verdämmern andere; ein Brückchen führt über einen kleinen Abgrund; bis weit ins Land kann man sehen, und oben auf den Bergen wohnen auch Menschen und blinken Lichter.",beleuchtete,Non-MRW,Non-MRW
694,61,"Da sind kleine Plätzchen, von einer Laterne notdürftig beleuchtet, man sieht grade eine Strecke Wegs von ein paar Metern, die ist leer; um ein anderes Licht sind Menschen versammelt, die bereden etwas; weiter oben rollt ein Automobil langsam und vorsichtig die beleuchtete Straße entlang, dann verschwindet es; da sucht eines mit zwei Glotzaugen den dunklen Weg ab; hier liegt eine beleuchtete Halle; da ist ein Haus mit rötlich-gelblichen Lichtern; da eins mit weißen; in der Ferne verdämmern andere; ein Brückchen führt über einen kleinen Abgrund; bis weit ins Land kann man sehen, und oben auf den Bergen wohnen auch Menschen und blinken Lichter.",Halle,Non-MRW,Non-MRW
694,62,"Da sind kleine Plätzchen, von einer Laterne notdürftig beleuchtet, man sieht grade eine Strecke Wegs von ein paar Metern, die ist leer; um ein anderes Licht sind Menschen versammelt, die bereden etwas; weiter oben rollt ein Automobil langsam und vorsichtig die beleuchtete Straße entlang, dann verschwindet es; da sucht eines mit zwei Glotzaugen den dunklen Weg ab; hier liegt eine beleuchtete Halle; da ist ein Haus mit rötlich-gelblichen Lichtern; da eins mit weißen; in der Ferne verdämmern andere; ein Brückchen führt über einen kleinen Abgrund; bis weit ins Land kann man sehen, und oben auf den Bergen wohnen auch Menschen und blinken Lichter.",da,Non-MRW,Non-MRW
694,63,"Da sind kleine Plätzchen, von einer Laterne notdürftig beleuchtet, man sieht grade eine Strecke Wegs von ein paar Metern, die ist leer; um ein anderes Licht sind Menschen versammelt, die bereden etwas; weiter oben rollt ein Automobil langsam und vorsichtig die beleuchtete Straße entlang, dann verschwindet es; da sucht eines mit zwei Glotzaugen den dunklen Weg ab; hier liegt eine beleuchtete Halle; da ist ein Haus mit rötlich-gelblichen Lichtern; da eins mit weißen; in der Ferne verdämmern andere; ein Brückchen führt über einen kleinen Abgrund; bis weit ins Land kann man sehen, und oben auf den Bergen wohnen auch Menschen und blinken Lichter.",ist,Non-MRW,Non-MRW
694,64,"Da sind kleine Plätzchen, von einer Laterne notdürftig beleuchtet, man sieht grade eine Strecke Wegs von ein paar Metern, die ist leer; um ein anderes Licht sind Menschen versammelt, die bereden etwas; weiter oben rollt ein Automobil langsam und vorsichtig die beleuchtete Straße entlang, dann verschwindet es; da sucht eines mit zwei Glotzaugen den dunklen Weg ab; hier liegt eine beleuchtete Halle; da ist ein Haus mit rötlich-gelblichen Lichtern; da eins mit weißen; in der Ferne verdämmern andere; ein Brückchen führt über einen kleinen Abgrund; bis weit ins Land kann man sehen, und oben auf den Bergen wohnen auch Menschen und blinken Lichter.",ein,Non-MRW,Non-MRW
694,65,"Da sind kleine Plätzchen, von einer Laterne notdürftig beleuchtet, man sieht grade eine Strecke Wegs von ein paar Metern, die ist leer; um ein anderes Licht sind Menschen versammelt, die bereden etwas; weiter oben rollt ein Automobil langsam und vorsichtig die beleuchtete Straße entlang, dann verschwindet es; da sucht eines mit zwei Glotzaugen den dunklen Weg ab; hier liegt eine beleuchtete Halle; da ist ein Haus mit rötlich-gelblichen Lichtern; da eins mit weißen; in der Ferne verdämmern andere; ein Brückchen führt über einen kleinen Abgrund; bis weit ins Land kann man sehen, und oben auf den Bergen wohnen auch Menschen und blinken Lichter.",Haus,Non-MRW,Non-MRW
694,66,"Da sind kleine Plätzchen, von einer Laterne notdürftig beleuchtet, man sieht grade eine Strecke Wegs von ein paar Metern, die ist leer; um ein anderes Licht sind Menschen versammelt, die bereden etwas; weiter oben rollt ein Automobil langsam und vorsichtig die beleuchtete Straße entlang, dann verschwindet es; da sucht eines mit zwei Glotzaugen den dunklen Weg ab; hier liegt eine beleuchtete Halle; da ist ein Haus mit rötlich-gelblichen Lichtern; da eins mit weißen; in der Ferne verdämmern andere; ein Brückchen führt über einen kleinen Abgrund; bis weit ins Land kann man sehen, und oben auf den Bergen wohnen auch Menschen und blinken Lichter.",mit,Non-MRW,Non-MRW
694,67,"Da sind kleine Plätzchen, von einer Laterne notdürftig beleuchtet, man sieht grade eine Strecke Wegs von ein paar Metern, die ist leer; um ein anderes Licht sind Menschen versammelt, die bereden etwas; weiter oben rollt ein Automobil langsam und vorsichtig die beleuchtete Straße entlang, dann verschwindet es; da sucht eines mit zwei Glotzaugen den dunklen Weg ab; hier liegt eine beleuchtete Halle; da ist ein Haus mit rötlich-gelblichen Lichtern; da eins mit weißen; in der Ferne verdämmern andere; ein Brückchen führt über einen kleinen Abgrund; bis weit ins Land kann man sehen, und oben auf den Bergen wohnen auch Menschen und blinken Lichter.",rötlichgelblichen,Non-MRW,Non-MRW
694,68,"Da sind kleine Plätzchen, von einer Laterne notdürftig beleuchtet, man sieht grade eine Strecke Wegs von ein paar Metern, die ist leer; um ein anderes Licht sind Menschen versammelt, die bereden etwas; weiter oben rollt ein Automobil langsam und vorsichtig die beleuchtete Straße entlang, dann verschwindet es; da sucht eines mit zwei Glotzaugen den dunklen Weg ab; hier liegt eine beleuchtete Halle; da ist ein Haus mit rötlich-gelblichen Lichtern; da eins mit weißen; in der Ferne verdämmern andere; ein Brückchen führt über einen kleinen Abgrund; bis weit ins Land kann man sehen, und oben auf den Bergen wohnen auch Menschen und blinken Lichter.",Lichtern,Non-MRW,Non-MRW
694,69,"Da sind kleine Plätzchen, von einer Laterne notdürftig beleuchtet, man sieht grade eine Strecke Wegs von ein paar Metern, die ist leer; um ein anderes Licht sind Menschen versammelt, die bereden etwas; weiter oben rollt ein Automobil langsam und vorsichtig die beleuchtete Straße entlang, dann verschwindet es; da sucht eines mit zwei Glotzaugen den dunklen Weg ab; hier liegt eine beleuchtete Halle; da ist ein Haus mit rötlich-gelblichen Lichtern; da eins mit weißen; in der Ferne verdämmern andere; ein Brückchen führt über einen kleinen Abgrund; bis weit ins Land kann man sehen, und oben auf den Bergen wohnen auch Menschen und blinken Lichter.",da,Non-MRW,Non-MRW
694,70,"Da sind kleine Plätzchen, von einer Laterne notdürftig beleuchtet, man sieht grade eine Strecke Wegs von ein paar Metern, die ist leer; um ein anderes Licht sind Menschen versammelt, die bereden etwas; weiter oben rollt ein Automobil langsam und vorsichtig die beleuchtete Straße entlang, dann verschwindet es; da sucht eines mit zwei Glotzaugen den dunklen Weg ab; hier liegt eine beleuchtete Halle; da ist ein Haus mit rötlich-gelblichen Lichtern; da eins mit weißen; in der Ferne verdämmern andere; ein Brückchen führt über einen kleinen Abgrund; bis weit ins Land kann man sehen, und oben auf den Bergen wohnen auch Menschen und blinken Lichter.",eins,Non-MRW,Non-MRW
694,71,"Da sind kleine Plätzchen, von einer Laterne notdürftig beleuchtet, man sieht grade eine Strecke Wegs von ein paar Metern, die ist leer; um ein anderes Licht sind Menschen versammelt, die bereden etwas; weiter oben rollt ein Automobil langsam und vorsichtig die beleuchtete Straße entlang, dann verschwindet es; da sucht eines mit zwei Glotzaugen den dunklen Weg ab; hier liegt eine beleuchtete Halle; da ist ein Haus mit rötlich-gelblichen Lichtern; da eins mit weißen; in der Ferne verdämmern andere; ein Brückchen führt über einen kleinen Abgrund; bis weit ins Land kann man sehen, und oben auf den Bergen wohnen auch Menschen und blinken Lichter.",mit,Non-MRW,Non-MRW
694,72,"Da sind kleine Plätzchen, von einer Laterne notdürftig beleuchtet, man sieht grade eine Strecke Wegs von ein paar Metern, die ist leer; um ein anderes Licht sind Menschen versammelt, die bereden etwas; weiter oben rollt ein Automobil langsam und vorsichtig die beleuchtete Straße entlang, dann verschwindet es; da sucht eines mit zwei Glotzaugen den dunklen Weg ab; hier liegt eine beleuchtete Halle; da ist ein Haus mit rötlich-gelblichen Lichtern; da eins mit weißen; in der Ferne verdämmern andere; ein Brückchen führt über einen kleinen Abgrund; bis weit ins Land kann man sehen, und oben auf den Bergen wohnen auch Menschen und blinken Lichter.",weißen,Non-MRW,Non-MRW
694,73,"Da sind kleine Plätzchen, von einer Laterne notdürftig beleuchtet, man sieht grade eine Strecke Wegs von ein paar Metern, die ist leer; um ein anderes Licht sind Menschen versammelt, die bereden etwas; weiter oben rollt ein Automobil langsam und vorsichtig die beleuchtete Straße entlang, dann verschwindet es; da sucht eines mit zwei Glotzaugen den dunklen Weg ab; hier liegt eine beleuchtete Halle; da ist ein Haus mit rötlich-gelblichen Lichtern; da eins mit weißen; in der Ferne verdämmern andere; ein Brückchen führt über einen kleinen Abgrund; bis weit ins Land kann man sehen, und oben auf den Bergen wohnen auch Menschen und blinken Lichter.",in,Non-MRW,Non-MRW
694,74,"Da sind kleine Plätzchen, von einer Laterne notdürftig beleuchtet, man sieht grade eine Strecke Wegs von ein paar Metern, die ist leer; um ein anderes Licht sind Menschen versammelt, die bereden etwas; weiter oben rollt ein Automobil langsam und vorsichtig die beleuchtete Straße entlang, dann verschwindet es; da sucht eines mit zwei Glotzaugen den dunklen Weg ab; hier liegt eine beleuchtete Halle; da ist ein Haus mit rötlich-gelblichen Lichtern; da eins mit weißen; in der Ferne verdämmern andere; ein Brückchen führt über einen kleinen Abgrund; bis weit ins Land kann man sehen, und oben auf den Bergen wohnen auch Menschen und blinken Lichter.",der,Non-MRW,Non-MRW
694,75,"Da sind kleine Plätzchen, von einer Laterne notdürftig beleuchtet, man sieht grade eine Strecke Wegs von ein paar Metern, die ist leer; um ein anderes Licht sind Menschen versammelt, die bereden etwas; weiter oben rollt ein Automobil langsam und vorsichtig die beleuchtete Straße entlang, dann verschwindet es; da sucht eines mit zwei Glotzaugen den dunklen Weg ab; hier liegt eine beleuchtete Halle; da ist ein Haus mit rötlich-gelblichen Lichtern; da eins mit weißen; in der Ferne verdämmern andere; ein Brückchen führt über einen kleinen Abgrund; bis weit ins Land kann man sehen, und oben auf den Bergen wohnen auch Menschen und blinken Lichter.",Ferne,Non-MRW,Non-MRW
694,76,"Da sind kleine Plätzchen, von einer Laterne notdürftig beleuchtet, man sieht grade eine Strecke Wegs von ein paar Metern, die ist leer; um ein anderes Licht sind Menschen versammelt, die bereden etwas; weiter oben rollt ein Automobil langsam und vorsichtig die beleuchtete Straße entlang, dann verschwindet es; da sucht eines mit zwei Glotzaugen den dunklen Weg ab; hier liegt eine beleuchtete Halle; da ist ein Haus mit rötlich-gelblichen Lichtern; da eins mit weißen; in der Ferne verdämmern andere; ein Brückchen führt über einen kleinen Abgrund; bis weit ins Land kann man sehen, und oben auf den Bergen wohnen auch Menschen und blinken Lichter.",verdämmern,WIDLII,WIDLII
694,77,"Da sind kleine Plätzchen, von einer Laterne notdürftig beleuchtet, man sieht grade eine Strecke Wegs von ein paar Metern, die ist leer; um ein anderes Licht sind Menschen versammelt, die bereden etwas; weiter oben rollt ein Automobil langsam und vorsichtig die beleuchtete Straße entlang, dann verschwindet es; da sucht eines mit zwei Glotzaugen den dunklen Weg ab; hier liegt eine beleuchtete Halle; da ist ein Haus mit rötlich-gelblichen Lichtern; da eins mit weißen; in der Ferne verdämmern andere; ein Brückchen führt über einen kleinen Abgrund; bis weit ins Land kann man sehen, und oben auf den Bergen wohnen auch Menschen und blinken Lichter.",andere,Non-MRW,Non-MRW
694,78,"Da sind kleine Plätzchen, von einer Laterne notdürftig beleuchtet, man sieht grade eine Strecke Wegs von ein paar Metern, die ist leer; um ein anderes Licht sind Menschen versammelt, die bereden etwas; weiter oben rollt ein Automobil langsam und vorsichtig die beleuchtete Straße entlang, dann verschwindet es; da sucht eines mit zwei Glotzaugen den dunklen Weg ab; hier liegt eine beleuchtete Halle; da ist ein Haus mit rötlich-gelblichen Lichtern; da eins mit weißen; in der Ferne verdämmern andere; ein Brückchen führt über einen kleinen Abgrund; bis weit ins Land kann man sehen, und oben auf den Bergen wohnen auch Menschen und blinken Lichter.",ein,Non-MRW,Non-MRW
694,79,"Da sind kleine Plätzchen, von einer Laterne notdürftig beleuchtet, man sieht grade eine Strecke Wegs von ein paar Metern, die ist leer; um ein anderes Licht sind Menschen versammelt, die bereden etwas; weiter oben rollt ein Automobil langsam und vorsichtig die beleuchtete Straße entlang, dann verschwindet es; da sucht eines mit zwei Glotzaugen den dunklen Weg ab; hier liegt eine beleuchtete Halle; da ist ein Haus mit rötlich-gelblichen Lichtern; da eins mit weißen; in der Ferne verdämmern andere; ein Brückchen führt über einen kleinen Abgrund; bis weit ins Land kann man sehen, und oben auf den Bergen wohnen auch Menschen und blinken Lichter.",Brückchen,Non-MRW,Non-MRW
694,80,"Da sind kleine Plätzchen, von einer Laterne notdürftig beleuchtet, man sieht grade eine Strecke Wegs von ein paar Metern, die ist leer; um ein anderes Licht sind Menschen versammelt, die bereden etwas; weiter oben rollt ein Automobil langsam und vorsichtig die beleuchtete Straße entlang, dann verschwindet es; da sucht eines mit zwei Glotzaugen den dunklen Weg ab; hier liegt eine beleuchtete Halle; da ist ein Haus mit rötlich-gelblichen Lichtern; da eins mit weißen; in der Ferne verdämmern andere; ein Brückchen führt über einen kleinen Abgrund; bis weit ins Land kann man sehen, und oben auf den Bergen wohnen auch Menschen und blinken Lichter.",führt,MRW,indirect
694,81,"Da sind kleine Plätzchen, von einer Laterne notdürftig beleuchtet, man sieht grade eine Strecke Wegs von ein paar Metern, die ist leer; um ein anderes Licht sind Menschen versammelt, die bereden etwas; weiter oben rollt ein Automobil langsam und vorsichtig die beleuchtete Straße entlang, dann verschwindet es; da sucht eines mit zwei Glotzaugen den dunklen Weg ab; hier liegt eine beleuchtete Halle; da ist ein Haus mit rötlich-gelblichen Lichtern; da eins mit weißen; in der Ferne verdämmern andere; ein Brückchen führt über einen kleinen Abgrund; bis weit ins Land kann man sehen, und oben auf den Bergen wohnen auch Menschen und blinken Lichter.",über,Non-MRW,Non-MRW
694,82,"Da sind kleine Plätzchen, von einer Laterne notdürftig beleuchtet, man sieht grade eine Strecke Wegs von ein paar Metern, die ist leer; um ein anderes Licht sind Menschen versammelt, die bereden etwas; weiter oben rollt ein Automobil langsam und vorsichtig die beleuchtete Straße entlang, dann verschwindet es; da sucht eines mit zwei Glotzaugen den dunklen Weg ab; hier liegt eine beleuchtete Halle; da ist ein Haus mit rötlich-gelblichen Lichtern; da eins mit weißen; in der Ferne verdämmern andere; ein Brückchen führt über einen kleinen Abgrund; bis weit ins Land kann man sehen, und oben auf den Bergen wohnen auch Menschen und blinken Lichter.",einen,Non-MRW,Non-MRW
694,83,"Da sind kleine Plätzchen, von einer Laterne notdürftig beleuchtet, man sieht grade eine Strecke Wegs von ein paar Metern, die ist leer; um ein anderes Licht sind Menschen versammelt, die bereden etwas; weiter oben rollt ein Automobil langsam und vorsichtig die beleuchtete Straße entlang, dann verschwindet es; da sucht eines mit zwei Glotzaugen den dunklen Weg ab; hier liegt eine beleuchtete Halle; da ist ein Haus mit rötlich-gelblichen Lichtern; da eins mit weißen; in der Ferne verdämmern andere; ein Brückchen führt über einen kleinen Abgrund; bis weit ins Land kann man sehen, und oben auf den Bergen wohnen auch Menschen und blinken Lichter.",kleinen,Non-MRW,Non-MRW
694,84,"Da sind kleine Plätzchen, von einer Laterne notdürftig beleuchtet, man sieht grade eine Strecke Wegs von ein paar Metern, die ist leer; um ein anderes Licht sind Menschen versammelt, die bereden etwas; weiter oben rollt ein Automobil langsam und vorsichtig die beleuchtete Straße entlang, dann verschwindet es; da sucht eines mit zwei Glotzaugen den dunklen Weg ab; hier liegt eine beleuchtete Halle; da ist ein Haus mit rötlich-gelblichen Lichtern; da eins mit weißen; in der Ferne verdämmern andere; ein Brückchen führt über einen kleinen Abgrund; bis weit ins Land kann man sehen, und oben auf den Bergen wohnen auch Menschen und blinken Lichter.",Abgrund,Non-MRW,Non-MRW
694,85,"Da sind kleine Plätzchen, von einer Laterne notdürftig beleuchtet, man sieht grade eine Strecke Wegs von ein paar Metern, die ist leer; um ein anderes Licht sind Menschen versammelt, die bereden etwas; weiter oben rollt ein Automobil langsam und vorsichtig die beleuchtete Straße entlang, dann verschwindet es; da sucht eines mit zwei Glotzaugen den dunklen Weg ab; hier liegt eine beleuchtete Halle; da ist ein Haus mit rötlich-gelblichen Lichtern; da eins mit weißen; in der Ferne verdämmern andere; ein Brückchen führt über einen kleinen Abgrund; bis weit ins Land kann man sehen, und oben auf den Bergen wohnen auch Menschen und blinken Lichter.",bis,Non-MRW,Non-MRW
694,86,"Da sind kleine Plätzchen, von einer Laterne notdürftig beleuchtet, man sieht grade eine Strecke Wegs von ein paar Metern, die ist leer; um ein anderes Licht sind Menschen versammelt, die bereden etwas; weiter oben rollt ein Automobil langsam und vorsichtig die beleuchtete Straße entlang, dann verschwindet es; da sucht eines mit zwei Glotzaugen den dunklen Weg ab; hier liegt eine beleuchtete Halle; da ist ein Haus mit rötlich-gelblichen Lichtern; da eins mit weißen; in der Ferne verdämmern andere; ein Brückchen führt über einen kleinen Abgrund; bis weit ins Land kann man sehen, und oben auf den Bergen wohnen auch Menschen und blinken Lichter.",weit,Non-MRW,Non-MRW
694,87,"Da sind kleine Plätzchen, von einer Laterne notdürftig beleuchtet, man sieht grade eine Strecke Wegs von ein paar Metern, die ist leer; um ein anderes Licht sind Menschen versammelt, die bereden etwas; weiter oben rollt ein Automobil langsam und vorsichtig die beleuchtete Straße entlang, dann verschwindet es; da sucht eines mit zwei Glotzaugen den dunklen Weg ab; hier liegt eine beleuchtete Halle; da ist ein Haus mit rötlich-gelblichen Lichtern; da eins mit weißen; in der Ferne verdämmern andere; ein Brückchen führt über einen kleinen Abgrund; bis weit ins Land kann man sehen, und oben auf den Bergen wohnen auch Menschen und blinken Lichter.",ins,Non-MRW,Non-MRW
694,88,"Da sind kleine Plätzchen, von einer Laterne notdürftig beleuchtet, man sieht grade eine Strecke Wegs von ein paar Metern, die ist leer; um ein anderes Licht sind Menschen versammelt, die bereden etwas; weiter oben rollt ein Automobil langsam und vorsichtig die beleuchtete Straße entlang, dann verschwindet es; da sucht eines mit zwei Glotzaugen den dunklen Weg ab; hier liegt eine beleuchtete Halle; da ist ein Haus mit rötlich-gelblichen Lichtern; da eins mit weißen; in der Ferne verdämmern andere; ein Brückchen führt über einen kleinen Abgrund; bis weit ins Land kann man sehen, und oben auf den Bergen wohnen auch Menschen und blinken Lichter.",Land,Non-MRW,Non-MRW
694,89,"Da sind kleine Plätzchen, von einer Laterne notdürftig beleuchtet, man sieht grade eine Strecke Wegs von ein paar Metern, die ist leer; um ein anderes Licht sind Menschen versammelt, die bereden etwas; weiter oben rollt ein Automobil langsam und vorsichtig die beleuchtete Straße entlang, dann verschwindet es; da sucht eines mit zwei Glotzaugen den dunklen Weg ab; hier liegt eine beleuchtete Halle; da ist ein Haus mit rötlich-gelblichen Lichtern; da eins mit weißen; in der Ferne verdämmern andere; ein Brückchen führt über einen kleinen Abgrund; bis weit ins Land kann man sehen, und oben auf den Bergen wohnen auch Menschen und blinken Lichter.",kann,Non-MRW,Non-MRW
694,90,"Da sind kleine Plätzchen, von einer Laterne notdürftig beleuchtet, man sieht grade eine Strecke Wegs von ein paar Metern, die ist leer; um ein anderes Licht sind Menschen versammelt, die bereden etwas; weiter oben rollt ein Automobil langsam und vorsichtig die beleuchtete Straße entlang, dann verschwindet es; da sucht eines mit zwei Glotzaugen den dunklen Weg ab; hier liegt eine beleuchtete Halle; da ist ein Haus mit rötlich-gelblichen Lichtern; da eins mit weißen; in der Ferne verdämmern andere; ein Brückchen führt über einen kleinen Abgrund; bis weit ins Land kann man sehen, und oben auf den Bergen wohnen auch Menschen und blinken Lichter.",man,Non-MRW,Non-MRW
694,91,"Da sind kleine Plätzchen, von einer Laterne notdürftig beleuchtet, man sieht grade eine Strecke Wegs von ein paar Metern, die ist leer; um ein anderes Licht sind Menschen versammelt, die bereden etwas; weiter oben rollt ein Automobil langsam und vorsichtig die beleuchtete Straße entlang, dann verschwindet es; da sucht eines mit zwei Glotzaugen den dunklen Weg ab; hier liegt eine beleuchtete Halle; da ist ein Haus mit rötlich-gelblichen Lichtern; da eins mit weißen; in der Ferne verdämmern andere; ein Brückchen führt über einen kleinen Abgrund; bis weit ins Land kann man sehen, und oben auf den Bergen wohnen auch Menschen und blinken Lichter.",sehen,Non-MRW,Non-MRW
694,92,"Da sind kleine Plätzchen, von einer Laterne notdürftig beleuchtet, man sieht grade eine Strecke Wegs von ein paar Metern, die ist leer; um ein anderes Licht sind Menschen versammelt, die bereden etwas; weiter oben rollt ein Automobil langsam und vorsichtig die beleuchtete Straße entlang, dann verschwindet es; da sucht eines mit zwei Glotzaugen den dunklen Weg ab; hier liegt eine beleuchtete Halle; da ist ein Haus mit rötlich-gelblichen Lichtern; da eins mit weißen; in der Ferne verdämmern andere; ein Brückchen führt über einen kleinen Abgrund; bis weit ins Land kann man sehen, und oben auf den Bergen wohnen auch Menschen und blinken Lichter.",und,Non-MRW,Non-MRW
694,93,"Da sind kleine Plätzchen, von einer Laterne notdürftig beleuchtet, man sieht grade eine Strecke Wegs von ein paar Metern, die ist leer; um ein anderes Licht sind Menschen versammelt, die bereden etwas; weiter oben rollt ein Automobil langsam und vorsichtig die beleuchtete Straße entlang, dann verschwindet es; da sucht eines mit zwei Glotzaugen den dunklen Weg ab; hier liegt eine beleuchtete Halle; da ist ein Haus mit rötlich-gelblichen Lichtern; da eins mit weißen; in der Ferne verdämmern andere; ein Brückchen führt über einen kleinen Abgrund; bis weit ins Land kann man sehen, und oben auf den Bergen wohnen auch Menschen und blinken Lichter.",oben,Non-MRW,Non-MRW
694,94,"Da sind kleine Plätzchen, von einer Laterne notdürftig beleuchtet, man sieht grade eine Strecke Wegs von ein paar Metern, die ist leer; um ein anderes Licht sind Menschen versammelt, die bereden etwas; weiter oben rollt ein Automobil langsam und vorsichtig die beleuchtete Straße entlang, dann verschwindet es; da sucht eines mit zwei Glotzaugen den dunklen Weg ab; hier liegt eine beleuchtete Halle; da ist ein Haus mit rötlich-gelblichen Lichtern; da eins mit weißen; in der Ferne verdämmern andere; ein Brückchen führt über einen kleinen Abgrund; bis weit ins Land kann man sehen, und oben auf den Bergen wohnen auch Menschen und blinken Lichter.",auf,Non-MRW,Non-MRW
694,95,"Da sind kleine Plätzchen, von einer Laterne notdürftig beleuchtet, man sieht grade eine Strecke Wegs von ein paar Metern, die ist leer; um ein anderes Licht sind Menschen versammelt, die bereden etwas; weiter oben rollt ein Automobil langsam und vorsichtig die beleuchtete Straße entlang, dann verschwindet es; da sucht eines mit zwei Glotzaugen den dunklen Weg ab; hier liegt eine beleuchtete Halle; da ist ein Haus mit rötlich-gelblichen Lichtern; da eins mit weißen; in der Ferne verdämmern andere; ein Brückchen führt über einen kleinen Abgrund; bis weit ins Land kann man sehen, und oben auf den Bergen wohnen auch Menschen und blinken Lichter.",den,Non-MRW,Non-MRW
694,96,"Da sind kleine Plätzchen, von einer Laterne notdürftig beleuchtet, man sieht grade eine Strecke Wegs von ein paar Metern, die ist leer; um ein anderes Licht sind Menschen versammelt, die bereden etwas; weiter oben rollt ein Automobil langsam und vorsichtig die beleuchtete Straße entlang, dann verschwindet es; da sucht eines mit zwei Glotzaugen den dunklen Weg ab; hier liegt eine beleuchtete Halle; da ist ein Haus mit rötlich-gelblichen Lichtern; da eins mit weißen; in der Ferne verdämmern andere; ein Brückchen führt über einen kleinen Abgrund; bis weit ins Land kann man sehen, und oben auf den Bergen wohnen auch Menschen und blinken Lichter.",Bergen,Non-MRW,Non-MRW
694,97,"Da sind kleine Plätzchen, von einer Laterne notdürftig beleuchtet, man sieht grade eine Strecke Wegs von ein paar Metern, die ist leer; um ein anderes Licht sind Menschen versammelt, die bereden etwas; weiter oben rollt ein Automobil langsam und vorsichtig die beleuchtete Straße entlang, dann verschwindet es; da sucht eines mit zwei Glotzaugen den dunklen Weg ab; hier liegt eine beleuchtete Halle; da ist ein Haus mit rötlich-gelblichen Lichtern; da eins mit weißen; in der Ferne verdämmern andere; ein Brückchen führt über einen kleinen Abgrund; bis weit ins Land kann man sehen, und oben auf den Bergen wohnen auch Menschen und blinken Lichter.",wohnen,Non-MRW,Non-MRW
694,98,"Da sind kleine Plätzchen, von einer Laterne notdürftig beleuchtet, man sieht grade eine Strecke Wegs von ein paar Metern, die ist leer; um ein anderes Licht sind Menschen versammelt, die bereden etwas; weiter oben rollt ein Automobil langsam und vorsichtig die beleuchtete Straße entlang, dann verschwindet es; da sucht eines mit zwei Glotzaugen den dunklen Weg ab; hier liegt eine beleuchtete Halle; da ist ein Haus mit rötlich-gelblichen Lichtern; da eins mit weißen; in der Ferne verdämmern andere; ein Brückchen führt über einen kleinen Abgrund; bis weit ins Land kann man sehen, und oben auf den Bergen wohnen auch Menschen und blinken Lichter.",auch,Non-MRW,Non-MRW
694,99,"Da sind kleine Plätzchen, von einer Laterne notdürftig beleuchtet, man sieht grade eine Strecke Wegs von ein paar Metern, die ist leer; um ein anderes Licht sind Menschen versammelt, die bereden etwas; weiter oben rollt ein Automobil langsam und vorsichtig die beleuchtete Straße entlang, dann verschwindet es; da sucht eines mit zwei Glotzaugen den dunklen Weg ab; hier liegt eine beleuchtete Halle; da ist ein Haus mit rötlich-gelblichen Lichtern; da eins mit weißen; in der Ferne verdämmern andere; ein Brückchen führt über einen kleinen Abgrund; bis weit ins Land kann man sehen, und oben auf den Bergen wohnen auch Menschen und blinken Lichter.",Menschen,Non-MRW,Non-MRW
694,100,"Da sind kleine Plätzchen, von einer Laterne notdürftig beleuchtet, man sieht grade eine Strecke Wegs von ein paar Metern, die ist leer; um ein anderes Licht sind Menschen versammelt, die bereden etwas; weiter oben rollt ein Automobil langsam und vorsichtig die beleuchtete Straße entlang, dann verschwindet es; da sucht eines mit zwei Glotzaugen den dunklen Weg ab; hier liegt eine beleuchtete Halle; da ist ein Haus mit rötlich-gelblichen Lichtern; da eins mit weißen; in der Ferne verdämmern andere; ein Brückchen führt über einen kleinen Abgrund; bis weit ins Land kann man sehen, und oben auf den Bergen wohnen auch Menschen und blinken Lichter.",und,Non-MRW,Non-MRW
694,101,"Da sind kleine Plätzchen, von einer Laterne notdürftig beleuchtet, man sieht grade eine Strecke Wegs von ein paar Metern, die ist leer; um ein anderes Licht sind Menschen versammelt, die bereden etwas; weiter oben rollt ein Automobil langsam und vorsichtig die beleuchtete Straße entlang, dann verschwindet es; da sucht eines mit zwei Glotzaugen den dunklen Weg ab; hier liegt eine beleuchtete Halle; da ist ein Haus mit rötlich-gelblichen Lichtern; da eins mit weißen; in der Ferne verdämmern andere; ein Brückchen führt über einen kleinen Abgrund; bis weit ins Land kann man sehen, und oben auf den Bergen wohnen auch Menschen und blinken Lichter.",blinken,Non-MRW,Non-MRW
694,102,"Da sind kleine Plätzchen, von einer Laterne notdürftig beleuchtet, man sieht grade eine Strecke Wegs von ein paar Metern, die ist leer; um ein anderes Licht sind Menschen versammelt, die bereden etwas; weiter oben rollt ein Automobil langsam und vorsichtig die beleuchtete Straße entlang, dann verschwindet es; da sucht eines mit zwei Glotzaugen den dunklen Weg ab; hier liegt eine beleuchtete Halle; da ist ein Haus mit rötlich-gelblichen Lichtern; da eins mit weißen; in der Ferne verdämmern andere; ein Brückchen führt über einen kleinen Abgrund; bis weit ins Land kann man sehen, und oben auf den Bergen wohnen auch Menschen und blinken Lichter.",Lichter,Non-MRW,Non-MRW
723,0,"Drei Stühle, zwei Kisten und eine schlechte Kommode vollendeten die Geräte dieses Zimmers.",Drei,Non-MRW,Non-MRW
723,1,"Drei Stühle, zwei Kisten und eine schlechte Kommode vollendeten die Geräte dieses Zimmers.",Stühle,Non-MRW,Non-MRW
723,3,"Drei Stühle, zwei Kisten und eine schlechte Kommode vollendeten die Geräte dieses Zimmers.",zwei,Non-MRW,Non-MRW
723,4,"Drei Stühle, zwei Kisten und eine schlechte Kommode vollendeten die Geräte dieses Zimmers.",Kisten,Non-MRW,Non-MRW
723,5,"Drei Stühle, zwei Kisten und eine schlechte Kommode vollendeten die Geräte dieses Zimmers.",und,Non-MRW,Non-MRW
723,6,"Drei Stühle, zwei Kisten und eine schlechte Kommode vollendeten die Geräte dieses Zimmers.",eine,Non-MRW,Non-MRW
723,7,"Drei Stühle, zwei Kisten und eine schlechte Kommode vollendeten die Geräte dieses Zimmers.",schlechte,Non-MRW,Non-MRW
723,8,"Drei Stühle, zwei Kisten und eine schlechte Kommode vollendeten die Geräte dieses Zimmers.",Kommode,Non-MRW,Non-MRW
723,9,"Drei Stühle, zwei Kisten und eine schlechte Kommode vollendeten die Geräte dieses Zimmers.",vollendeten,Non-MRW,Non-MRW
723,10,"Drei Stühle, zwei Kisten und eine schlechte Kommode vollendeten die Geräte dieses Zimmers.",die,Non-MRW,Non-MRW
723,11,"Drei Stühle, zwei Kisten und eine schlechte Kommode vollendeten die Geräte dieses Zimmers.",Geräte,WIDLII,WIDLII
723,12,"Drei Stühle, zwei Kisten und eine schlechte Kommode vollendeten die Geräte dieses Zimmers.",dieses,Non-MRW,Non-MRW
723,13,"Drei Stühle, zwei Kisten und eine schlechte Kommode vollendeten die Geräte dieses Zimmers.",Zimmers,Non-MRW,Non-MRW
845,0,"Der Almrausch blühte in leuchtendem Rot, und gleich einem gestickten Fürstenmantel schmiegte sich das Grün der Halden und Wälder um die Flanken aller Berge.",Der,Non-MRW,Non-MRW
845,1,"Der Almrausch blühte in leuchtendem Rot, und gleich einem gestickten Fürstenmantel schmiegte sich das Grün der Halden und Wälder um die Flanken aller Berge.",Almrausch,Non-MRW,Non-MRW
845,2,"Der Almrausch blühte in leuchtendem Rot, und gleich einem gestickten Fürstenmantel schmiegte sich das Grün der Halden und Wälder um die Flanken aller Berge.",blühte,Non-MRW,Non-MRW
845,3,"Der Almrausch blühte in leuchtendem Rot, und gleich einem gestickten Fürstenmantel schmiegte sich das Grün der Halden und Wälder um die Flanken aller Berge.",in,MRW,indirect
845,4,"Der Almrausch blühte in leuchtendem Rot, und gleich einem gestickten Fürstenmantel schmiegte sich das Grün der Halden und Wälder um die Flanken aller Berge.",leuchtendem,MRW,indirect
845,5,"Der Almrausch blühte in leuchtendem Rot, und gleich einem gestickten Fürstenmantel schmiegte sich das Grün der Halden und Wälder um die Flanken aller Berge.",Rot,Non-MRW,Non-MRW
845,7,"Der Almrausch blühte in leuchtendem Rot, und gleich einem gestickten Fürstenmantel schmiegte sich das Grün der Halden und Wälder um die Flanken aller Berge.",und,Non-MRW,Non-MRW
845,8,"Der Almrausch blühte in leuchtendem Rot, und gleich einem gestickten Fürstenmantel schmiegte sich das Grün der Halden und Wälder um die Flanken aller Berge.",gleich,Mflag,Mflag
845,9,"Der Almrausch blühte in leuchtendem Rot, und gleich einem gestickten Fürstenmantel schmiegte sich das Grün der Halden und Wälder um die Flanken aller Berge.",einem,MRW,STOPWORD
845,10,"Der Almrausch blühte in leuchtendem Rot, und gleich einem gestickten Fürstenmantel schmiegte sich das Grün der Halden und Wälder um die Flanken aller Berge.",gestickten,MRW,direct
845,11,"Der Almrausch blühte in leuchtendem Rot, und gleich einem gestickten Fürstenmantel schmiegte sich das Grün der Halden und Wälder um die Flanken aller Berge.",Fürstenmantel,MRW,direct
845,12,"Der Almrausch blühte in leuchtendem Rot, und gleich einem gestickten Fürstenmantel schmiegte sich das Grün der Halden und Wälder um die Flanken aller Berge.",schmiegte,MRW,indirect
845,13,"Der Almrausch blühte in leuchtendem Rot, und gleich einem gestickten Fürstenmantel schmiegte sich das Grün der Halden und Wälder um die Flanken aller Berge.",sich,MWE,MWE
845,14,"Der Almrausch blühte in leuchtendem Rot, und gleich einem gestickten Fürstenmantel schmiegte sich das Grün der Halden und Wälder um die Flanken aller Berge.",das,Non-MRW,Non-MRW
845,15,"Der Almrausch blühte in leuchtendem Rot, und gleich einem gestickten Fürstenmantel schmiegte sich das Grün der Halden und Wälder um die Flanken aller Berge.",Grün,Non-MRW,Non-MRW
845,16,"Der Almrausch blühte in leuchtendem Rot, und gleich einem gestickten Fürstenmantel schmiegte sich das Grün der Halden und Wälder um die Flanken aller Berge.",der,Non-MRW,Non-MRW
845,17,"Der Almrausch blühte in leuchtendem Rot, und gleich einem gestickten Fürstenmantel schmiegte sich das Grün der Halden und Wälder um die Flanken aller Berge.",Halden,Non-MRW,Non-MRW
845,18,"Der Almrausch blühte in leuchtendem Rot, und gleich einem gestickten Fürstenmantel schmiegte sich das Grün der Halden und Wälder um die Flanken aller Berge.",und,Non-MRW,Non-MRW
845,19,"Der Almrausch blühte in leuchtendem Rot, und gleich einem gestickten Fürstenmantel schmiegte sich das Grün der Halden und Wälder um die Flanken aller Berge.",Wälder,Non-MRW,Non-MRW
845,20,"Der Almrausch blühte in leuchtendem Rot, und gleich einem gestickten Fürstenmantel schmiegte sich das Grün der Halden und Wälder um die Flanken aller Berge.",um,Non-MRW,Non-MRW
845,21,"Der Almrausch blühte in leuchtendem Rot, und gleich einem gestickten Fürstenmantel schmiegte sich das Grün der Halden und Wälder um die Flanken aller Berge.",die,Non-MRW,Non-MRW
845,22,"Der Almrausch blühte in leuchtendem Rot, und gleich einem gestickten Fürstenmantel schmiegte sich das Grün der Halden und Wälder um die Flanken aller Berge.",Flanken,MRW,indirect
845,23,"Der Almrausch blühte in leuchtendem Rot, und gleich einem gestickten Fürstenmantel schmiegte sich das Grün der Halden und Wälder um die Flanken aller Berge.",aller,Non-MRW,Non-MRW
845,24,"Der Almrausch blühte in leuchtendem Rot, und gleich einem gestickten Fürstenmantel schmiegte sich das Grün der Halden und Wälder um die Flanken aller Berge.",Berge,Non-MRW,Non-MRW
911,0,"Und sie finde die Luft in München selber kräftig genug und besonders abends, wenn der Wind die Stadt mit dem Odem der Berge und Wälder tränke, von so köstlicher Würze, dass sie nichts Besseres wünsche.",Und,Non-MRW,Non-MRW
911,1,"Und sie finde die Luft in München selber kräftig genug und besonders abends, wenn der Wind die Stadt mit dem Odem der Berge und Wälder tränke, von so köstlicher Würze, dass sie nichts Besseres wünsche.",sie,Non-MRW,Non-MRW
911,2,"Und sie finde die Luft in München selber kräftig genug und besonders abends, wenn der Wind die Stadt mit dem Odem der Berge und Wälder tränke, von so köstlicher Würze, dass sie nichts Besseres wünsche.",finde,MRW,indirect
911,3,"Und sie finde die Luft in München selber kräftig genug und besonders abends, wenn der Wind die Stadt mit dem Odem der Berge und Wälder tränke, von so köstlicher Würze, dass sie nichts Besseres wünsche.",die,Non-MRW,Non-MRW
911,4,"Und sie finde die Luft in München selber kräftig genug und besonders abends, wenn der Wind die Stadt mit dem Odem der Berge und Wälder tränke, von so köstlicher Würze, dass sie nichts Besseres wünsche.",Luft,Non-MRW,Non-MRW
911,5,"Und sie finde die Luft in München selber kräftig genug und besonders abends, wenn der Wind die Stadt mit dem Odem der Berge und Wälder tränke, von so köstlicher Würze, dass sie nichts Besseres wünsche.",in,Non-MRW,Non-MRW
911,6,"Und sie finde die Luft in München selber kräftig genug und besonders abends, wenn der Wind die Stadt mit dem Odem der Berge und Wälder tränke, von so köstlicher Würze, dass sie nichts Besseres wünsche.",München,Non-MRW,Non-MRW
911,7,"Und sie finde die Luft in München selber kräftig genug und besonders abends, wenn der Wind die Stadt mit dem Odem der Berge und Wälder tränke, von so köstlicher Würze, dass sie nichts Besseres wünsche.",selber,Non-MRW,Non-MRW
911,8,"Und sie finde die Luft in München selber kräftig genug und besonders abends, wenn der Wind die Stadt mit dem Odem der Berge und Wälder tränke, von so köstlicher Würze, dass sie nichts Besseres wünsche.",kräftig,MRW,indirect
911,9,"Und sie finde die Luft in München selber kräftig genug und besonders abends, wenn der Wind die Stadt mit dem Odem der Berge und Wälder tränke, von so köstlicher Würze, dass sie nichts Besseres wünsche.",genug,Non-MRW,Non-MRW
911,10,"Und sie finde die Luft in München selber kräftig genug und besonders abends, wenn der Wind die Stadt mit dem Odem der Berge und Wälder tränke, von so köstlicher Würze, dass sie nichts Besseres wünsche.",und,Non-MRW,Non-MRW
911,11,"Und sie finde die Luft in München selber kräftig genug und besonders abends, wenn der Wind die Stadt mit dem Odem der Berge und Wälder tränke, von so köstlicher Würze, dass sie nichts Besseres wünsche.",besonders,MRW,indirect
911,12,"Und sie finde die Luft in München selber kräftig genug und besonders abends, wenn der Wind die Stadt mit dem Odem der Berge und Wälder tränke, von so köstlicher Würze, dass sie nichts Besseres wünsche.",abends,Non-MRW,Non-MRW
911,14,"Und sie finde die Luft in München selber kräftig genug und besonders abends, wenn der Wind die Stadt mit dem Odem der Berge und Wälder tränke, von so köstlicher Würze, dass sie nichts Besseres wünsche.",wenn,Non-MRW,Non-MRW
911,15,"Und sie finde die Luft in München selber kräftig genug und besonders abends, wenn der Wind die Stadt mit dem Odem der Berge und Wälder tränke, von so köstlicher Würze, dass sie nichts Besseres wünsche.",der,Non-MRW,Non-MRW
911,16,"Und sie finde die Luft in München selber kräftig genug und besonders abends, wenn der Wind die Stadt mit dem Odem der Berge und Wälder tränke, von so köstlicher Würze, dass sie nichts Besseres wünsche.",Wind,Non-MRW,Non-MRW
911,17,"Und sie finde die Luft in München selber kräftig genug und besonders abends, wenn der Wind die Stadt mit dem Odem der Berge und Wälder tränke, von so köstlicher Würze, dass sie nichts Besseres wünsche.",die,Non-MRW,Non-MRW
911,18,"Und sie finde die Luft in München selber kräftig genug und besonders abends, wenn der Wind die Stadt mit dem Odem der Berge und Wälder tränke, von so köstlicher Würze, dass sie nichts Besseres wünsche.",Stadt,Non-MRW,Non-MRW
911,19,"Und sie finde die Luft in München selber kräftig genug und besonders abends, wenn der Wind die Stadt mit dem Odem der Berge und Wälder tränke, von so köstlicher Würze, dass sie nichts Besseres wünsche.",mit,Non-MRW,Non-MRW
911,20,"Und sie finde die Luft in München selber kräftig genug und besonders abends, wenn der Wind die Stadt mit dem Odem der Berge und Wälder tränke, von so köstlicher Würze, dass sie nichts Besseres wünsche.",dem,Non-MRW,Non-MRW
911,21,"Und sie finde die Luft in München selber kräftig genug und besonders abends, wenn der Wind die Stadt mit dem Odem der Berge und Wälder tränke, von so köstlicher Würze, dass sie nichts Besseres wünsche.",Odem,MRW,indirect
911,22,"Und sie finde die Luft in München selber kräftig genug und besonders abends, wenn der Wind die Stadt mit dem Odem der Berge und Wälder tränke, von so köstlicher Würze, dass sie nichts Besseres wünsche.",der,Non-MRW,Non-MRW
911,23,"Und sie finde die Luft in München selber kräftig genug und besonders abends, wenn der Wind die Stadt mit dem Odem der Berge und Wälder tränke, von so köstlicher Würze, dass sie nichts Besseres wünsche.",Berge,Non-MRW,Non-MRW
911,24,"Und sie finde die Luft in München selber kräftig genug und besonders abends, wenn der Wind die Stadt mit dem Odem der Berge und Wälder tränke, von so köstlicher Würze, dass sie nichts Besseres wünsche.",und,Non-MRW,Non-MRW
911,25,"Und sie finde die Luft in München selber kräftig genug und besonders abends, wenn der Wind die Stadt mit dem Odem der Berge und Wälder tränke, von so köstlicher Würze, dass sie nichts Besseres wünsche.",Wälder,Non-MRW,Non-MRW
911,26,"Und sie finde die Luft in München selber kräftig genug und besonders abends, wenn der Wind die Stadt mit dem Odem der Berge und Wälder tränke, von so köstlicher Würze, dass sie nichts Besseres wünsche.",tränke,MRW,indirect
911,28,"Und sie finde die Luft in München selber kräftig genug und besonders abends, wenn der Wind die Stadt mit dem Odem der Berge und Wälder tränke, von so köstlicher Würze, dass sie nichts Besseres wünsche.",von,MRW,indirect
911,29,"Und sie finde die Luft in München selber kräftig genug und besonders abends, wenn der Wind die Stadt mit dem Odem der Berge und Wälder tränke, von so köstlicher Würze, dass sie nichts Besseres wünsche.",so,Non-MRW,Non-MRW
911,30,"Und sie finde die Luft in München selber kräftig genug und besonders abends, wenn der Wind die Stadt mit dem Odem der Berge und Wälder tränke, von so köstlicher Würze, dass sie nichts Besseres wünsche.",köstlicher,MRW,indirect
911,31,"Und sie finde die Luft in München selber kräftig genug und besonders abends, wenn der Wind die Stadt mit dem Odem der Berge und Wälder tränke, von so köstlicher Würze, dass sie nichts Besseres wünsche.",Würze,MRW,indirect
911,33,"Und sie finde die Luft in München selber kräftig genug und besonders abends, wenn der Wind die Stadt mit dem Odem der Berge und Wälder tränke, von so köstlicher Würze, dass sie nichts Besseres wünsche.",dass,Non-MRW,Non-MRW
911,34,"Und sie finde die Luft in München selber kräftig genug und besonders abends, wenn der Wind die Stadt mit dem Odem der Berge und Wälder tränke, von so köstlicher Würze, dass sie nichts Besseres wünsche.",sie,Non-MRW,Non-MRW
911,35,"Und sie finde die Luft in München selber kräftig genug und besonders abends, wenn der Wind die Stadt mit dem Odem der Berge und Wälder tränke, von so köstlicher Würze, dass sie nichts Besseres wünsche.",nichts,Non-MRW,Non-MRW
911,36,"Und sie finde die Luft in München selber kräftig genug und besonders abends, wenn der Wind die Stadt mit dem Odem der Berge und Wälder tränke, von so köstlicher Würze, dass sie nichts Besseres wünsche.",Besseres,Non-MRW,Non-MRW
911,37,"Und sie finde die Luft in München selber kräftig genug und besonders abends, wenn der Wind die Stadt mit dem Odem der Berge und Wälder tränke, von so köstlicher Würze, dass sie nichts Besseres wünsche.",wünsche,WIDLII,WIDLII
1016,0,"Ein Tannenbaum war nicht aus dem Dunkel hervorgewachsen; aber auf dem Tisch stand das große Schloss ""El Escorial"".",Ein,Non-MRW,Non-MRW
1016,1,"Ein Tannenbaum war nicht aus dem Dunkel hervorgewachsen; aber auf dem Tisch stand das große Schloss ""El Escorial"".",Tannenbaum,Non-MRW,Non-MRW
1016,2,"Ein Tannenbaum war nicht aus dem Dunkel hervorgewachsen; aber auf dem Tisch stand das große Schloss ""El Escorial"".",war,Non-MRW,Non-MRW
1016,3,"Ein Tannenbaum war nicht aus dem Dunkel hervorgewachsen; aber auf dem Tisch stand das große Schloss ""El Escorial"".",nicht,Non-MRW,Non-MRW
1016,4,"Ein Tannenbaum war nicht aus dem Dunkel hervorgewachsen; aber auf dem Tisch stand das große Schloss ""El Escorial"".",aus,Non-MRW,Non-MRW
1016,5,"Ein Tannenbaum war nicht aus dem Dunkel hervorgewachsen; aber auf dem Tisch stand das große Schloss ""El Escorial"".",dem,Non-MRW,Non-MRW
1016,6,"Ein Tannenbaum war nicht aus dem Dunkel hervorgewachsen; aber auf dem Tisch stand das große Schloss ""El Escorial"".",Dunkel,WIDLII,WIDLII
1016,7,"Ein Tannenbaum war nicht aus dem Dunkel hervorgewachsen; aber auf dem Tisch stand das große Schloss ""El Escorial"".",hervor,MRW,indirect
1016,7,"Ein Tannenbaum war nicht aus dem Dunkel hervorgewachsen; aber auf dem Tisch stand das große Schloss ""El Escorial"".",gewachsen,MWE,MWE
1016,9,"Ein Tannenbaum war nicht aus dem Dunkel hervorgewachsen; aber auf dem Tisch stand das große Schloss ""El Escorial"".",aber,Non-MRW,Non-MRW
1016,10,"Ein Tannenbaum war nicht aus dem Dunkel hervorgewachsen; aber auf dem Tisch stand das große Schloss ""El Escorial"".",auf,Non-MRW,Non-MRW
1016,11,"Ein Tannenbaum war nicht aus dem Dunkel hervorgewachsen; aber auf dem Tisch stand das große Schloss ""El Escorial"".",dem,Non-MRW,Non-MRW
1016,12,"Ein Tannenbaum war nicht aus dem Dunkel hervorgewachsen; aber auf dem Tisch stand das große Schloss ""El Escorial"".",Tisch,Non-MRW,Non-MRW
1016,13,"Ein Tannenbaum war nicht aus dem Dunkel hervorgewachsen; aber auf dem Tisch stand das große Schloss ""El Escorial"".",stand,MRW,indirect
1016,14,"Ein Tannenbaum war nicht aus dem Dunkel hervorgewachsen; aber auf dem Tisch stand das große Schloss ""El Escorial"".",das,Non-MRW,Non-MRW
1016,15,"Ein Tannenbaum war nicht aus dem Dunkel hervorgewachsen; aber auf dem Tisch stand das große Schloss ""El Escorial"".",große,Non-MRW,Non-MRW
1016,16,"Ein Tannenbaum war nicht aus dem Dunkel hervorgewachsen; aber auf dem Tisch stand das große Schloss ""El Escorial"".",Schloss,Non-MRW,Non-MRW
1016,18,"Ein Tannenbaum war nicht aus dem Dunkel hervorgewachsen; aber auf dem Tisch stand das große Schloss ""El Escorial"".",El,Non-MRW,Non-MRW
1016,19,"Ein Tannenbaum war nicht aus dem Dunkel hervorgewachsen; aber auf dem Tisch stand das große Schloss ""El Escorial"".",Escorial,Non-MRW,Non-MRW
1042,0,"Marmor auf den Straßen, herrlich gekleidete Menschen, Häuser aus edlem Gestein, Gärten voll köstlicher Gewächse.",Marmor,Non-MRW,Non-MRW
1042,1,"Marmor auf den Straßen, herrlich gekleidete Menschen, Häuser aus edlem Gestein, Gärten voll köstlicher Gewächse.",auf,Non-MRW,Non-MRW
1042,2,"Marmor auf den Straßen, herrlich gekleidete Menschen, Häuser aus edlem Gestein, Gärten voll köstlicher Gewächse.",den,Non-MRW,Non-MRW
1042,3,"Marmor auf den Straßen, herrlich gekleidete Menschen, Häuser aus edlem Gestein, Gärten voll köstlicher Gewächse.",Straßen,Non-MRW,Non-MRW
1042,5,"Marmor auf den Straßen, herrlich gekleidete Menschen, Häuser aus edlem Gestein, Gärten voll köstlicher Gewächse.",herrlich,Non-MRW,Non-MRW
1042,6,"Marmor auf den Straßen, herrlich gekleidete Menschen, Häuser aus edlem Gestein, Gärten voll köstlicher Gewächse.",gekleidete,Non-MRW,Non-MRW
1042,7,"Marmor auf den Straßen, herrlich gekleidete Menschen, Häuser aus edlem Gestein, Gärten voll köstlicher Gewächse.",Menschen,Non-MRW,Non-MRW
1042,9,"Marmor auf den Straßen, herrlich gekleidete Menschen, Häuser aus edlem Gestein, Gärten voll köstlicher Gewächse.",Häuser,Non-MRW,Non-MRW
1042,10,"Marmor auf den Straßen, herrlich gekleidete Menschen, Häuser aus edlem Gestein, Gärten voll köstlicher Gewächse.",aus,Non-MRW,Non-MRW
1042,11,"Marmor auf den Straßen, herrlich gekleidete Menschen, Häuser aus edlem Gestein, Gärten voll köstlicher Gewächse.",edlem,Non-MRW,Non-MRW
1042,12,"Marmor auf den Straßen, herrlich gekleidete Menschen, Häuser aus edlem Gestein, Gärten voll köstlicher Gewächse.",Gestein,Non-MRW,Non-MRW
1042,14,"Marmor auf den Straßen, herrlich gekleidete Menschen, Häuser aus edlem Gestein, Gärten voll köstlicher Gewächse.",Gärten,Non-MRW,Non-MRW
1042,15,"Marmor auf den Straßen, herrlich gekleidete Menschen, Häuser aus edlem Gestein, Gärten voll köstlicher Gewächse.",voll,Non-MRW,Non-MRW
1042,16,"Marmor auf den Straßen, herrlich gekleidete Menschen, Häuser aus edlem Gestein, Gärten voll köstlicher Gewächse.",köstlicher,WIDLII,WIDLII
1042,17,"Marmor auf den Straßen, herrlich gekleidete Menschen, Häuser aus edlem Gestein, Gärten voll köstlicher Gewächse.",Gewächse,Non-MRW,Non-MRW
1059,0,"Hunderte von roten Häufchen glühender Holzkohlen glimmten zwischen den Indianergruppen, auf den kleinen Rasenvierecken, zwischen den Wegen und Blumenbeeten des gartenartig bepflanzten Platzes.",Hunderte,Non-MRW,Non-MRW
1059,1,"Hunderte von roten Häufchen glühender Holzkohlen glimmten zwischen den Indianergruppen, auf den kleinen Rasenvierecken, zwischen den Wegen und Blumenbeeten des gartenartig bepflanzten Platzes.",von,MRW,indirect
1059,2,"Hunderte von roten Häufchen glühender Holzkohlen glimmten zwischen den Indianergruppen, auf den kleinen Rasenvierecken, zwischen den Wegen und Blumenbeeten des gartenartig bepflanzten Platzes.",roten,Non-MRW,Non-MRW
1059,3,"Hunderte von roten Häufchen glühender Holzkohlen glimmten zwischen den Indianergruppen, auf den kleinen Rasenvierecken, zwischen den Wegen und Blumenbeeten des gartenartig bepflanzten Platzes.",Häufchen,Non-MRW,Non-MRW
1059,4,"Hunderte von roten Häufchen glühender Holzkohlen glimmten zwischen den Indianergruppen, auf den kleinen Rasenvierecken, zwischen den Wegen und Blumenbeeten des gartenartig bepflanzten Platzes.",glühender,Non-MRW,Non-MRW
1059,5,"Hunderte von roten Häufchen glühender Holzkohlen glimmten zwischen den Indianergruppen, auf den kleinen Rasenvierecken, zwischen den Wegen und Blumenbeeten des gartenartig bepflanzten Platzes.",Holzkohlen,Non-MRW,Non-MRW
1059,6,"Hunderte von roten Häufchen glühender Holzkohlen glimmten zwischen den Indianergruppen, auf den kleinen Rasenvierecken, zwischen den Wegen und Blumenbeeten des gartenartig bepflanzten Platzes.",glimmten,Non-MRW,Non-MRW
1059,7,"Hunderte von roten Häufchen glühender Holzkohlen glimmten zwischen den Indianergruppen, auf den kleinen Rasenvierecken, zwischen den Wegen und Blumenbeeten des gartenartig bepflanzten Platzes.",zwischen,Non-MRW,Non-MRW
1059,8,"Hunderte von roten Häufchen glühender Holzkohlen glimmten zwischen den Indianergruppen, auf den kleinen Rasenvierecken, zwischen den Wegen und Blumenbeeten des gartenartig bepflanzten Platzes.",den,Non-MRW,Non-MRW
1059,9,"Hunderte von roten Häufchen glühender Holzkohlen glimmten zwischen den Indianergruppen, auf den kleinen Rasenvierecken, zwischen den Wegen und Blumenbeeten des gartenartig bepflanzten Platzes.",Indianergruppen,Non-MRW,Non-MRW
1059,11,"Hunderte von roten Häufchen glühender Holzkohlen glimmten zwischen den Indianergruppen, auf den kleinen Rasenvierecken, zwischen den Wegen und Blumenbeeten des gartenartig bepflanzten Platzes.",auf,Non-MRW,Non-MRW
1059,12,"Hunderte von roten Häufchen glühender Holzkohlen glimmten zwischen den Indianergruppen, auf den kleinen Rasenvierecken, zwischen den Wegen und Blumenbeeten des gartenartig bepflanzten Platzes.",den,Non-MRW,Non-MRW
1059,13,"Hunderte von roten Häufchen glühender Holzkohlen glimmten zwischen den Indianergruppen, auf den kleinen Rasenvierecken, zwischen den Wegen und Blumenbeeten des gartenartig bepflanzten Platzes.",kleinen,Non-MRW,Non-MRW
1059,14,"Hunderte von roten Häufchen glühender Holzkohlen glimmten zwischen den Indianergruppen, auf den kleinen Rasenvierecken, zwischen den Wegen und Blumenbeeten des gartenartig bepflanzten Platzes.",Rasenvierecken,Non-MRW,Non-MRW
1059,16,"Hunderte von roten Häufchen glühender Holzkohlen glimmten zwischen den Indianergruppen, auf den kleinen Rasenvierecken, zwischen den Wegen und Blumenbeeten des gartenartig bepflanzten Platzes.",zwischen,Non-MRW,Non-MRW
1059,17,"Hunderte von roten Häufchen glühender Holzkohlen glimmten zwischen den Indianergruppen, auf den kleinen Rasenvierecken, zwischen den Wegen und Blumenbeeten des gartenartig bepflanzten Platzes.",den,Non-MRW,Non-MRW
1059,18,"Hunderte von roten Häufchen glühender Holzkohlen glimmten zwischen den Indianergruppen, auf den kleinen Rasenvierecken, zwischen den Wegen und Blumenbeeten des gartenartig bepflanzten Platzes.",Wegen,Non-MRW,Non-MRW
1059,19,"Hunderte von roten Häufchen glühender Holzkohlen glimmten zwischen den Indianergruppen, auf den kleinen Rasenvierecken, zwischen den Wegen und Blumenbeeten des gartenartig bepflanzten Platzes.",und,Non-MRW,Non-MRW
1059,20,"Hunderte von roten Häufchen glühender Holzkohlen glimmten zwischen den Indianergruppen, auf den kleinen Rasenvierecken, zwischen den Wegen und Blumenbeeten des gartenartig bepflanzten Platzes.",Blumenbeeten,Non-MRW,Non-MRW
1059,21,"Hunderte von roten Häufchen glühender Holzkohlen glimmten zwischen den Indianergruppen, auf den kleinen Rasenvierecken, zwischen den Wegen und Blumenbeeten des gartenartig bepflanzten Platzes.",des,Non-MRW,Non-MRW
1059,22,"Hunderte von roten Häufchen glühender Holzkohlen glimmten zwischen den Indianergruppen, auf den kleinen Rasenvierecken, zwischen den Wegen und Blumenbeeten des gartenartig bepflanzten Platzes.",gartenartig,Non-MRW,Non-MRW
1059,23,"Hunderte von roten Häufchen glühender Holzkohlen glimmten zwischen den Indianergruppen, auf den kleinen Rasenvierecken, zwischen den Wegen und Blumenbeeten des gartenartig bepflanzten Platzes.",bepflanzten,Non-MRW,Non-MRW
1059,24,"Hunderte von roten Häufchen glühender Holzkohlen glimmten zwischen den Indianergruppen, auf den kleinen Rasenvierecken, zwischen den Wegen und Blumenbeeten des gartenartig bepflanzten Platzes.",Platzes,Non-MRW,Non-MRW
1110,0,"Und das Zimmer war nicht hohl, sondern bestand aus einem Stoff, den es unter den Stoffen des Tages nicht gibt, einem schwarz durchsichtigen und schwarz zu durchfühlenden Stoff, aus dem auch ich bestand.",Und,Non-MRW,Non-MRW
1110,1,"Und das Zimmer war nicht hohl, sondern bestand aus einem Stoff, den es unter den Stoffen des Tages nicht gibt, einem schwarz durchsichtigen und schwarz zu durchfühlenden Stoff, aus dem auch ich bestand.",das,Non-MRW,Non-MRW
1110,2,"Und das Zimmer war nicht hohl, sondern bestand aus einem Stoff, den es unter den Stoffen des Tages nicht gibt, einem schwarz durchsichtigen und schwarz zu durchfühlenden Stoff, aus dem auch ich bestand.",Zimmer,Non-MRW,Non-MRW
1110,3,"Und das Zimmer war nicht hohl, sondern bestand aus einem Stoff, den es unter den Stoffen des Tages nicht gibt, einem schwarz durchsichtigen und schwarz zu durchfühlenden Stoff, aus dem auch ich bestand.",war,Non-MRW,Non-MRW
1110,4,"Und das Zimmer war nicht hohl, sondern bestand aus einem Stoff, den es unter den Stoffen des Tages nicht gibt, einem schwarz durchsichtigen und schwarz zu durchfühlenden Stoff, aus dem auch ich bestand.",nicht,Non-MRW,Non-MRW
1110,5,"Und das Zimmer war nicht hohl, sondern bestand aus einem Stoff, den es unter den Stoffen des Tages nicht gibt, einem schwarz durchsichtigen und schwarz zu durchfühlenden Stoff, aus dem auch ich bestand.",hohl,WIDLII,WIDLII
1110,7,"Und das Zimmer war nicht hohl, sondern bestand aus einem Stoff, den es unter den Stoffen des Tages nicht gibt, einem schwarz durchsichtigen und schwarz zu durchfühlenden Stoff, aus dem auch ich bestand.",sondern,Non-MRW,Non-MRW
1110,8,"Und das Zimmer war nicht hohl, sondern bestand aus einem Stoff, den es unter den Stoffen des Tages nicht gibt, einem schwarz durchsichtigen und schwarz zu durchfühlenden Stoff, aus dem auch ich bestand.",bestand,Non-MRW,Non-MRW
1110,9,"Und das Zimmer war nicht hohl, sondern bestand aus einem Stoff, den es unter den Stoffen des Tages nicht gibt, einem schwarz durchsichtigen und schwarz zu durchfühlenden Stoff, aus dem auch ich bestand.",aus,Non-MRW,Non-MRW
1110,10,"Und das Zimmer war nicht hohl, sondern bestand aus einem Stoff, den es unter den Stoffen des Tages nicht gibt, einem schwarz durchsichtigen und schwarz zu durchfühlenden Stoff, aus dem auch ich bestand.",einem,Non-MRW,Non-MRW
1110,11,"Und das Zimmer war nicht hohl, sondern bestand aus einem Stoff, den es unter den Stoffen des Tages nicht gibt, einem schwarz durchsichtigen und schwarz zu durchfühlenden Stoff, aus dem auch ich bestand.",Stoff,MRW,indirect
1110,13,"Und das Zimmer war nicht hohl, sondern bestand aus einem Stoff, den es unter den Stoffen des Tages nicht gibt, einem schwarz durchsichtigen und schwarz zu durchfühlenden Stoff, aus dem auch ich bestand.",den,Non-MRW,Non-MRW
1110,14,"Und das Zimmer war nicht hohl, sondern bestand aus einem Stoff, den es unter den Stoffen des Tages nicht gibt, einem schwarz durchsichtigen und schwarz zu durchfühlenden Stoff, aus dem auch ich bestand.",es,Non-MRW,Non-MRW
1110,15,"Und das Zimmer war nicht hohl, sondern bestand aus einem Stoff, den es unter den Stoffen des Tages nicht gibt, einem schwarz durchsichtigen und schwarz zu durchfühlenden Stoff, aus dem auch ich bestand.",unter,MRW,indirect
1110,16,"Und das Zimmer war nicht hohl, sondern bestand aus einem Stoff, den es unter den Stoffen des Tages nicht gibt, einem schwarz durchsichtigen und schwarz zu durchfühlenden Stoff, aus dem auch ich bestand.",den,Non-MRW,Non-MRW
1110,17,"Und das Zimmer war nicht hohl, sondern bestand aus einem Stoff, den es unter den Stoffen des Tages nicht gibt, einem schwarz durchsichtigen und schwarz zu durchfühlenden Stoff, aus dem auch ich bestand.",Stoffen,MRW,indirect
1110,18,"Und das Zimmer war nicht hohl, sondern bestand aus einem Stoff, den es unter den Stoffen des Tages nicht gibt, einem schwarz durchsichtigen und schwarz zu durchfühlenden Stoff, aus dem auch ich bestand.",des,Non-MRW,Non-MRW
1110,19,"Und das Zimmer war nicht hohl, sondern bestand aus einem Stoff, den es unter den Stoffen des Tages nicht gibt, einem schwarz durchsichtigen und schwarz zu durchfühlenden Stoff, aus dem auch ich bestand.",Tages,MRW,indirect
1110,20,"Und das Zimmer war nicht hohl, sondern bestand aus einem Stoff, den es unter den Stoffen des Tages nicht gibt, einem schwarz durchsichtigen und schwarz zu durchfühlenden Stoff, aus dem auch ich bestand.",nicht,Non-MRW,Non-MRW
1110,21,"Und das Zimmer war nicht hohl, sondern bestand aus einem Stoff, den es unter den Stoffen des Tages nicht gibt, einem schwarz durchsichtigen und schwarz zu durchfühlenden Stoff, aus dem auch ich bestand.",gibt,Non-MRW,Non-MRW
1110,23,"Und das Zimmer war nicht hohl, sondern bestand aus einem Stoff, den es unter den Stoffen des Tages nicht gibt, einem schwarz durchsichtigen und schwarz zu durchfühlenden Stoff, aus dem auch ich bestand.",einem,Non-MRW,Non-MRW
1110,24,"Und das Zimmer war nicht hohl, sondern bestand aus einem Stoff, den es unter den Stoffen des Tages nicht gibt, einem schwarz durchsichtigen und schwarz zu durchfühlenden Stoff, aus dem auch ich bestand.",schwarz,MRW,indirect
1110,25,"Und das Zimmer war nicht hohl, sondern bestand aus einem Stoff, den es unter den Stoffen des Tages nicht gibt, einem schwarz durchsichtigen und schwarz zu durchfühlenden Stoff, aus dem auch ich bestand.",durchsichtigen,MRW,indirect
1110,26,"Und das Zimmer war nicht hohl, sondern bestand aus einem Stoff, den es unter den Stoffen des Tages nicht gibt, einem schwarz durchsichtigen und schwarz zu durchfühlenden Stoff, aus dem auch ich bestand.",und,Non-MRW,Non-MRW
1110,27,"Und das Zimmer war nicht hohl, sondern bestand aus einem Stoff, den es unter den Stoffen des Tages nicht gibt, einem schwarz durchsichtigen und schwarz zu durchfühlenden Stoff, aus dem auch ich bestand.",schwarz,MRW,indirect
1110,28,"Und das Zimmer war nicht hohl, sondern bestand aus einem Stoff, den es unter den Stoffen des Tages nicht gibt, einem schwarz durchsichtigen und schwarz zu durchfühlenden Stoff, aus dem auch ich bestand.",zu,Non-MRW,Non-MRW
1110,29,"Und das Zimmer war nicht hohl, sondern bestand aus einem Stoff, den es unter den Stoffen des Tages nicht gibt, einem schwarz durchsichtigen und schwarz zu durchfühlenden Stoff, aus dem auch ich bestand.",durchfühlenden,MRW,indirect
1110,30,"Und das Zimmer war nicht hohl, sondern bestand aus einem Stoff, den es unter den Stoffen des Tages nicht gibt, einem schwarz durchsichtigen und schwarz zu durchfühlenden Stoff, aus dem auch ich bestand.",Stoff,mRW,indirect
1110,32,"Und das Zimmer war nicht hohl, sondern bestand aus einem Stoff, den es unter den Stoffen des Tages nicht gibt, einem schwarz durchsichtigen und schwarz zu durchfühlenden Stoff, aus dem auch ich bestand.",aus,MRW,indirect
1110,33,"Und das Zimmer war nicht hohl, sondern bestand aus einem Stoff, den es unter den Stoffen des Tages nicht gibt, einem schwarz durchsichtigen und schwarz zu durchfühlenden Stoff, aus dem auch ich bestand.",dem,Non-MRW,Non-MRW
1110,34,"Und das Zimmer war nicht hohl, sondern bestand aus einem Stoff, den es unter den Stoffen des Tages nicht gibt, einem schwarz durchsichtigen und schwarz zu durchfühlenden Stoff, aus dem auch ich bestand.",auch,Non-MRW,Non-MRW
1110,35,"Und das Zimmer war nicht hohl, sondern bestand aus einem Stoff, den es unter den Stoffen des Tages nicht gibt, einem schwarz durchsichtigen und schwarz zu durchfühlenden Stoff, aus dem auch ich bestand.",ich,Non-MRW,Non-MRW
1110,36,"Und das Zimmer war nicht hohl, sondern bestand aus einem Stoff, den es unter den Stoffen des Tages nicht gibt, einem schwarz durchsichtigen und schwarz zu durchfühlenden Stoff, aus dem auch ich bestand.",bestand,Non-MRW,Non-MRW
1117,0,"Weit hinten liegt die große Stadt, die graue Stadt in Dunst und Rauch.",Weit,WIDLII,WIDLII
1117,1,"Weit hinten liegt die große Stadt, die graue Stadt in Dunst und Rauch.",hinten,Non-MRW,Non-MRW
1117,2,"Weit hinten liegt die große Stadt, die graue Stadt in Dunst und Rauch.",liegt,MRW,indirect
1117,3,"Weit hinten liegt die große Stadt, die graue Stadt in Dunst und Rauch.",die,Non-MRW,Non-MRW
1117,4,"Weit hinten liegt die große Stadt, die graue Stadt in Dunst und Rauch.",große,Non-MRW,Non-MRW
1117,5,"Weit hinten liegt die große Stadt, die graue Stadt in Dunst und Rauch.",Stadt,Non-MRW,Non-MRW
1117,7,"Weit hinten liegt die große Stadt, die graue Stadt in Dunst und Rauch.",die,Non-MRW,Non-MRW
1117,8,"Weit hinten liegt die große Stadt, die graue Stadt in Dunst und Rauch.",graue,WIDLII,WIDLII
1117,9,"Weit hinten liegt die große Stadt, die graue Stadt in Dunst und Rauch.",Stadt,Non-MRW,Non-MRW
1117,10,"Weit hinten liegt die große Stadt, die graue Stadt in Dunst und Rauch.",in,MRW,indirect
1117,11,"Weit hinten liegt die große Stadt, die graue Stadt in Dunst und Rauch.",Dunst,Non-MRW,Non-MRW
1117,12,"Weit hinten liegt die große Stadt, die graue Stadt in Dunst und Rauch.",und,Non-MRW,Non-MRW
1117,13,"Weit hinten liegt die große Stadt, die graue Stadt in Dunst und Rauch.",Rauch,Non-MRW,Non-MRW
1123,0,Girlanden mit Lampions quer über den Hof von Flurfenster zu Flurfenster.,Girlanden,Non-MRW,Non-MRW
1123,1,Girlanden mit Lampions quer über den Hof von Flurfenster zu Flurfenster.,mit,Non-MRW,Non-MRW
1123,2,Girlanden mit Lampions quer über den Hof von Flurfenster zu Flurfenster.,Lampions,Non-MRW,Non-MRW
1123,3,Girlanden mit Lampions quer über den Hof von Flurfenster zu Flurfenster.,quer,Non-MRW,Non-MRW
1123,4,Girlanden mit Lampions quer über den Hof von Flurfenster zu Flurfenster.,über,Non-MRW,Non-MRW
1123,5,Girlanden mit Lampions quer über den Hof von Flurfenster zu Flurfenster.,den,Non-MRW,Non-MRW
1123,6,Girlanden mit Lampions quer über den Hof von Flurfenster zu Flurfenster.,Hof,Non-MRW,Non-MRW
1123,7,Girlanden mit Lampions quer über den Hof von Flurfenster zu Flurfenster.,von,Non-MRW,Non-MRW
1123,8,Girlanden mit Lampions quer über den Hof von Flurfenster zu Flurfenster.,Flurfenster,Non-MRW,Non-MRW
1123,9,Girlanden mit Lampions quer über den Hof von Flurfenster zu Flurfenster.,zu,Non-MRW,Non-MRW
1123,10,Girlanden mit Lampions quer über den Hof von Flurfenster zu Flurfenster.,Flurfenster,Non-MRW,Non-MRW
1124,0,"Man hörte die Mädchen in den Zimmern flüstern, die Türen waren so dünn, vielleicht nur angelehnt?",Man,Non-MRW,Non-MRW
1124,1,"Man hörte die Mädchen in den Zimmern flüstern, die Türen waren so dünn, vielleicht nur angelehnt?",hörte,Non-MRW,Non-MRW
1124,2,"Man hörte die Mädchen in den Zimmern flüstern, die Türen waren so dünn, vielleicht nur angelehnt?",die,Non-MRW,Non-MRW
1124,3,"Man hörte die Mädchen in den Zimmern flüstern, die Türen waren so dünn, vielleicht nur angelehnt?",Mädchen,Non-MRW,Non-MRW
1124,4,"Man hörte die Mädchen in den Zimmern flüstern, die Türen waren so dünn, vielleicht nur angelehnt?",in,Non-MRW,Non-MRW
1124,5,"Man hörte die Mädchen in den Zimmern flüstern, die Türen waren so dünn, vielleicht nur angelehnt?",den,Non-MRW,Non-MRW
1124,6,"Man hörte die Mädchen in den Zimmern flüstern, die Türen waren so dünn, vielleicht nur angelehnt?",Zimmern,Non-MRW,Non-MRW
1124,7,"Man hörte die Mädchen in den Zimmern flüstern, die Türen waren so dünn, vielleicht nur angelehnt?",flüstern,Non-MRW,Non-MRW
1124,8,"Man hörte die Mädchen in den Zimmern flüstern, die Türen waren so dünn, vielleicht nur angelehnt?",die,Non-MRW,Non-MRW
1124,9,"Man hörte die Mädchen in den Zimmern flüstern, die Türen waren so dünn, vielleicht nur angelehnt?",Türen,Non-MRW,Non-MRW
1124,10,"Man hörte die Mädchen in den Zimmern flüstern, die Türen waren so dünn, vielleicht nur angelehnt?",waren,Non-MRW,Non-MRW
1124,11,"Man hörte die Mädchen in den Zimmern flüstern, die Türen waren so dünn, vielleicht nur angelehnt?",so,Non-MRW,Non-MRW
1124,12,"Man hörte die Mädchen in den Zimmern flüstern, die Türen waren so dünn, vielleicht nur angelehnt?",dünn,Non-MRW,Non-MRW
1124,13,"Man hörte die Mädchen in den Zimmern flüstern, die Türen waren so dünn, vielleicht nur angelehnt?",vielleicht,Non-MRW,Non-MRW
1124,14,"Man hörte die Mädchen in den Zimmern flüstern, die Türen waren so dünn, vielleicht nur angelehnt?",nur,Non-MRW,Non-MRW
1124,15,"Man hörte die Mädchen in den Zimmern flüstern, die Türen waren so dünn, vielleicht nur angelehnt?",angelehnt,Non-MRW,Non-MRW
1134,0,"Innerhalb der Laube befanden sich rechts und links von der Mauerecke je eine viereckige, fensterähnliche Öffnung, welche von einem Vorhang grüner Blätter bedeckt waren.",Innerhalb,Non-MRW,Non-MRW
1134,1,"Innerhalb der Laube befanden sich rechts und links von der Mauerecke je eine viereckige, fensterähnliche Öffnung, welche von einem Vorhang grüner Blätter bedeckt waren.",der,Non-MRW,Non-MRW
1134,2,"Innerhalb der Laube befanden sich rechts und links von der Mauerecke je eine viereckige, fensterähnliche Öffnung, welche von einem Vorhang grüner Blätter bedeckt waren.",Laube,Non-MRW,Non-MRW
1134,3,"Innerhalb der Laube befanden sich rechts und links von der Mauerecke je eine viereckige, fensterähnliche Öffnung, welche von einem Vorhang grüner Blätter bedeckt waren.",befanden,Non-MRW,Non-MRW
1134,4,"Innerhalb der Laube befanden sich rechts und links von der Mauerecke je eine viereckige, fensterähnliche Öffnung, welche von einem Vorhang grüner Blätter bedeckt waren.",sich,MWE,MWE
1134,5,"Innerhalb der Laube befanden sich rechts und links von der Mauerecke je eine viereckige, fensterähnliche Öffnung, welche von einem Vorhang grüner Blätter bedeckt waren.",rechts,Non-MRW,Non-MRW
1134,6,"Innerhalb der Laube befanden sich rechts und links von der Mauerecke je eine viereckige, fensterähnliche Öffnung, welche von einem Vorhang grüner Blätter bedeckt waren.",und,Non-MRW,Non-MRW
1134,7,"Innerhalb der Laube befanden sich rechts und links von der Mauerecke je eine viereckige, fensterähnliche Öffnung, welche von einem Vorhang grüner Blätter bedeckt waren.",links,Non-MRW,Non-MRW
1134,8,"Innerhalb der Laube befanden sich rechts und links von der Mauerecke je eine viereckige, fensterähnliche Öffnung, welche von einem Vorhang grüner Blätter bedeckt waren.",von,Non-MRW,Non-MRW
1134,9,"Innerhalb der Laube befanden sich rechts und links von der Mauerecke je eine viereckige, fensterähnliche Öffnung, welche von einem Vorhang grüner Blätter bedeckt waren.",der,Non-MRW,Non-MRW
1134,10,"Innerhalb der Laube befanden sich rechts und links von der Mauerecke je eine viereckige, fensterähnliche Öffnung, welche von einem Vorhang grüner Blätter bedeckt waren.",Mauerecke,Non-MRW,Non-MRW
1134,11,"Innerhalb der Laube befanden sich rechts und links von der Mauerecke je eine viereckige, fensterähnliche Öffnung, welche von einem Vorhang grüner Blätter bedeckt waren.",je,Non-MRW,Non-MRW
1134,12,"Innerhalb der Laube befanden sich rechts und links von der Mauerecke je eine viereckige, fensterähnliche Öffnung, welche von einem Vorhang grüner Blätter bedeckt waren.",eine,Non-MRW,Non-MRW
1134,13,"Innerhalb der Laube befanden sich rechts und links von der Mauerecke je eine viereckige, fensterähnliche Öffnung, welche von einem Vorhang grüner Blätter bedeckt waren.",viereckige,Non-MRW,Non-MRW
1134,15,"Innerhalb der Laube befanden sich rechts und links von der Mauerecke je eine viereckige, fensterähnliche Öffnung, welche von einem Vorhang grüner Blätter bedeckt waren.",fensterähnliche,Non-MRW,Non-MRW
1134,16,"Innerhalb der Laube befanden sich rechts und links von der Mauerecke je eine viereckige, fensterähnliche Öffnung, welche von einem Vorhang grüner Blätter bedeckt waren.",Öffnung,Non-MRW,Non-MRW
1134,18,"Innerhalb der Laube befanden sich rechts und links von der Mauerecke je eine viereckige, fensterähnliche Öffnung, welche von einem Vorhang grüner Blätter bedeckt waren.",welche,Non-MRW,Non-MRW
1134,19,"Innerhalb der Laube befanden sich rechts und links von der Mauerecke je eine viereckige, fensterähnliche Öffnung, welche von einem Vorhang grüner Blätter bedeckt waren.",von,Non-MRW,Non-MRW
1134,20,"Innerhalb der Laube befanden sich rechts und links von der Mauerecke je eine viereckige, fensterähnliche Öffnung, welche von einem Vorhang grüner Blätter bedeckt waren.",einem,Non-MRW,Non-MRW
1134,21,"Innerhalb der Laube befanden sich rechts und links von der Mauerecke je eine viereckige, fensterähnliche Öffnung, welche von einem Vorhang grüner Blätter bedeckt waren.",Vorhang,MRW,indirect
1134,22,"Innerhalb der Laube befanden sich rechts und links von der Mauerecke je eine viereckige, fensterähnliche Öffnung, welche von einem Vorhang grüner Blätter bedeckt waren.",grüner,Non-MRW,Non-MRW
1134,23,"Innerhalb der Laube befanden sich rechts und links von der Mauerecke je eine viereckige, fensterähnliche Öffnung, welche von einem Vorhang grüner Blätter bedeckt waren.",Blätter,Non-MRW,Non-MRW
1134,24,"Innerhalb der Laube befanden sich rechts und links von der Mauerecke je eine viereckige, fensterähnliche Öffnung, welche von einem Vorhang grüner Blätter bedeckt waren.",bedeckt,Non-MRW,Non-MRW
1134,25,"Innerhalb der Laube befanden sich rechts und links von der Mauerecke je eine viereckige, fensterähnliche Öffnung, welche von einem Vorhang grüner Blätter bedeckt waren.",waren,Non-MRW,Non-MRW
1174,0,"Das Bett des Baches bestand aus leichtem, tiefem Sand, welcher sich unschwer ausgraben ließ.",Das,Non-MRW,Non-MRW
1174,1,"Das Bett des Baches bestand aus leichtem, tiefem Sand, welcher sich unschwer ausgraben ließ.",Bett,MRW,indirect
1174,2,"Das Bett des Baches bestand aus leichtem, tiefem Sand, welcher sich unschwer ausgraben ließ.",des,Non-MRW,Non-MRW
1174,3,"Das Bett des Baches bestand aus leichtem, tiefem Sand, welcher sich unschwer ausgraben ließ.",Baches,Non-MRW,Non-MRW
1174,4,"Das Bett des Baches bestand aus leichtem, tiefem Sand, welcher sich unschwer ausgraben ließ.",bestand,Non-MRW,Non-MRW
1174,5,"Das Bett des Baches bestand aus leichtem, tiefem Sand, welcher sich unschwer ausgraben ließ.",aus,Non-MRW,Non-MRW
1174,6,"Das Bett des Baches bestand aus leichtem, tiefem Sand, welcher sich unschwer ausgraben ließ.",leichtem,Non-MRW,Non-MRW
1174,8,"Das Bett des Baches bestand aus leichtem, tiefem Sand, welcher sich unschwer ausgraben ließ.",tiefem,Non-MRW,Non-MRW
1174,9,"Das Bett des Baches bestand aus leichtem, tiefem Sand, welcher sich unschwer ausgraben ließ.",Sand,Non-MRW,Non-MRW
1174,11,"Das Bett des Baches bestand aus leichtem, tiefem Sand, welcher sich unschwer ausgraben ließ.",welcher,Non-MRW,Non-MRW
1174,12,"Das Bett des Baches bestand aus leichtem, tiefem Sand, welcher sich unschwer ausgraben ließ.",sich,MWE,MWE
1174,13,"Das Bett des Baches bestand aus leichtem, tiefem Sand, welcher sich unschwer ausgraben ließ.",unschwer,Non-MRW,Non-MRW
1174,14,"Das Bett des Baches bestand aus leichtem, tiefem Sand, welcher sich unschwer ausgraben ließ.",ausgraben,Non-MRW,Non-MRW
1174,15,"Das Bett des Baches bestand aus leichtem, tiefem Sand, welcher sich unschwer ausgraben ließ.",ließ,Non-MRW,Non-MRW
1234,0,"Eine geöffnete niedrige Tür – und zu ihren Füßen eine riesige, in Halbdunkel getauchte, dunstige, mit Köpfen bunt besetzte Höhle; rote, in der schwülen Luft fast erstickende Lichtzünglein.",Eine,Non-MRW,Non-MRW
1234,1,"Eine geöffnete niedrige Tür – und zu ihren Füßen eine riesige, in Halbdunkel getauchte, dunstige, mit Köpfen bunt besetzte Höhle; rote, in der schwülen Luft fast erstickende Lichtzünglein.",geöffnete,Non-MRW,Non-MRW
1234,2,"Eine geöffnete niedrige Tür – und zu ihren Füßen eine riesige, in Halbdunkel getauchte, dunstige, mit Köpfen bunt besetzte Höhle; rote, in der schwülen Luft fast erstickende Lichtzünglein.",niedrige,Non-MRW,Non-MRW
1234,3,"Eine geöffnete niedrige Tür – und zu ihren Füßen eine riesige, in Halbdunkel getauchte, dunstige, mit Köpfen bunt besetzte Höhle; rote, in der schwülen Luft fast erstickende Lichtzünglein.",Tür,Non-MRW,Non-MRW
1234,5,"Eine geöffnete niedrige Tür – und zu ihren Füßen eine riesige, in Halbdunkel getauchte, dunstige, mit Köpfen bunt besetzte Höhle; rote, in der schwülen Luft fast erstickende Lichtzünglein.",und,Non-MRW,Non-MRW
1234,6,"Eine geöffnete niedrige Tür – und zu ihren Füßen eine riesige, in Halbdunkel getauchte, dunstige, mit Köpfen bunt besetzte Höhle; rote, in der schwülen Luft fast erstickende Lichtzünglein.",zu,MRW,indirect
1234,7,"Eine geöffnete niedrige Tür – und zu ihren Füßen eine riesige, in Halbdunkel getauchte, dunstige, mit Köpfen bunt besetzte Höhle; rote, in der schwülen Luft fast erstickende Lichtzünglein.",ihren,Non-MRW,Non-MRW
1234,8,"Eine geöffnete niedrige Tür – und zu ihren Füßen eine riesige, in Halbdunkel getauchte, dunstige, mit Köpfen bunt besetzte Höhle; rote, in der schwülen Luft fast erstickende Lichtzünglein.",Füßen,MRW,indirect
1234,9,"Eine geöffnete niedrige Tür – und zu ihren Füßen eine riesige, in Halbdunkel getauchte, dunstige, mit Köpfen bunt besetzte Höhle; rote, in der schwülen Luft fast erstickende Lichtzünglein.",eine,Non-MRW,Non-MRW
1234,10,"Eine geöffnete niedrige Tür – und zu ihren Füßen eine riesige, in Halbdunkel getauchte, dunstige, mit Köpfen bunt besetzte Höhle; rote, in der schwülen Luft fast erstickende Lichtzünglein.",riesige,Non-MRW,Non-MRW
1234,12,"Eine geöffnete niedrige Tür – und zu ihren Füßen eine riesige, in Halbdunkel getauchte, dunstige, mit Köpfen bunt besetzte Höhle; rote, in der schwülen Luft fast erstickende Lichtzünglein.",in,MRW,indirect
1234,13,"Eine geöffnete niedrige Tür – und zu ihren Füßen eine riesige, in Halbdunkel getauchte, dunstige, mit Köpfen bunt besetzte Höhle; rote, in der schwülen Luft fast erstickende Lichtzünglein.",Halbdunkel,Non-MRW,Non-MRW
1234,14,"Eine geöffnete niedrige Tür – und zu ihren Füßen eine riesige, in Halbdunkel getauchte, dunstige, mit Köpfen bunt besetzte Höhle; rote, in der schwülen Luft fast erstickende Lichtzünglein.",getauchte,MRW,indirect
1234,16,"Eine geöffnete niedrige Tür – und zu ihren Füßen eine riesige, in Halbdunkel getauchte, dunstige, mit Köpfen bunt besetzte Höhle; rote, in der schwülen Luft fast erstickende Lichtzünglein.",dunstige,Non-MRW,Non-MRW
1234,18,"Eine geöffnete niedrige Tür – und zu ihren Füßen eine riesige, in Halbdunkel getauchte, dunstige, mit Köpfen bunt besetzte Höhle; rote, in der schwülen Luft fast erstickende Lichtzünglein.",mit,Non-MRW,Non-MRW
1234,19,"Eine geöffnete niedrige Tür – und zu ihren Füßen eine riesige, in Halbdunkel getauchte, dunstige, mit Köpfen bunt besetzte Höhle; rote, in der schwülen Luft fast erstickende Lichtzünglein.",Köpfen,WIDLII,WIDLII
1234,20,"Eine geöffnete niedrige Tür – und zu ihren Füßen eine riesige, in Halbdunkel getauchte, dunstige, mit Köpfen bunt besetzte Höhle; rote, in der schwülen Luft fast erstickende Lichtzünglein.",bunt,WIDLII,WIDLII
1234,21,"Eine geöffnete niedrige Tür – und zu ihren Füßen eine riesige, in Halbdunkel getauchte, dunstige, mit Köpfen bunt besetzte Höhle; rote, in der schwülen Luft fast erstickende Lichtzünglein.",besetzte,MRW,indirect
1234,22,"Eine geöffnete niedrige Tür – und zu ihren Füßen eine riesige, in Halbdunkel getauchte, dunstige, mit Köpfen bunt besetzte Höhle; rote, in der schwülen Luft fast erstickende Lichtzünglein.",Höhle,Non-MRW,Non-MRW
1234,24,"Eine geöffnete niedrige Tür – und zu ihren Füßen eine riesige, in Halbdunkel getauchte, dunstige, mit Köpfen bunt besetzte Höhle; rote, in der schwülen Luft fast erstickende Lichtzünglein.",rote,Non-MRW,Non-MRW
1234,26,"Eine geöffnete niedrige Tür – und zu ihren Füßen eine riesige, in Halbdunkel getauchte, dunstige, mit Köpfen bunt besetzte Höhle; rote, in der schwülen Luft fast erstickende Lichtzünglein.",in,Non-MRW,Non-MRW
1234,27,"Eine geöffnete niedrige Tür – und zu ihren Füßen eine riesige, in Halbdunkel getauchte, dunstige, mit Köpfen bunt besetzte Höhle; rote, in der schwülen Luft fast erstickende Lichtzünglein.",der,Non-MRW,Non-MRW
1234,28,"Eine geöffnete niedrige Tür – und zu ihren Füßen eine riesige, in Halbdunkel getauchte, dunstige, mit Köpfen bunt besetzte Höhle; rote, in der schwülen Luft fast erstickende Lichtzünglein.",schwülen,Non-MRW,Non-MRW
1234,29,"Eine geöffnete niedrige Tür – und zu ihren Füßen eine riesige, in Halbdunkel getauchte, dunstige, mit Köpfen bunt besetzte Höhle; rote, in der schwülen Luft fast erstickende Lichtzünglein.",Luft,Non-MRW,Non-MRW
1234,30,"Eine geöffnete niedrige Tür – und zu ihren Füßen eine riesige, in Halbdunkel getauchte, dunstige, mit Köpfen bunt besetzte Höhle; rote, in der schwülen Luft fast erstickende Lichtzünglein.",fast,Non-MRW,Non-MRW
1234,31,"Eine geöffnete niedrige Tür – und zu ihren Füßen eine riesige, in Halbdunkel getauchte, dunstige, mit Köpfen bunt besetzte Höhle; rote, in der schwülen Luft fast erstickende Lichtzünglein.",erstickende,MRW,indirect
1234,32,"Eine geöffnete niedrige Tür – und zu ihren Füßen eine riesige, in Halbdunkel getauchte, dunstige, mit Köpfen bunt besetzte Höhle; rote, in der schwülen Luft fast erstickende Lichtzünglein.",Licht,Non-MRW,Non-MRW
1234,32,"Eine geöffnete niedrige Tür – und zu ihren Füßen eine riesige, in Halbdunkel getauchte, dunstige, mit Köpfen bunt besetzte Höhle; rote, in der schwülen Luft fast erstickende Lichtzünglein.",zünglein,MRW,indirect
1237,0,"Hier hatte die junge Magd aufgeräumt, die Unordnung und der Dunst waren verschwunden, eine schöne Lampe mit mattgeschliffener Kristallkuppel brannte auf dem runden Tisch vor dem Diwan.",Hier,Non-MRW,Non-MRW
1237,1,"Hier hatte die junge Magd aufgeräumt, die Unordnung und der Dunst waren verschwunden, eine schöne Lampe mit mattgeschliffener Kristallkuppel brannte auf dem runden Tisch vor dem Diwan.",hatte,Non-MRW,Non-MRW
1237,2,"Hier hatte die junge Magd aufgeräumt, die Unordnung und der Dunst waren verschwunden, eine schöne Lampe mit mattgeschliffener Kristallkuppel brannte auf dem runden Tisch vor dem Diwan.",die,Non-MRW,Non-MRW
1237,3,"Hier hatte die junge Magd aufgeräumt, die Unordnung und der Dunst waren verschwunden, eine schöne Lampe mit mattgeschliffener Kristallkuppel brannte auf dem runden Tisch vor dem Diwan.",junge,Non-MRW,Non-MRW
1237,4,"Hier hatte die junge Magd aufgeräumt, die Unordnung und der Dunst waren verschwunden, eine schöne Lampe mit mattgeschliffener Kristallkuppel brannte auf dem runden Tisch vor dem Diwan.",Magd,Non-MRW,Non-MRW
1237,5,"Hier hatte die junge Magd aufgeräumt, die Unordnung und der Dunst waren verschwunden, eine schöne Lampe mit mattgeschliffener Kristallkuppel brannte auf dem runden Tisch vor dem Diwan.",aufgeräumt,Non-MRW,Non-MRW
1237,7,"Hier hatte die junge Magd aufgeräumt, die Unordnung und der Dunst waren verschwunden, eine schöne Lampe mit mattgeschliffener Kristallkuppel brannte auf dem runden Tisch vor dem Diwan.",die,Non-MRW,Non-MRW
1237,8,"Hier hatte die junge Magd aufgeräumt, die Unordnung und der Dunst waren verschwunden, eine schöne Lampe mit mattgeschliffener Kristallkuppel brannte auf dem runden Tisch vor dem Diwan.",Unordnung,Non-MRW,Non-MRW
1237,9,"Hier hatte die junge Magd aufgeräumt, die Unordnung und der Dunst waren verschwunden, eine schöne Lampe mit mattgeschliffener Kristallkuppel brannte auf dem runden Tisch vor dem Diwan.",und,Non-MRW,Non-MRW
1237,10,"Hier hatte die junge Magd aufgeräumt, die Unordnung und der Dunst waren verschwunden, eine schöne Lampe mit mattgeschliffener Kristallkuppel brannte auf dem runden Tisch vor dem Diwan.",der,Non-MRW,Non-MRW
1237,11,"Hier hatte die junge Magd aufgeräumt, die Unordnung und der Dunst waren verschwunden, eine schöne Lampe mit mattgeschliffener Kristallkuppel brannte auf dem runden Tisch vor dem Diwan.",Dunst,WIDLII,WIDLII
1237,12,"Hier hatte die junge Magd aufgeräumt, die Unordnung und der Dunst waren verschwunden, eine schöne Lampe mit mattgeschliffener Kristallkuppel brannte auf dem runden Tisch vor dem Diwan.",waren,Non-MRW,Non-MRW
1237,13,"Hier hatte die junge Magd aufgeräumt, die Unordnung und der Dunst waren verschwunden, eine schöne Lampe mit mattgeschliffener Kristallkuppel brannte auf dem runden Tisch vor dem Diwan.",verschwunden,Non-MRW,Non-MRW
1237,15,"Hier hatte die junge Magd aufgeräumt, die Unordnung und der Dunst waren verschwunden, eine schöne Lampe mit mattgeschliffener Kristallkuppel brannte auf dem runden Tisch vor dem Diwan.",eine,Non-MRW,Non-MRW
1237,16,"Hier hatte die junge Magd aufgeräumt, die Unordnung und der Dunst waren verschwunden, eine schöne Lampe mit mattgeschliffener Kristallkuppel brannte auf dem runden Tisch vor dem Diwan.",schöne,Non-MRW,Non-MRW
1237,17,"Hier hatte die junge Magd aufgeräumt, die Unordnung und der Dunst waren verschwunden, eine schöne Lampe mit mattgeschliffener Kristallkuppel brannte auf dem runden Tisch vor dem Diwan.",Lampe,Non-MRW,Non-MRW
1237,18,"Hier hatte die junge Magd aufgeräumt, die Unordnung und der Dunst waren verschwunden, eine schöne Lampe mit mattgeschliffener Kristallkuppel brannte auf dem runden Tisch vor dem Diwan.",mit,Non-MRW,Non-MRW
1237,19,"Hier hatte die junge Magd aufgeräumt, die Unordnung und der Dunst waren verschwunden, eine schöne Lampe mit mattgeschliffener Kristallkuppel brannte auf dem runden Tisch vor dem Diwan.",mattgeschliffener,Non-MRW,Non-MRW
1237,20,"Hier hatte die junge Magd aufgeräumt, die Unordnung und der Dunst waren verschwunden, eine schöne Lampe mit mattgeschliffener Kristallkuppel brannte auf dem runden Tisch vor dem Diwan.",Kristall,Non-MRW,Non-MRW
1237,20,"Hier hatte die junge Magd aufgeräumt, die Unordnung und der Dunst waren verschwunden, eine schöne Lampe mit mattgeschliffener Kristallkuppel brannte auf dem runden Tisch vor dem Diwan.",kuppel,MRW,indirect
1237,21,"Hier hatte die junge Magd aufgeräumt, die Unordnung und der Dunst waren verschwunden, eine schöne Lampe mit mattgeschliffener Kristallkuppel brannte auf dem runden Tisch vor dem Diwan.",brannte,MRW,indirect
1237,22,"Hier hatte die junge Magd aufgeräumt, die Unordnung und der Dunst waren verschwunden, eine schöne Lampe mit mattgeschliffener Kristallkuppel brannte auf dem runden Tisch vor dem Diwan.",auf,Non-MRW,Non-MRW
1237,23,"Hier hatte die junge Magd aufgeräumt, die Unordnung und der Dunst waren verschwunden, eine schöne Lampe mit mattgeschliffener Kristallkuppel brannte auf dem runden Tisch vor dem Diwan.",dem,Non-MRW,Non-MRW
1237,24,"Hier hatte die junge Magd aufgeräumt, die Unordnung und der Dunst waren verschwunden, eine schöne Lampe mit mattgeschliffener Kristallkuppel brannte auf dem runden Tisch vor dem Diwan.",runden,Non-MRW,Non-MRW
1237,25,"Hier hatte die junge Magd aufgeräumt, die Unordnung und der Dunst waren verschwunden, eine schöne Lampe mit mattgeschliffener Kristallkuppel brannte auf dem runden Tisch vor dem Diwan.",Tisch,Non-MRW,Non-MRW
1237,26,"Hier hatte die junge Magd aufgeräumt, die Unordnung und der Dunst waren verschwunden, eine schöne Lampe mit mattgeschliffener Kristallkuppel brannte auf dem runden Tisch vor dem Diwan.",vor,Non-MRW,Non-MRW
1237,27,"Hier hatte die junge Magd aufgeräumt, die Unordnung und der Dunst waren verschwunden, eine schöne Lampe mit mattgeschliffener Kristallkuppel brannte auf dem runden Tisch vor dem Diwan.",dem,Non-MRW,Non-MRW
1237,28,"Hier hatte die junge Magd aufgeräumt, die Unordnung und der Dunst waren verschwunden, eine schöne Lampe mit mattgeschliffener Kristallkuppel brannte auf dem runden Tisch vor dem Diwan.",Diwan,Non-MRW,Non-MRW
1267,0,"Wie war ich erstaunt, ein Logis zu sehen, welches aus Vor-, Wohn-, Schlafzimmer und Badestube bestand.",Wie,Non-MRW,Non-MRW
1267,1,"Wie war ich erstaunt, ein Logis zu sehen, welches aus Vor-, Wohn-, Schlafzimmer und Badestube bestand.",war,Non-MRW,Non-MRW
1267,2,"Wie war ich erstaunt, ein Logis zu sehen, welches aus Vor-, Wohn-, Schlafzimmer und Badestube bestand.",ich,Non-MRW,Non-MRW
1267,3,"Wie war ich erstaunt, ein Logis zu sehen, welches aus Vor-, Wohn-, Schlafzimmer und Badestube bestand.",erstaunt,Non-MRW,Non-MRW
1267,5,"Wie war ich erstaunt, ein Logis zu sehen, welches aus Vor-, Wohn-, Schlafzimmer und Badestube bestand.",ein,Non-MRW,Non-MRW
1267,6,"Wie war ich erstaunt, ein Logis zu sehen, welches aus Vor-, Wohn-, Schlafzimmer und Badestube bestand.",Logis,Non-MRW,Non-MRW
1267,7,"Wie war ich erstaunt, ein Logis zu sehen, welches aus Vor-, Wohn-, Schlafzimmer und Badestube bestand.",zu,Non-MRW,Non-MRW
1267,8,"Wie war ich erstaunt, ein Logis zu sehen, welches aus Vor-, Wohn-, Schlafzimmer und Badestube bestand.",sehen,Non-MRW,Non-MRW
1267,10,"Wie war ich erstaunt, ein Logis zu sehen, welches aus Vor-, Wohn-, Schlafzimmer und Badestube bestand.",welches,Non-MRW,Non-MRW
1267,11,"Wie war ich erstaunt, ein Logis zu sehen, welches aus Vor-, Wohn-, Schlafzimmer und Badestube bestand.",aus,Non-MRW,Non-MRW
1267,12,"Wie war ich erstaunt, ein Logis zu sehen, welches aus Vor-, Wohn-, Schlafzimmer und Badestube bestand.",Vor-,Non-MRW,Non-MRW
1267,14,"Wie war ich erstaunt, ein Logis zu sehen, welches aus Vor-, Wohn-, Schlafzimmer und Badestube bestand.",Wohn-,Non-MRW,Non-MRW
1267,16,"Wie war ich erstaunt, ein Logis zu sehen, welches aus Vor-, Wohn-, Schlafzimmer und Badestube bestand.",Schlafzimmer,Non-MRW,Non-MRW
1267,17,"Wie war ich erstaunt, ein Logis zu sehen, welches aus Vor-, Wohn-, Schlafzimmer und Badestube bestand.",und,Non-MRW,Non-MRW
1267,18,"Wie war ich erstaunt, ein Logis zu sehen, welches aus Vor-, Wohn-, Schlafzimmer und Badestube bestand.",Badestube,Non-MRW,Non-MRW
1267,19,"Wie war ich erstaunt, ein Logis zu sehen, welches aus Vor-, Wohn-, Schlafzimmer und Badestube bestand.",bestand,Non-MRW,Non-MRW
1290,0,"Lichtgrün auch nickten die Baumwipfel des Dusenbachtales auf den silbern plätschernden Bach, und als ob nie frevelnd wilde Hand in ihr stilles Heiligtum gegriffen, stand die Waldkapelle friedvoll mit weitgeöffneter Tür.",Lichtgrün,MRW,indirect
1290,1,"Lichtgrün auch nickten die Baumwipfel des Dusenbachtales auf den silbern plätschernden Bach, und als ob nie frevelnd wilde Hand in ihr stilles Heiligtum gegriffen, stand die Waldkapelle friedvoll mit weitgeöffneter Tür.",auch,Non-MRW,Non-MRW
1290,2,"Lichtgrün auch nickten die Baumwipfel des Dusenbachtales auf den silbern plätschernden Bach, und als ob nie frevelnd wilde Hand in ihr stilles Heiligtum gegriffen, stand die Waldkapelle friedvoll mit weitgeöffneter Tür.",nickten,MRW,indirect
1290,3,"Lichtgrün auch nickten die Baumwipfel des Dusenbachtales auf den silbern plätschernden Bach, und als ob nie frevelnd wilde Hand in ihr stilles Heiligtum gegriffen, stand die Waldkapelle friedvoll mit weitgeöffneter Tür.",die,Non-MRW,Non-MRW
1290,4,"Lichtgrün auch nickten die Baumwipfel des Dusenbachtales auf den silbern plätschernden Bach, und als ob nie frevelnd wilde Hand in ihr stilles Heiligtum gegriffen, stand die Waldkapelle friedvoll mit weitgeöffneter Tür.",Baumwipfel,Non-MRW,Non-MRW
1290,5,"Lichtgrün auch nickten die Baumwipfel des Dusenbachtales auf den silbern plätschernden Bach, und als ob nie frevelnd wilde Hand in ihr stilles Heiligtum gegriffen, stand die Waldkapelle friedvoll mit weitgeöffneter Tür.",des,Non-MRW,Non-MRW
1290,6,"Lichtgrün auch nickten die Baumwipfel des Dusenbachtales auf den silbern plätschernden Bach, und als ob nie frevelnd wilde Hand in ihr stilles Heiligtum gegriffen, stand die Waldkapelle friedvoll mit weitgeöffneter Tür.",Dusenbachtales,Non-MRW,Non-MRW
1290,7,"Lichtgrün auch nickten die Baumwipfel des Dusenbachtales auf den silbern plätschernden Bach, und als ob nie frevelnd wilde Hand in ihr stilles Heiligtum gegriffen, stand die Waldkapelle friedvoll mit weitgeöffneter Tür.",auf,Non-MRW,Non-MRW
1290,8,"Lichtgrün auch nickten die Baumwipfel des Dusenbachtales auf den silbern plätschernden Bach, und als ob nie frevelnd wilde Hand in ihr stilles Heiligtum gegriffen, stand die Waldkapelle friedvoll mit weitgeöffneter Tür.",den,Non-MRW,Non-MRW
1290,9,"Lichtgrün auch nickten die Baumwipfel des Dusenbachtales auf den silbern plätschernden Bach, und als ob nie frevelnd wilde Hand in ihr stilles Heiligtum gegriffen, stand die Waldkapelle friedvoll mit weitgeöffneter Tür.",silbern,MRW,indirect
1290,10,"Lichtgrün auch nickten die Baumwipfel des Dusenbachtales auf den silbern plätschernden Bach, und als ob nie frevelnd wilde Hand in ihr stilles Heiligtum gegriffen, stand die Waldkapelle friedvoll mit weitgeöffneter Tür.",plätschernden,Non-MRW,Non-MRW
1290,11,"Lichtgrün auch nickten die Baumwipfel des Dusenbachtales auf den silbern plätschernden Bach, und als ob nie frevelnd wilde Hand in ihr stilles Heiligtum gegriffen, stand die Waldkapelle friedvoll mit weitgeöffneter Tür.",Bach,Non-MRW,Non-MRW
1290,13,"Lichtgrün auch nickten die Baumwipfel des Dusenbachtales auf den silbern plätschernden Bach, und als ob nie frevelnd wilde Hand in ihr stilles Heiligtum gegriffen, stand die Waldkapelle friedvoll mit weitgeöffneter Tür.",und,Non-MRW,Non-MRW
1290,14,"Lichtgrün auch nickten die Baumwipfel des Dusenbachtales auf den silbern plätschernden Bach, und als ob nie frevelnd wilde Hand in ihr stilles Heiligtum gegriffen, stand die Waldkapelle friedvoll mit weitgeöffneter Tür.",als,Mflag,Mflag
1290,15,"Lichtgrün auch nickten die Baumwipfel des Dusenbachtales auf den silbern plätschernden Bach, und als ob nie frevelnd wilde Hand in ihr stilles Heiligtum gegriffen, stand die Waldkapelle friedvoll mit weitgeöffneter Tür.",ob,Mflag,Mflag
1290,16,"Lichtgrün auch nickten die Baumwipfel des Dusenbachtales auf den silbern plätschernden Bach, und als ob nie frevelnd wilde Hand in ihr stilles Heiligtum gegriffen, stand die Waldkapelle friedvoll mit weitgeöffneter Tür.",nie,MRW,STOPWORD
1290,17,"Lichtgrün auch nickten die Baumwipfel des Dusenbachtales auf den silbern plätschernden Bach, und als ob nie frevelnd wilde Hand in ihr stilles Heiligtum gegriffen, stand die Waldkapelle friedvoll mit weitgeöffneter Tür.",frevelnd,MRW,direct
1290,18,"Lichtgrün auch nickten die Baumwipfel des Dusenbachtales auf den silbern plätschernden Bach, und als ob nie frevelnd wilde Hand in ihr stilles Heiligtum gegriffen, stand die Waldkapelle friedvoll mit weitgeöffneter Tür.",wilde,MRW,direct
1290,19,"Lichtgrün auch nickten die Baumwipfel des Dusenbachtales auf den silbern plätschernden Bach, und als ob nie frevelnd wilde Hand in ihr stilles Heiligtum gegriffen, stand die Waldkapelle friedvoll mit weitgeöffneter Tür.",Hand,MRW,direct
1290,20,"Lichtgrün auch nickten die Baumwipfel des Dusenbachtales auf den silbern plätschernden Bach, und als ob nie frevelnd wilde Hand in ihr stilles Heiligtum gegriffen, stand die Waldkapelle friedvoll mit weitgeöffneter Tür.",in,MRW,STOPWORD
1290,21,"Lichtgrün auch nickten die Baumwipfel des Dusenbachtales auf den silbern plätschernden Bach, und als ob nie frevelnd wilde Hand in ihr stilles Heiligtum gegriffen, stand die Waldkapelle friedvoll mit weitgeöffneter Tür.",ihr,MRW,STOPWORD
1290,22,"Lichtgrün auch nickten die Baumwipfel des Dusenbachtales auf den silbern plätschernden Bach, und als ob nie frevelnd wilde Hand in ihr stilles Heiligtum gegriffen, stand die Waldkapelle friedvoll mit weitgeöffneter Tür.",stilles,MRW,direct
1290,23,"Lichtgrün auch nickten die Baumwipfel des Dusenbachtales auf den silbern plätschernden Bach, und als ob nie frevelnd wilde Hand in ihr stilles Heiligtum gegriffen, stand die Waldkapelle friedvoll mit weitgeöffneter Tür.",Heiligtum,MRW,direct
1290,24,"Lichtgrün auch nickten die Baumwipfel des Dusenbachtales auf den silbern plätschernden Bach, und als ob nie frevelnd wilde Hand in ihr stilles Heiligtum gegriffen, stand die Waldkapelle friedvoll mit weitgeöffneter Tür.",gegriffen,MRW,direct
1290,26,"Lichtgrün auch nickten die Baumwipfel des Dusenbachtales auf den silbern plätschernden Bach, und als ob nie frevelnd wilde Hand in ihr stilles Heiligtum gegriffen, stand die Waldkapelle friedvoll mit weitgeöffneter Tür.",stand,MRW,indirect
1290,27,"Lichtgrün auch nickten die Baumwipfel des Dusenbachtales auf den silbern plätschernden Bach, und als ob nie frevelnd wilde Hand in ihr stilles Heiligtum gegriffen, stand die Waldkapelle friedvoll mit weitgeöffneter Tür.",die,Non-MRW,Non-MRW
1290,28,"Lichtgrün auch nickten die Baumwipfel des Dusenbachtales auf den silbern plätschernden Bach, und als ob nie frevelnd wilde Hand in ihr stilles Heiligtum gegriffen, stand die Waldkapelle friedvoll mit weitgeöffneter Tür.",Waldkapelle,Non-MRW,Non-MRW
1290,29,"Lichtgrün auch nickten die Baumwipfel des Dusenbachtales auf den silbern plätschernden Bach, und als ob nie frevelnd wilde Hand in ihr stilles Heiligtum gegriffen, stand die Waldkapelle friedvoll mit weitgeöffneter Tür.",friedvoll,MRW,indirect
1290,30,"Lichtgrün auch nickten die Baumwipfel des Dusenbachtales auf den silbern plätschernden Bach, und als ob nie frevelnd wilde Hand in ihr stilles Heiligtum gegriffen, stand die Waldkapelle friedvoll mit weitgeöffneter Tür.",mit,Non-MRW,Non-MRW
1290,31,"Lichtgrün auch nickten die Baumwipfel des Dusenbachtales auf den silbern plätschernden Bach, und als ob nie frevelnd wilde Hand in ihr stilles Heiligtum gegriffen, stand die Waldkapelle friedvoll mit weitgeöffneter Tür.",weitgeöffneter,Non-MRW,Non-MRW
1290,32,"Lichtgrün auch nickten die Baumwipfel des Dusenbachtales auf den silbern plätschernden Bach, und als ob nie frevelnd wilde Hand in ihr stilles Heiligtum gegriffen, stand die Waldkapelle friedvoll mit weitgeöffneter Tür.",Tür,Non-MRW,Non-MRW
1310,0,In einer Ecke stand Gauds schönes Bett mit den weißen Musselinvorhängen; und der frische und elegante Gegenstand nahm sich in der armseligen Keltenhütte ganz merkwürdig aus.,In,Non-MRW,Non-MRW
1310,1,In einer Ecke stand Gauds schönes Bett mit den weißen Musselinvorhängen; und der frische und elegante Gegenstand nahm sich in der armseligen Keltenhütte ganz merkwürdig aus.,einer,Non-MRW,Non-MRW
1310,2,In einer Ecke stand Gauds schönes Bett mit den weißen Musselinvorhängen; und der frische und elegante Gegenstand nahm sich in der armseligen Keltenhütte ganz merkwürdig aus.,Ecke,Non-MRW,Non-MRW
1310,3,In einer Ecke stand Gauds schönes Bett mit den weißen Musselinvorhängen; und der frische und elegante Gegenstand nahm sich in der armseligen Keltenhütte ganz merkwürdig aus.,stand,MRW,indirect
1310,4,In einer Ecke stand Gauds schönes Bett mit den weißen Musselinvorhängen; und der frische und elegante Gegenstand nahm sich in der armseligen Keltenhütte ganz merkwürdig aus.,Gauds,Non-MRW,Non-MRW
1310,5,In einer Ecke stand Gauds schönes Bett mit den weißen Musselinvorhängen; und der frische und elegante Gegenstand nahm sich in der armseligen Keltenhütte ganz merkwürdig aus.,schönes,Non-MRW,Non-MRW
1310,6,In einer Ecke stand Gauds schönes Bett mit den weißen Musselinvorhängen; und der frische und elegante Gegenstand nahm sich in der armseligen Keltenhütte ganz merkwürdig aus.,Bett,Non-MRW,Non-MRW
1310,7,In einer Ecke stand Gauds schönes Bett mit den weißen Musselinvorhängen; und der frische und elegante Gegenstand nahm sich in der armseligen Keltenhütte ganz merkwürdig aus.,mit,Non-MRW,Non-MRW
1310,8,In einer Ecke stand Gauds schönes Bett mit den weißen Musselinvorhängen; und der frische und elegante Gegenstand nahm sich in der armseligen Keltenhütte ganz merkwürdig aus.,den,Non-MRW,Non-MRW
1310,9,In einer Ecke stand Gauds schönes Bett mit den weißen Musselinvorhängen; und der frische und elegante Gegenstand nahm sich in der armseligen Keltenhütte ganz merkwürdig aus.,weißen,Non-MRW,Non-MRW
1310,10,In einer Ecke stand Gauds schönes Bett mit den weißen Musselinvorhängen; und der frische und elegante Gegenstand nahm sich in der armseligen Keltenhütte ganz merkwürdig aus.,Musselinvorhängen,Non-MRW,Non-MRW
1310,11,In einer Ecke stand Gauds schönes Bett mit den weißen Musselinvorhängen; und der frische und elegante Gegenstand nahm sich in der armseligen Keltenhütte ganz merkwürdig aus.,und,Non-MRW,Non-MRW
1310,12,In einer Ecke stand Gauds schönes Bett mit den weißen Musselinvorhängen; und der frische und elegante Gegenstand nahm sich in der armseligen Keltenhütte ganz merkwürdig aus.,der,Non-MRW,Non-MRW
1310,13,In einer Ecke stand Gauds schönes Bett mit den weißen Musselinvorhängen; und der frische und elegante Gegenstand nahm sich in der armseligen Keltenhütte ganz merkwürdig aus.,frische,WIDLII,WIDLII
1310,14,In einer Ecke stand Gauds schönes Bett mit den weißen Musselinvorhängen; und der frische und elegante Gegenstand nahm sich in der armseligen Keltenhütte ganz merkwürdig aus.,und,Non-MRW,Non-MRW
1310,15,In einer Ecke stand Gauds schönes Bett mit den weißen Musselinvorhängen; und der frische und elegante Gegenstand nahm sich in der armseligen Keltenhütte ganz merkwürdig aus.,elegante,Non-MRW,Non-MRW
1310,16,In einer Ecke stand Gauds schönes Bett mit den weißen Musselinvorhängen; und der frische und elegante Gegenstand nahm sich in der armseligen Keltenhütte ganz merkwürdig aus.,Gegenstand,Non-MRW,Non-MRW
1310,17,In einer Ecke stand Gauds schönes Bett mit den weißen Musselinvorhängen; und der frische und elegante Gegenstand nahm sich in der armseligen Keltenhütte ganz merkwürdig aus.,nahm,MRW,indirect
1310,18,In einer Ecke stand Gauds schönes Bett mit den weißen Musselinvorhängen; und der frische und elegante Gegenstand nahm sich in der armseligen Keltenhütte ganz merkwürdig aus.,sich,MWE,MWE
1310,19,In einer Ecke stand Gauds schönes Bett mit den weißen Musselinvorhängen; und der frische und elegante Gegenstand nahm sich in der armseligen Keltenhütte ganz merkwürdig aus.,in,Non-MRW,Non-MRW
1310,20,In einer Ecke stand Gauds schönes Bett mit den weißen Musselinvorhängen; und der frische und elegante Gegenstand nahm sich in der armseligen Keltenhütte ganz merkwürdig aus.,der,Non-MRW,Non-MRW
1310,21,In einer Ecke stand Gauds schönes Bett mit den weißen Musselinvorhängen; und der frische und elegante Gegenstand nahm sich in der armseligen Keltenhütte ganz merkwürdig aus.,armseligen,Non-MRW,Non-MRW
1310,22,In einer Ecke stand Gauds schönes Bett mit den weißen Musselinvorhängen; und der frische und elegante Gegenstand nahm sich in der armseligen Keltenhütte ganz merkwürdig aus.,Keltenhütte,Non-MRW,Non-MRW
1310,23,In einer Ecke stand Gauds schönes Bett mit den weißen Musselinvorhängen; und der frische und elegante Gegenstand nahm sich in der armseligen Keltenhütte ganz merkwürdig aus.,ganz,Non-MRW,Non-MRW
1310,24,In einer Ecke stand Gauds schönes Bett mit den weißen Musselinvorhängen; und der frische und elegante Gegenstand nahm sich in der armseligen Keltenhütte ganz merkwürdig aus.,merkwürdig,Non-MRW,Non-MRW
1310,25,In einer Ecke stand Gauds schönes Bett mit den weißen Musselinvorhängen; und der frische und elegante Gegenstand nahm sich in der armseligen Keltenhütte ganz merkwürdig aus.,aus,MWE,MWE
1314,0,"Auch hatte sie hier den Apparat dicht neben sich, während das andere Telefon sich im Bibliothekzimmer befindet.",Auch,Non-MRW,Non-MRW
1314,1,"Auch hatte sie hier den Apparat dicht neben sich, während das andere Telefon sich im Bibliothekzimmer befindet.",hatte,Non-MRW,Non-MRW
1314,2,"Auch hatte sie hier den Apparat dicht neben sich, während das andere Telefon sich im Bibliothekzimmer befindet.",sie,Non-MRW,Non-MRW
1314,3,"Auch hatte sie hier den Apparat dicht neben sich, während das andere Telefon sich im Bibliothekzimmer befindet.",hier,Non-MRW,Non-MRW
1314,4,"Auch hatte sie hier den Apparat dicht neben sich, während das andere Telefon sich im Bibliothekzimmer befindet.",den,Non-MRW,Non-MRW
1314,5,"Auch hatte sie hier den Apparat dicht neben sich, während das andere Telefon sich im Bibliothekzimmer befindet.",Apparat,Non-MRW,Non-MRW
1314,6,"Auch hatte sie hier den Apparat dicht neben sich, während das andere Telefon sich im Bibliothekzimmer befindet.",dicht,MRW,indirect
1314,7,"Auch hatte sie hier den Apparat dicht neben sich, während das andere Telefon sich im Bibliothekzimmer befindet.",neben,Non-MRW,Non-MRW
1314,8,"Auch hatte sie hier den Apparat dicht neben sich, während das andere Telefon sich im Bibliothekzimmer befindet.",sich,Non-MRW,Non-MRW
1314,10,"Auch hatte sie hier den Apparat dicht neben sich, während das andere Telefon sich im Bibliothekzimmer befindet.",während,Non-MRW,Non-MRW
1314,11,"Auch hatte sie hier den Apparat dicht neben sich, während das andere Telefon sich im Bibliothekzimmer befindet.",das,Non-MRW,Non-MRW
1314,12,"Auch hatte sie hier den Apparat dicht neben sich, während das andere Telefon sich im Bibliothekzimmer befindet.",andere,Non-MRW,Non-MRW
1314,13,"Auch hatte sie hier den Apparat dicht neben sich, während das andere Telefon sich im Bibliothekzimmer befindet.",Telefon,Non-MRW,Non-MRW
1314,14,"Auch hatte sie hier den Apparat dicht neben sich, während das andere Telefon sich im Bibliothekzimmer befindet.",sich,MWE,MWE
1314,15,"Auch hatte sie hier den Apparat dicht neben sich, während das andere Telefon sich im Bibliothekzimmer befindet.",im,Non-MRW,Non-MRW
1314,16,"Auch hatte sie hier den Apparat dicht neben sich, während das andere Telefon sich im Bibliothekzimmer befindet.",Bibliothekzimmer,Non-MRW,Non-MRW
1314,17,"Auch hatte sie hier den Apparat dicht neben sich, während das andere Telefon sich im Bibliothekzimmer befindet.",befindet,Non-MRW,Non-MRW
1434,0,"Es war dort angenehm warm, man hörte jetzt von der Straße keinerlei Geräusch mehr, es schien, als wenn er als einzig Lebender eine tote Stadt bewohnte.",Es,Non-MRW,Non-MRW
1434,1,"Es war dort angenehm warm, man hörte jetzt von der Straße keinerlei Geräusch mehr, es schien, als wenn er als einzig Lebender eine tote Stadt bewohnte.",war,Non-MRW,Non-MRW
1434,2,"Es war dort angenehm warm, man hörte jetzt von der Straße keinerlei Geräusch mehr, es schien, als wenn er als einzig Lebender eine tote Stadt bewohnte.",dort,Non-MRW,Non-MRW
1434,3,"Es war dort angenehm warm, man hörte jetzt von der Straße keinerlei Geräusch mehr, es schien, als wenn er als einzig Lebender eine tote Stadt bewohnte.",angenehm,Non-MRW,Non-MRW
1434,4,"Es war dort angenehm warm, man hörte jetzt von der Straße keinerlei Geräusch mehr, es schien, als wenn er als einzig Lebender eine tote Stadt bewohnte.",warm,Non-MRW,Non-MRW
1434,6,"Es war dort angenehm warm, man hörte jetzt von der Straße keinerlei Geräusch mehr, es schien, als wenn er als einzig Lebender eine tote Stadt bewohnte.",man,Non-MRW,Non-MRW
1434,7,"Es war dort angenehm warm, man hörte jetzt von der Straße keinerlei Geräusch mehr, es schien, als wenn er als einzig Lebender eine tote Stadt bewohnte.",hörte,Non-MRW,Non-MRW
1434,8,"Es war dort angenehm warm, man hörte jetzt von der Straße keinerlei Geräusch mehr, es schien, als wenn er als einzig Lebender eine tote Stadt bewohnte.",jetzt,Non-MRW,Non-MRW
1434,9,"Es war dort angenehm warm, man hörte jetzt von der Straße keinerlei Geräusch mehr, es schien, als wenn er als einzig Lebender eine tote Stadt bewohnte.",von,Non-MRW,Non-MRW
1434,10,"Es war dort angenehm warm, man hörte jetzt von der Straße keinerlei Geräusch mehr, es schien, als wenn er als einzig Lebender eine tote Stadt bewohnte.",der,Non-MRW,Non-MRW
1434,11,"Es war dort angenehm warm, man hörte jetzt von der Straße keinerlei Geräusch mehr, es schien, als wenn er als einzig Lebender eine tote Stadt bewohnte.",Straße,Non-MRW,Non-MRW
1434,12,"Es war dort angenehm warm, man hörte jetzt von der Straße keinerlei Geräusch mehr, es schien, als wenn er als einzig Lebender eine tote Stadt bewohnte.",keinerlei,Non-MRW,Non-MRW
1434,13,"Es war dort angenehm warm, man hörte jetzt von der Straße keinerlei Geräusch mehr, es schien, als wenn er als einzig Lebender eine tote Stadt bewohnte.",Geräusch,Non-MRW,Non-MRW
1434,14,"Es war dort angenehm warm, man hörte jetzt von der Straße keinerlei Geräusch mehr, es schien, als wenn er als einzig Lebender eine tote Stadt bewohnte.",mehr,Non-MRW,Non-MRW
1434,16,"Es war dort angenehm warm, man hörte jetzt von der Straße keinerlei Geräusch mehr, es schien, als wenn er als einzig Lebender eine tote Stadt bewohnte.",es,Non-MRW,Non-MRW
1434,17,"Es war dort angenehm warm, man hörte jetzt von der Straße keinerlei Geräusch mehr, es schien, als wenn er als einzig Lebender eine tote Stadt bewohnte.",schien,Non-MRW,Non-MRW
1434,19,"Es war dort angenehm warm, man hörte jetzt von der Straße keinerlei Geräusch mehr, es schien, als wenn er als einzig Lebender eine tote Stadt bewohnte.",als,Mflag,Mflag
1434,20,"Es war dort angenehm warm, man hörte jetzt von der Straße keinerlei Geräusch mehr, es schien, als wenn er als einzig Lebender eine tote Stadt bewohnte.",wenn,Mflag,Mflag
1434,21,"Es war dort angenehm warm, man hörte jetzt von der Straße keinerlei Geräusch mehr, es schien, als wenn er als einzig Lebender eine tote Stadt bewohnte.",er,MRW,STOPWORD
1434,22,"Es war dort angenehm warm, man hörte jetzt von der Straße keinerlei Geräusch mehr, es schien, als wenn er als einzig Lebender eine tote Stadt bewohnte.",als,MRW,STOPWORD
1434,23,"Es war dort angenehm warm, man hörte jetzt von der Straße keinerlei Geräusch mehr, es schien, als wenn er als einzig Lebender eine tote Stadt bewohnte.",einzig,MRW,STOPWORD
1434,24,"Es war dort angenehm warm, man hörte jetzt von der Straße keinerlei Geräusch mehr, es schien, als wenn er als einzig Lebender eine tote Stadt bewohnte.",Lebender,MRW,direct
1434,25,"Es war dort angenehm warm, man hörte jetzt von der Straße keinerlei Geräusch mehr, es schien, als wenn er als einzig Lebender eine tote Stadt bewohnte.",eine,MRW,STOPWORD
1434,26,"Es war dort angenehm warm, man hörte jetzt von der Straße keinerlei Geräusch mehr, es schien, als wenn er als einzig Lebender eine tote Stadt bewohnte.",tote,MRW,direct
1434,27,"Es war dort angenehm warm, man hörte jetzt von der Straße keinerlei Geräusch mehr, es schien, als wenn er als einzig Lebender eine tote Stadt bewohnte.",Stadt,MRW,direct
1434,28,"Es war dort angenehm warm, man hörte jetzt von der Straße keinerlei Geräusch mehr, es schien, als wenn er als einzig Lebender eine tote Stadt bewohnte.",bewohnte,MRW,direct
1477,0,"Wie aus weiter Ferne klangen die Rhythmen der ""Ballsirenen"" in das versteckte Zimmer, in dem sie saßen, halb beschattet unter den riesigen Fächern einer Latania.",Wie,Mflag,Mflag
1477,1,"Wie aus weiter Ferne klangen die Rhythmen der ""Ballsirenen"" in das versteckte Zimmer, in dem sie saßen, halb beschattet unter den riesigen Fächern einer Latania.",aus,MRW,STOPWORD
1477,2,"Wie aus weiter Ferne klangen die Rhythmen der ""Ballsirenen"" in das versteckte Zimmer, in dem sie saßen, halb beschattet unter den riesigen Fächern einer Latania.",weiter,MRW,direct
1477,3,"Wie aus weiter Ferne klangen die Rhythmen der ""Ballsirenen"" in das versteckte Zimmer, in dem sie saßen, halb beschattet unter den riesigen Fächern einer Latania.",Ferne,MRW,direct
1477,4,"Wie aus weiter Ferne klangen die Rhythmen der ""Ballsirenen"" in das versteckte Zimmer, in dem sie saßen, halb beschattet unter den riesigen Fächern einer Latania.",klangen,Non-MRW,Non-MRW
1477,5,"Wie aus weiter Ferne klangen die Rhythmen der ""Ballsirenen"" in das versteckte Zimmer, in dem sie saßen, halb beschattet unter den riesigen Fächern einer Latania.",die,Non-MRW,Non-MRW
1477,6,"Wie aus weiter Ferne klangen die Rhythmen der ""Ballsirenen"" in das versteckte Zimmer, in dem sie saßen, halb beschattet unter den riesigen Fächern einer Latania.",Rhythmen,MRW,indirect
1477,7,"Wie aus weiter Ferne klangen die Rhythmen der ""Ballsirenen"" in das versteckte Zimmer, in dem sie saßen, halb beschattet unter den riesigen Fächern einer Latania.",der,Non-MRW,Non-MRW
1477,8,"Wie aus weiter Ferne klangen die Rhythmen der ""Ballsirenen"" in das versteckte Zimmer, in dem sie saßen, halb beschattet unter den riesigen Fächern einer Latania.",Ballsirenen,Non-MRW,Non-MRW
1477,9,"Wie aus weiter Ferne klangen die Rhythmen der ""Ballsirenen"" in das versteckte Zimmer, in dem sie saßen, halb beschattet unter den riesigen Fächern einer Latania.",in,WIDLII,WIDLII
1477,10,"Wie aus weiter Ferne klangen die Rhythmen der ""Ballsirenen"" in das versteckte Zimmer, in dem sie saßen, halb beschattet unter den riesigen Fächern einer Latania.",das,Non-MRW,Non-MRW
1477,11,"Wie aus weiter Ferne klangen die Rhythmen der ""Ballsirenen"" in das versteckte Zimmer, in dem sie saßen, halb beschattet unter den riesigen Fächern einer Latania.",versteckte,MRW,indirect
1477,12,"Wie aus weiter Ferne klangen die Rhythmen der ""Ballsirenen"" in das versteckte Zimmer, in dem sie saßen, halb beschattet unter den riesigen Fächern einer Latania.",Zimmer,Non-MRW,Non-MRW
1477,13,"Wie aus weiter Ferne klangen die Rhythmen der ""Ballsirenen"" in das versteckte Zimmer, in dem sie saßen, halb beschattet unter den riesigen Fächern einer Latania.",in,Non-MRW,Non-MRW
1477,14,"Wie aus weiter Ferne klangen die Rhythmen der ""Ballsirenen"" in das versteckte Zimmer, in dem sie saßen, halb beschattet unter den riesigen Fächern einer Latania.",dem,Non-MRW,Non-MRW
1477,15,"Wie aus weiter Ferne klangen die Rhythmen der ""Ballsirenen"" in das versteckte Zimmer, in dem sie saßen, halb beschattet unter den riesigen Fächern einer Latania.",sie,Non-MRW,Non-MRW
1477,16,"Wie aus weiter Ferne klangen die Rhythmen der ""Ballsirenen"" in das versteckte Zimmer, in dem sie saßen, halb beschattet unter den riesigen Fächern einer Latania.",saßen,Non-MRW,Non-MRW
1477,17,"Wie aus weiter Ferne klangen die Rhythmen der ""Ballsirenen"" in das versteckte Zimmer, in dem sie saßen, halb beschattet unter den riesigen Fächern einer Latania.",halb,Non-MRW,Non-MRW
1477,18,"Wie aus weiter Ferne klangen die Rhythmen der ""Ballsirenen"" in das versteckte Zimmer, in dem sie saßen, halb beschattet unter den riesigen Fächern einer Latania.",beschattet,Non-MRW,Non-MRW
1477,19,"Wie aus weiter Ferne klangen die Rhythmen der ""Ballsirenen"" in das versteckte Zimmer, in dem sie saßen, halb beschattet unter den riesigen Fächern einer Latania.",unter,Non-MRW,Non-MRW
1477,20,"Wie aus weiter Ferne klangen die Rhythmen der ""Ballsirenen"" in das versteckte Zimmer, in dem sie saßen, halb beschattet unter den riesigen Fächern einer Latania.",den,Non-MRW,Non-MRW
1477,21,"Wie aus weiter Ferne klangen die Rhythmen der ""Ballsirenen"" in das versteckte Zimmer, in dem sie saßen, halb beschattet unter den riesigen Fächern einer Latania.",riesigen,Non-MRW,Non-MRW
1477,22,"Wie aus weiter Ferne klangen die Rhythmen der ""Ballsirenen"" in das versteckte Zimmer, in dem sie saßen, halb beschattet unter den riesigen Fächern einer Latania.",Fächern,MRW,indirect
1477,23,"Wie aus weiter Ferne klangen die Rhythmen der ""Ballsirenen"" in das versteckte Zimmer, in dem sie saßen, halb beschattet unter den riesigen Fächern einer Latania.",einer,Non-MRW,Non-MRW
1477,24,"Wie aus weiter Ferne klangen die Rhythmen der ""Ballsirenen"" in das versteckte Zimmer, in dem sie saßen, halb beschattet unter den riesigen Fächern einer Latania.",Latania,Non-MRW,Non-MRW
1567,0,Aber auch auf der Marktseite waren die Vorderzimmer erleuchtet.,Aber,Non-MRW,Non-MRW
1567,1,Aber auch auf der Marktseite waren die Vorderzimmer erleuchtet.,auch,Non-MRW,Non-MRW
1567,2,Aber auch auf der Marktseite waren die Vorderzimmer erleuchtet.,auf,Non-MRW,Non-MRW
1567,3,Aber auch auf der Marktseite waren die Vorderzimmer erleuchtet.,der,Non-MRW,Non-MRW
1567,4,Aber auch auf der Marktseite waren die Vorderzimmer erleuchtet.,Marktseite,Non-MRW,Non-MRW
1567,5,Aber auch auf der Marktseite waren die Vorderzimmer erleuchtet.,waren,Non-MRW,Non-MRW
1567,6,Aber auch auf der Marktseite waren die Vorderzimmer erleuchtet.,die,Non-MRW,Non-MRW
1567,7,Aber auch auf der Marktseite waren die Vorderzimmer erleuchtet.,Vorderzimmer,Non-MRW,Non-MRW
1567,8,Aber auch auf der Marktseite waren die Vorderzimmer erleuchtet.,erleuchtet,Non-MRW,Non-MRW
1598,0,"Die Häuser lagen noch im Dunkel, wenige vereinzelte Fenster waren erleuchtet.",Die,Non-MRW,Non-MRW
1598,1,"Die Häuser lagen noch im Dunkel, wenige vereinzelte Fenster waren erleuchtet.",Häuser,Non-MRW,Non-MRW
1598,2,"Die Häuser lagen noch im Dunkel, wenige vereinzelte Fenster waren erleuchtet.",lagen,MRW,indirect
1598,3,"Die Häuser lagen noch im Dunkel, wenige vereinzelte Fenster waren erleuchtet.",noch,Non-MRW,Non-MRW
1598,4,"Die Häuser lagen noch im Dunkel, wenige vereinzelte Fenster waren erleuchtet.",im,MRW,indirect
1598,5,"Die Häuser lagen noch im Dunkel, wenige vereinzelte Fenster waren erleuchtet.",Dunkel,Non-MRW,Non-MRW
1598,6,"Die Häuser lagen noch im Dunkel, wenige vereinzelte Fenster waren erleuchtet.",wenige,Non-MRW,Non-MRW
1598,7,"Die Häuser lagen noch im Dunkel, wenige vereinzelte Fenster waren erleuchtet.",vereinzelte,Non-MRW,Non-MRW
1598,8,"Die Häuser lagen noch im Dunkel, wenige vereinzelte Fenster waren erleuchtet.",Fenster,Non-MRW,Non-MRW
1598,9,"Die Häuser lagen noch im Dunkel, wenige vereinzelte Fenster waren erleuchtet.",waren,Non-MRW,Non-MRW
1598,10,"Die Häuser lagen noch im Dunkel, wenige vereinzelte Fenster waren erleuchtet.",erleuchtet,Non-MRW,Non-MRW
1647,0,"Über die Pfützen auf der Straße fiel ein matter Schimmer, so dass die, welche gut Bescheid wußten, auf den hervorragenden Steinen sich einigermaßen trockenen Fußes bewegen konnten.",Über,Non-MRW,Non-MRW
1647,1,"Über die Pfützen auf der Straße fiel ein matter Schimmer, so dass die, welche gut Bescheid wußten, auf den hervorragenden Steinen sich einigermaßen trockenen Fußes bewegen konnten.",die,Non-MRW,Non-MRW
1647,2,"Über die Pfützen auf der Straße fiel ein matter Schimmer, so dass die, welche gut Bescheid wußten, auf den hervorragenden Steinen sich einigermaßen trockenen Fußes bewegen konnten.",Pfützen,Non-MRW,Non-MRW
1647,3,"Über die Pfützen auf der Straße fiel ein matter Schimmer, so dass die, welche gut Bescheid wußten, auf den hervorragenden Steinen sich einigermaßen trockenen Fußes bewegen konnten.",auf,Non-MRW,Non-MRW
1647,4,"Über die Pfützen auf der Straße fiel ein matter Schimmer, so dass die, welche gut Bescheid wußten, auf den hervorragenden Steinen sich einigermaßen trockenen Fußes bewegen konnten.",der,Non-MRW,Non-MRW
1647,5,"Über die Pfützen auf der Straße fiel ein matter Schimmer, so dass die, welche gut Bescheid wußten, auf den hervorragenden Steinen sich einigermaßen trockenen Fußes bewegen konnten.",Straße,Non-MRW,Non-MRW
1647,6,"Über die Pfützen auf der Straße fiel ein matter Schimmer, so dass die, welche gut Bescheid wußten, auf den hervorragenden Steinen sich einigermaßen trockenen Fußes bewegen konnten.",fiel,MRW,indirect
1647,7,"Über die Pfützen auf der Straße fiel ein matter Schimmer, so dass die, welche gut Bescheid wußten, auf den hervorragenden Steinen sich einigermaßen trockenen Fußes bewegen konnten.",ein,Non-MRW,Non-MRW
1647,8,"Über die Pfützen auf der Straße fiel ein matter Schimmer, so dass die, welche gut Bescheid wußten, auf den hervorragenden Steinen sich einigermaßen trockenen Fußes bewegen konnten.",matter,Non-MRW,Non-MRW
1647,9,"Über die Pfützen auf der Straße fiel ein matter Schimmer, so dass die, welche gut Bescheid wußten, auf den hervorragenden Steinen sich einigermaßen trockenen Fußes bewegen konnten.",Schimmer,Non-MRW,Non-MRW
1647,11,"Über die Pfützen auf der Straße fiel ein matter Schimmer, so dass die, welche gut Bescheid wußten, auf den hervorragenden Steinen sich einigermaßen trockenen Fußes bewegen konnten.",so,Non-MRW,Non-MRW
1647,12,"Über die Pfützen auf der Straße fiel ein matter Schimmer, so dass die, welche gut Bescheid wußten, auf den hervorragenden Steinen sich einigermaßen trockenen Fußes bewegen konnten.",dass,Non-MRW,Non-MRW
1647,13,"Über die Pfützen auf der Straße fiel ein matter Schimmer, so dass die, welche gut Bescheid wußten, auf den hervorragenden Steinen sich einigermaßen trockenen Fußes bewegen konnten.",die,Non-MRW,Non-MRW
1647,15,"Über die Pfützen auf der Straße fiel ein matter Schimmer, so dass die, welche gut Bescheid wußten, auf den hervorragenden Steinen sich einigermaßen trockenen Fußes bewegen konnten.",welche,Non-MRW,Non-MRW
1647,16,"Über die Pfützen auf der Straße fiel ein matter Schimmer, so dass die, welche gut Bescheid wußten, auf den hervorragenden Steinen sich einigermaßen trockenen Fußes bewegen konnten.",gut,Non-MRW,Non-MRW
1647,17,"Über die Pfützen auf der Straße fiel ein matter Schimmer, so dass die, welche gut Bescheid wußten, auf den hervorragenden Steinen sich einigermaßen trockenen Fußes bewegen konnten.",Bescheid,Non-MRW,Non-MRW
1647,18,"Über die Pfützen auf der Straße fiel ein matter Schimmer, so dass die, welche gut Bescheid wußten, auf den hervorragenden Steinen sich einigermaßen trockenen Fußes bewegen konnten.",wußten,Non-MRW,Non-MRW
1647,20,"Über die Pfützen auf der Straße fiel ein matter Schimmer, so dass die, welche gut Bescheid wußten, auf den hervorragenden Steinen sich einigermaßen trockenen Fußes bewegen konnten.",auf,Non-MRW,Non-MRW
1647,21,"Über die Pfützen auf der Straße fiel ein matter Schimmer, so dass die, welche gut Bescheid wußten, auf den hervorragenden Steinen sich einigermaßen trockenen Fußes bewegen konnten.",den,Non-MRW,Non-MRW
1647,22,"Über die Pfützen auf der Straße fiel ein matter Schimmer, so dass die, welche gut Bescheid wußten, auf den hervorragenden Steinen sich einigermaßen trockenen Fußes bewegen konnten.",hervorragenden,Non-MRW,Non-MRW
1647,23,"Über die Pfützen auf der Straße fiel ein matter Schimmer, so dass die, welche gut Bescheid wußten, auf den hervorragenden Steinen sich einigermaßen trockenen Fußes bewegen konnten.",Steinen,Non-MRW,Non-MRW
1647,24,"Über die Pfützen auf der Straße fiel ein matter Schimmer, so dass die, welche gut Bescheid wußten, auf den hervorragenden Steinen sich einigermaßen trockenen Fußes bewegen konnten.",sich,MWE,MWE
1647,25,"Über die Pfützen auf der Straße fiel ein matter Schimmer, so dass die, welche gut Bescheid wußten, auf den hervorragenden Steinen sich einigermaßen trockenen Fußes bewegen konnten.",einigermaßen,Non-MRW,Non-MRW
1647,26,"Über die Pfützen auf der Straße fiel ein matter Schimmer, so dass die, welche gut Bescheid wußten, auf den hervorragenden Steinen sich einigermaßen trockenen Fußes bewegen konnten.",trockenen,MRW,indirect
1647,27,"Über die Pfützen auf der Straße fiel ein matter Schimmer, so dass die, welche gut Bescheid wußten, auf den hervorragenden Steinen sich einigermaßen trockenen Fußes bewegen konnten.",Fußes,MRW,indirect
1647,28,"Über die Pfützen auf der Straße fiel ein matter Schimmer, so dass die, welche gut Bescheid wußten, auf den hervorragenden Steinen sich einigermaßen trockenen Fußes bewegen konnten.",bewegen,Non-MRW,Non-MRW
1647,29,"Über die Pfützen auf der Straße fiel ein matter Schimmer, so dass die, welche gut Bescheid wußten, auf den hervorragenden Steinen sich einigermaßen trockenen Fußes bewegen konnten.",konnten,Non-MRW,Non-MRW
1658,0,"Seinem Platz gerade gegenüber befand sich die Tür zum zweiten Zimmer, dessen gesamte Einrichtung in dem großen, zwischen Decke und Fußboden fest eingebauten Webstuhl bestand.",Seinem,Non-MRW,Non-MRW
1658,1,"Seinem Platz gerade gegenüber befand sich die Tür zum zweiten Zimmer, dessen gesamte Einrichtung in dem großen, zwischen Decke und Fußboden fest eingebauten Webstuhl bestand.",Platz,Non-MRW,Non-MRW
1658,2,"Seinem Platz gerade gegenüber befand sich die Tür zum zweiten Zimmer, dessen gesamte Einrichtung in dem großen, zwischen Decke und Fußboden fest eingebauten Webstuhl bestand.",gerade,Non-MRW,Non-MRW
1658,3,"Seinem Platz gerade gegenüber befand sich die Tür zum zweiten Zimmer, dessen gesamte Einrichtung in dem großen, zwischen Decke und Fußboden fest eingebauten Webstuhl bestand.",gegenüber,Non-MRW,Non-MRW
1658,4,"Seinem Platz gerade gegenüber befand sich die Tür zum zweiten Zimmer, dessen gesamte Einrichtung in dem großen, zwischen Decke und Fußboden fest eingebauten Webstuhl bestand.",befand,Non-MRW,Non-MRW
1658,5,"Seinem Platz gerade gegenüber befand sich die Tür zum zweiten Zimmer, dessen gesamte Einrichtung in dem großen, zwischen Decke und Fußboden fest eingebauten Webstuhl bestand.",sich,MWE,MWE
1658,6,"Seinem Platz gerade gegenüber befand sich die Tür zum zweiten Zimmer, dessen gesamte Einrichtung in dem großen, zwischen Decke und Fußboden fest eingebauten Webstuhl bestand.",die,Non-MRW,Non-MRW
1658,7,"Seinem Platz gerade gegenüber befand sich die Tür zum zweiten Zimmer, dessen gesamte Einrichtung in dem großen, zwischen Decke und Fußboden fest eingebauten Webstuhl bestand.",Tür,Non-MRW,Non-MRW
1658,8,"Seinem Platz gerade gegenüber befand sich die Tür zum zweiten Zimmer, dessen gesamte Einrichtung in dem großen, zwischen Decke und Fußboden fest eingebauten Webstuhl bestand.",zum,Non-MRW,Non-MRW
1658,9,"Seinem Platz gerade gegenüber befand sich die Tür zum zweiten Zimmer, dessen gesamte Einrichtung in dem großen, zwischen Decke und Fußboden fest eingebauten Webstuhl bestand.",zweiten,Non-MRW,Non-MRW
1658,10,"Seinem Platz gerade gegenüber befand sich die Tür zum zweiten Zimmer, dessen gesamte Einrichtung in dem großen, zwischen Decke und Fußboden fest eingebauten Webstuhl bestand.",Zimmer,Non-MRW,Non-MRW
1658,12,"Seinem Platz gerade gegenüber befand sich die Tür zum zweiten Zimmer, dessen gesamte Einrichtung in dem großen, zwischen Decke und Fußboden fest eingebauten Webstuhl bestand.",dessen,Non-MRW,Non-MRW
1658,13,"Seinem Platz gerade gegenüber befand sich die Tür zum zweiten Zimmer, dessen gesamte Einrichtung in dem großen, zwischen Decke und Fußboden fest eingebauten Webstuhl bestand.",gesamte,Non-MRW,Non-MRW
1658,14,"Seinem Platz gerade gegenüber befand sich die Tür zum zweiten Zimmer, dessen gesamte Einrichtung in dem großen, zwischen Decke und Fußboden fest eingebauten Webstuhl bestand.",Einrichtung,Non-MRW,Non-MRW
1658,15,"Seinem Platz gerade gegenüber befand sich die Tür zum zweiten Zimmer, dessen gesamte Einrichtung in dem großen, zwischen Decke und Fußboden fest eingebauten Webstuhl bestand.",in,MRW,indirect
1658,16,"Seinem Platz gerade gegenüber befand sich die Tür zum zweiten Zimmer, dessen gesamte Einrichtung in dem großen, zwischen Decke und Fußboden fest eingebauten Webstuhl bestand.",dem,Non-MRW,Non-MRW
1658,17,"Seinem Platz gerade gegenüber befand sich die Tür zum zweiten Zimmer, dessen gesamte Einrichtung in dem großen, zwischen Decke und Fußboden fest eingebauten Webstuhl bestand.",großen,Non-MRW,Non-MRW
1658,19,"Seinem Platz gerade gegenüber befand sich die Tür zum zweiten Zimmer, dessen gesamte Einrichtung in dem großen, zwischen Decke und Fußboden fest eingebauten Webstuhl bestand.",zwischen,Non-MRW,Non-MRW
1658,20,"Seinem Platz gerade gegenüber befand sich die Tür zum zweiten Zimmer, dessen gesamte Einrichtung in dem großen, zwischen Decke und Fußboden fest eingebauten Webstuhl bestand.",Decke,Non-MRW,Non-MRW
1658,21,"Seinem Platz gerade gegenüber befand sich die Tür zum zweiten Zimmer, dessen gesamte Einrichtung in dem großen, zwischen Decke und Fußboden fest eingebauten Webstuhl bestand.",und,Non-MRW,Non-MRW
1658,22,"Seinem Platz gerade gegenüber befand sich die Tür zum zweiten Zimmer, dessen gesamte Einrichtung in dem großen, zwischen Decke und Fußboden fest eingebauten Webstuhl bestand.",Fußboden,Non-MRW,Non-MRW
1658,23,"Seinem Platz gerade gegenüber befand sich die Tür zum zweiten Zimmer, dessen gesamte Einrichtung in dem großen, zwischen Decke und Fußboden fest eingebauten Webstuhl bestand.",fest,Non-MRW,Non-MRW
1658,24,"Seinem Platz gerade gegenüber befand sich die Tür zum zweiten Zimmer, dessen gesamte Einrichtung in dem großen, zwischen Decke und Fußboden fest eingebauten Webstuhl bestand.",eingebauten,Non-MRW,Non-MRW
1658,25,"Seinem Platz gerade gegenüber befand sich die Tür zum zweiten Zimmer, dessen gesamte Einrichtung in dem großen, zwischen Decke und Fußboden fest eingebauten Webstuhl bestand.",Webstuhl,Non-MRW,Non-MRW
1658,26,"Seinem Platz gerade gegenüber befand sich die Tür zum zweiten Zimmer, dessen gesamte Einrichtung in dem großen, zwischen Decke und Fußboden fest eingebauten Webstuhl bestand.",bestand,Non-MRW,Non-MRW
1719,0,"Im geräumigen Vorzimmer hingen an den Wänden und lagen auf den Koffern und Bänken viele Männer- und Frauenüberkleider umher, einfache Schafspelze, vornehme Pelzmäntel, altmodische russische Mützen, neue deutsche Dreimaster und Mönchskappen.",Im,Non-MRW,Non-MRW
1719,1,"Im geräumigen Vorzimmer hingen an den Wänden und lagen auf den Koffern und Bänken viele Männer- und Frauenüberkleider umher, einfache Schafspelze, vornehme Pelzmäntel, altmodische russische Mützen, neue deutsche Dreimaster und Mönchskappen.",geräumigen,Non-MRW,Non-MRW
1719,2,"Im geräumigen Vorzimmer hingen an den Wänden und lagen auf den Koffern und Bänken viele Männer- und Frauenüberkleider umher, einfache Schafspelze, vornehme Pelzmäntel, altmodische russische Mützen, neue deutsche Dreimaster und Mönchskappen.",Vorzimmer,Non-MRW,Non-MRW
1719,3,"Im geräumigen Vorzimmer hingen an den Wänden und lagen auf den Koffern und Bänken viele Männer- und Frauenüberkleider umher, einfache Schafspelze, vornehme Pelzmäntel, altmodische russische Mützen, neue deutsche Dreimaster und Mönchskappen.",hingen,Non-MRW,Non-MRW
1719,4,"Im geräumigen Vorzimmer hingen an den Wänden und lagen auf den Koffern und Bänken viele Männer- und Frauenüberkleider umher, einfache Schafspelze, vornehme Pelzmäntel, altmodische russische Mützen, neue deutsche Dreimaster und Mönchskappen.",an,Non-MRW,Non-MRW
1719,5,"Im geräumigen Vorzimmer hingen an den Wänden und lagen auf den Koffern und Bänken viele Männer- und Frauenüberkleider umher, einfache Schafspelze, vornehme Pelzmäntel, altmodische russische Mützen, neue deutsche Dreimaster und Mönchskappen.",den,Non-MRW,Non-MRW
1719,6,"Im geräumigen Vorzimmer hingen an den Wänden und lagen auf den Koffern und Bänken viele Männer- und Frauenüberkleider umher, einfache Schafspelze, vornehme Pelzmäntel, altmodische russische Mützen, neue deutsche Dreimaster und Mönchskappen.",Wänden,Non-MRW,Non-MRW
1719,7,"Im geräumigen Vorzimmer hingen an den Wänden und lagen auf den Koffern und Bänken viele Männer- und Frauenüberkleider umher, einfache Schafspelze, vornehme Pelzmäntel, altmodische russische Mützen, neue deutsche Dreimaster und Mönchskappen.",und,Non-MRW,Non-MRW
1719,8,"Im geräumigen Vorzimmer hingen an den Wänden und lagen auf den Koffern und Bänken viele Männer- und Frauenüberkleider umher, einfache Schafspelze, vornehme Pelzmäntel, altmodische russische Mützen, neue deutsche Dreimaster und Mönchskappen.",lagen,MRW,indirect
1719,9,"Im geräumigen Vorzimmer hingen an den Wänden und lagen auf den Koffern und Bänken viele Männer- und Frauenüberkleider umher, einfache Schafspelze, vornehme Pelzmäntel, altmodische russische Mützen, neue deutsche Dreimaster und Mönchskappen.",auf,Non-MRW,Non-MRW
1719,10,"Im geräumigen Vorzimmer hingen an den Wänden und lagen auf den Koffern und Bänken viele Männer- und Frauenüberkleider umher, einfache Schafspelze, vornehme Pelzmäntel, altmodische russische Mützen, neue deutsche Dreimaster und Mönchskappen.",den,Non-MRW,Non-MRW
1719,11,"Im geräumigen Vorzimmer hingen an den Wänden und lagen auf den Koffern und Bänken viele Männer- und Frauenüberkleider umher, einfache Schafspelze, vornehme Pelzmäntel, altmodische russische Mützen, neue deutsche Dreimaster und Mönchskappen.",Koffern,Non-MRW,Non-MRW
1719,12,"Im geräumigen Vorzimmer hingen an den Wänden und lagen auf den Koffern und Bänken viele Männer- und Frauenüberkleider umher, einfache Schafspelze, vornehme Pelzmäntel, altmodische russische Mützen, neue deutsche Dreimaster und Mönchskappen.",und,Non-MRW,Non-MRW
1719,13,"Im geräumigen Vorzimmer hingen an den Wänden und lagen auf den Koffern und Bänken viele Männer- und Frauenüberkleider umher, einfache Schafspelze, vornehme Pelzmäntel, altmodische russische Mützen, neue deutsche Dreimaster und Mönchskappen.",Bänken,Non-MRW,Non-MRW
1719,14,"Im geräumigen Vorzimmer hingen an den Wänden und lagen auf den Koffern und Bänken viele Männer- und Frauenüberkleider umher, einfache Schafspelze, vornehme Pelzmäntel, altmodische russische Mützen, neue deutsche Dreimaster und Mönchskappen.",viele,Non-MRW,Non-MRW
1719,15,"Im geräumigen Vorzimmer hingen an den Wänden und lagen auf den Koffern und Bänken viele Männer- und Frauenüberkleider umher, einfache Schafspelze, vornehme Pelzmäntel, altmodische russische Mützen, neue deutsche Dreimaster und Mönchskappen.",Männer-,Non-MRW,Non-MRW
1719,16,"Im geräumigen Vorzimmer hingen an den Wänden und lagen auf den Koffern und Bänken viele Männer- und Frauenüberkleider umher, einfache Schafspelze, vornehme Pelzmäntel, altmodische russische Mützen, neue deutsche Dreimaster und Mönchskappen.",und,Non-MRW,Non-MRW
1719,17,"Im geräumigen Vorzimmer hingen an den Wänden und lagen auf den Koffern und Bänken viele Männer- und Frauenüberkleider umher, einfache Schafspelze, vornehme Pelzmäntel, altmodische russische Mützen, neue deutsche Dreimaster und Mönchskappen.",Frauenüberkleider,Non-MRW,Non-MRW
1719,18,"Im geräumigen Vorzimmer hingen an den Wänden und lagen auf den Koffern und Bänken viele Männer- und Frauenüberkleider umher, einfache Schafspelze, vornehme Pelzmäntel, altmodische russische Mützen, neue deutsche Dreimaster und Mönchskappen.",umher,MWE,MWE
1719,20,"Im geräumigen Vorzimmer hingen an den Wänden und lagen auf den Koffern und Bänken viele Männer- und Frauenüberkleider umher, einfache Schafspelze, vornehme Pelzmäntel, altmodische russische Mützen, neue deutsche Dreimaster und Mönchskappen.",einfache,Non-MRW,Non-MRW
1719,21,"Im geräumigen Vorzimmer hingen an den Wänden und lagen auf den Koffern und Bänken viele Männer- und Frauenüberkleider umher, einfache Schafspelze, vornehme Pelzmäntel, altmodische russische Mützen, neue deutsche Dreimaster und Mönchskappen.",Schafspelze,Non-MRW,Non-MRW
1719,23,"Im geräumigen Vorzimmer hingen an den Wänden und lagen auf den Koffern und Bänken viele Männer- und Frauenüberkleider umher, einfache Schafspelze, vornehme Pelzmäntel, altmodische russische Mützen, neue deutsche Dreimaster und Mönchskappen.",vornehme,MRW,indirect
1719,24,"Im geräumigen Vorzimmer hingen an den Wänden und lagen auf den Koffern und Bänken viele Männer- und Frauenüberkleider umher, einfache Schafspelze, vornehme Pelzmäntel, altmodische russische Mützen, neue deutsche Dreimaster und Mönchskappen.",Pelzmäntel,Non-MRW,Non-MRW
1719,26,"Im geräumigen Vorzimmer hingen an den Wänden und lagen auf den Koffern und Bänken viele Männer- und Frauenüberkleider umher, einfache Schafspelze, vornehme Pelzmäntel, altmodische russische Mützen, neue deutsche Dreimaster und Mönchskappen.",altmodische,Non-MRW,Non-MRW
1719,27,"Im geräumigen Vorzimmer hingen an den Wänden und lagen auf den Koffern und Bänken viele Männer- und Frauenüberkleider umher, einfache Schafspelze, vornehme Pelzmäntel, altmodische russische Mützen, neue deutsche Dreimaster und Mönchskappen.",russische,Non-MRW,Non-MRW
1719,28,"Im geräumigen Vorzimmer hingen an den Wänden und lagen auf den Koffern und Bänken viele Männer- und Frauenüberkleider umher, einfache Schafspelze, vornehme Pelzmäntel, altmodische russische Mützen, neue deutsche Dreimaster und Mönchskappen.",Mützen,Non-MRW,Non-MRW
1719,30,"Im geräumigen Vorzimmer hingen an den Wänden und lagen auf den Koffern und Bänken viele Männer- und Frauenüberkleider umher, einfache Schafspelze, vornehme Pelzmäntel, altmodische russische Mützen, neue deutsche Dreimaster und Mönchskappen.",neue,Non-MRW,Non-MRW
1719,31,"Im geräumigen Vorzimmer hingen an den Wänden und lagen auf den Koffern und Bänken viele Männer- und Frauenüberkleider umher, einfache Schafspelze, vornehme Pelzmäntel, altmodische russische Mützen, neue deutsche Dreimaster und Mönchskappen.",deutsche,Non-MRW,Non-MRW
1719,32,"Im geräumigen Vorzimmer hingen an den Wänden und lagen auf den Koffern und Bänken viele Männer- und Frauenüberkleider umher, einfache Schafspelze, vornehme Pelzmäntel, altmodische russische Mützen, neue deutsche Dreimaster und Mönchskappen.",Dreimaster,Non-MRW,Non-MRW
1719,33,"Im geräumigen Vorzimmer hingen an den Wänden und lagen auf den Koffern und Bänken viele Männer- und Frauenüberkleider umher, einfache Schafspelze, vornehme Pelzmäntel, altmodische russische Mützen, neue deutsche Dreimaster und Mönchskappen.",und,Non-MRW,Non-MRW
1719,34,"Im geräumigen Vorzimmer hingen an den Wänden und lagen auf den Koffern und Bänken viele Männer- und Frauenüberkleider umher, einfache Schafspelze, vornehme Pelzmäntel, altmodische russische Mützen, neue deutsche Dreimaster und Mönchskappen.",Mönchskappen,Non-MRW,Non-MRW
1733,0,"Es herrscht zwar auch hier keine Einförmigkeit in der Natur – hohe Schneeberge wechseln mit düsteren Talgründen, reißende Ströme stürzen durch zerklüftete Bergschluchten, die endlosen Ebenen, die der Winter in ungeheure Schneefelder verwandelt, sind im Sommer unter einer grauen Decke von salzigem Alkalistaub begraben – doch eine schrecklichere, trostlosere Gegend findet sich nirgends.",Es,Non-MRW,Non-MRW
1733,1,"Es herrscht zwar auch hier keine Einförmigkeit in der Natur – hohe Schneeberge wechseln mit düsteren Talgründen, reißende Ströme stürzen durch zerklüftete Bergschluchten, die endlosen Ebenen, die der Winter in ungeheure Schneefelder verwandelt, sind im Sommer unter einer grauen Decke von salzigem Alkalistaub begraben – doch eine schrecklichere, trostlosere Gegend findet sich nirgends.",herrscht,MRW,indirect
1733,2,"Es herrscht zwar auch hier keine Einförmigkeit in der Natur – hohe Schneeberge wechseln mit düsteren Talgründen, reißende Ströme stürzen durch zerklüftete Bergschluchten, die endlosen Ebenen, die der Winter in ungeheure Schneefelder verwandelt, sind im Sommer unter einer grauen Decke von salzigem Alkalistaub begraben – doch eine schrecklichere, trostlosere Gegend findet sich nirgends.",zwar,Non-MRW,Non-MRW
1733,3,"Es herrscht zwar auch hier keine Einförmigkeit in der Natur – hohe Schneeberge wechseln mit düsteren Talgründen, reißende Ströme stürzen durch zerklüftete Bergschluchten, die endlosen Ebenen, die der Winter in ungeheure Schneefelder verwandelt, sind im Sommer unter einer grauen Decke von salzigem Alkalistaub begraben – doch eine schrecklichere, trostlosere Gegend findet sich nirgends.",auch,Non-MRW,Non-MRW
1733,4,"Es herrscht zwar auch hier keine Einförmigkeit in der Natur – hohe Schneeberge wechseln mit düsteren Talgründen, reißende Ströme stürzen durch zerklüftete Bergschluchten, die endlosen Ebenen, die der Winter in ungeheure Schneefelder verwandelt, sind im Sommer unter einer grauen Decke von salzigem Alkalistaub begraben – doch eine schrecklichere, trostlosere Gegend findet sich nirgends.",hier,Non-MRW,Non-MRW
1733,5,"Es herrscht zwar auch hier keine Einförmigkeit in der Natur – hohe Schneeberge wechseln mit düsteren Talgründen, reißende Ströme stürzen durch zerklüftete Bergschluchten, die endlosen Ebenen, die der Winter in ungeheure Schneefelder verwandelt, sind im Sommer unter einer grauen Decke von salzigem Alkalistaub begraben – doch eine schrecklichere, trostlosere Gegend findet sich nirgends.",keine,Non-MRW,Non-MRW
1733,6,"Es herrscht zwar auch hier keine Einförmigkeit in der Natur – hohe Schneeberge wechseln mit düsteren Talgründen, reißende Ströme stürzen durch zerklüftete Bergschluchten, die endlosen Ebenen, die der Winter in ungeheure Schneefelder verwandelt, sind im Sommer unter einer grauen Decke von salzigem Alkalistaub begraben – doch eine schrecklichere, trostlosere Gegend findet sich nirgends.",Einförmigkeit,Non-MRW,Non-MRW
1733,7,"Es herrscht zwar auch hier keine Einförmigkeit in der Natur – hohe Schneeberge wechseln mit düsteren Talgründen, reißende Ströme stürzen durch zerklüftete Bergschluchten, die endlosen Ebenen, die der Winter in ungeheure Schneefelder verwandelt, sind im Sommer unter einer grauen Decke von salzigem Alkalistaub begraben – doch eine schrecklichere, trostlosere Gegend findet sich nirgends.",in,MRW,indirect
1733,8,"Es herrscht zwar auch hier keine Einförmigkeit in der Natur – hohe Schneeberge wechseln mit düsteren Talgründen, reißende Ströme stürzen durch zerklüftete Bergschluchten, die endlosen Ebenen, die der Winter in ungeheure Schneefelder verwandelt, sind im Sommer unter einer grauen Decke von salzigem Alkalistaub begraben – doch eine schrecklichere, trostlosere Gegend findet sich nirgends.",der,Non-MRW,Non-MRW
1733,9,"Es herrscht zwar auch hier keine Einförmigkeit in der Natur – hohe Schneeberge wechseln mit düsteren Talgründen, reißende Ströme stürzen durch zerklüftete Bergschluchten, die endlosen Ebenen, die der Winter in ungeheure Schneefelder verwandelt, sind im Sommer unter einer grauen Decke von salzigem Alkalistaub begraben – doch eine schrecklichere, trostlosere Gegend findet sich nirgends.",Natur,Non-MRW,Non-MRW
1733,11,"Es herrscht zwar auch hier keine Einförmigkeit in der Natur – hohe Schneeberge wechseln mit düsteren Talgründen, reißende Ströme stürzen durch zerklüftete Bergschluchten, die endlosen Ebenen, die der Winter in ungeheure Schneefelder verwandelt, sind im Sommer unter einer grauen Decke von salzigem Alkalistaub begraben – doch eine schrecklichere, trostlosere Gegend findet sich nirgends.",hohe,Non-MRW,Non-MRW
1733,12,"Es herrscht zwar auch hier keine Einförmigkeit in der Natur – hohe Schneeberge wechseln mit düsteren Talgründen, reißende Ströme stürzen durch zerklüftete Bergschluchten, die endlosen Ebenen, die der Winter in ungeheure Schneefelder verwandelt, sind im Sommer unter einer grauen Decke von salzigem Alkalistaub begraben – doch eine schrecklichere, trostlosere Gegend findet sich nirgends.",Schneeberge,Non-MRW,Non-MRW
1733,13,"Es herrscht zwar auch hier keine Einförmigkeit in der Natur – hohe Schneeberge wechseln mit düsteren Talgründen, reißende Ströme stürzen durch zerklüftete Bergschluchten, die endlosen Ebenen, die der Winter in ungeheure Schneefelder verwandelt, sind im Sommer unter einer grauen Decke von salzigem Alkalistaub begraben – doch eine schrecklichere, trostlosere Gegend findet sich nirgends.",wechseln,MRW,indirect
1733,14,"Es herrscht zwar auch hier keine Einförmigkeit in der Natur – hohe Schneeberge wechseln mit düsteren Talgründen, reißende Ströme stürzen durch zerklüftete Bergschluchten, die endlosen Ebenen, die der Winter in ungeheure Schneefelder verwandelt, sind im Sommer unter einer grauen Decke von salzigem Alkalistaub begraben – doch eine schrecklichere, trostlosere Gegend findet sich nirgends.",mit,Non-MRW,Non-MRW
1733,15,"Es herrscht zwar auch hier keine Einförmigkeit in der Natur – hohe Schneeberge wechseln mit düsteren Talgründen, reißende Ströme stürzen durch zerklüftete Bergschluchten, die endlosen Ebenen, die der Winter in ungeheure Schneefelder verwandelt, sind im Sommer unter einer grauen Decke von salzigem Alkalistaub begraben – doch eine schrecklichere, trostlosere Gegend findet sich nirgends.",düsteren,Non-MRW,Non-MRW
1733,16,"Es herrscht zwar auch hier keine Einförmigkeit in der Natur – hohe Schneeberge wechseln mit düsteren Talgründen, reißende Ströme stürzen durch zerklüftete Bergschluchten, die endlosen Ebenen, die der Winter in ungeheure Schneefelder verwandelt, sind im Sommer unter einer grauen Decke von salzigem Alkalistaub begraben – doch eine schrecklichere, trostlosere Gegend findet sich nirgends.",Talgründen,Non-MRW,Non-MRW
1733,18,"Es herrscht zwar auch hier keine Einförmigkeit in der Natur – hohe Schneeberge wechseln mit düsteren Talgründen, reißende Ströme stürzen durch zerklüftete Bergschluchten, die endlosen Ebenen, die der Winter in ungeheure Schneefelder verwandelt, sind im Sommer unter einer grauen Decke von salzigem Alkalistaub begraben – doch eine schrecklichere, trostlosere Gegend findet sich nirgends.",reißende,MRW,indirect
1733,19,"Es herrscht zwar auch hier keine Einförmigkeit in der Natur – hohe Schneeberge wechseln mit düsteren Talgründen, reißende Ströme stürzen durch zerklüftete Bergschluchten, die endlosen Ebenen, die der Winter in ungeheure Schneefelder verwandelt, sind im Sommer unter einer grauen Decke von salzigem Alkalistaub begraben – doch eine schrecklichere, trostlosere Gegend findet sich nirgends.",Ströme,Non-MRW,Non-MRW
1733,20,"Es herrscht zwar auch hier keine Einförmigkeit in der Natur – hohe Schneeberge wechseln mit düsteren Talgründen, reißende Ströme stürzen durch zerklüftete Bergschluchten, die endlosen Ebenen, die der Winter in ungeheure Schneefelder verwandelt, sind im Sommer unter einer grauen Decke von salzigem Alkalistaub begraben – doch eine schrecklichere, trostlosere Gegend findet sich nirgends.",stürzen,MRW,indirect
1733,21,"Es herrscht zwar auch hier keine Einförmigkeit in der Natur – hohe Schneeberge wechseln mit düsteren Talgründen, reißende Ströme stürzen durch zerklüftete Bergschluchten, die endlosen Ebenen, die der Winter in ungeheure Schneefelder verwandelt, sind im Sommer unter einer grauen Decke von salzigem Alkalistaub begraben – doch eine schrecklichere, trostlosere Gegend findet sich nirgends.",durch,Non-MRW,Non-MRW
1733,22,"Es herrscht zwar auch hier keine Einförmigkeit in der Natur – hohe Schneeberge wechseln mit düsteren Talgründen, reißende Ströme stürzen durch zerklüftete Bergschluchten, die endlosen Ebenen, die der Winter in ungeheure Schneefelder verwandelt, sind im Sommer unter einer grauen Decke von salzigem Alkalistaub begraben – doch eine schrecklichere, trostlosere Gegend findet sich nirgends.",zerklüftete,Non-MRW,Non-MRW
1733,23,"Es herrscht zwar auch hier keine Einförmigkeit in der Natur – hohe Schneeberge wechseln mit düsteren Talgründen, reißende Ströme stürzen durch zerklüftete Bergschluchten, die endlosen Ebenen, die der Winter in ungeheure Schneefelder verwandelt, sind im Sommer unter einer grauen Decke von salzigem Alkalistaub begraben – doch eine schrecklichere, trostlosere Gegend findet sich nirgends.",Bergschluchten,Non-MRW,Non-MRW
1733,25,"Es herrscht zwar auch hier keine Einförmigkeit in der Natur – hohe Schneeberge wechseln mit düsteren Talgründen, reißende Ströme stürzen durch zerklüftete Bergschluchten, die endlosen Ebenen, die der Winter in ungeheure Schneefelder verwandelt, sind im Sommer unter einer grauen Decke von salzigem Alkalistaub begraben – doch eine schrecklichere, trostlosere Gegend findet sich nirgends.",die,Non-MRW,Non-MRW
1733,26,"Es herrscht zwar auch hier keine Einförmigkeit in der Natur – hohe Schneeberge wechseln mit düsteren Talgründen, reißende Ströme stürzen durch zerklüftete Bergschluchten, die endlosen Ebenen, die der Winter in ungeheure Schneefelder verwandelt, sind im Sommer unter einer grauen Decke von salzigem Alkalistaub begraben – doch eine schrecklichere, trostlosere Gegend findet sich nirgends.",endlosen,WIDLII,WIDLII
1733,27,"Es herrscht zwar auch hier keine Einförmigkeit in der Natur – hohe Schneeberge wechseln mit düsteren Talgründen, reißende Ströme stürzen durch zerklüftete Bergschluchten, die endlosen Ebenen, die der Winter in ungeheure Schneefelder verwandelt, sind im Sommer unter einer grauen Decke von salzigem Alkalistaub begraben – doch eine schrecklichere, trostlosere Gegend findet sich nirgends.",Ebenen,Non-MRW,Non-MRW
1733,29,"Es herrscht zwar auch hier keine Einförmigkeit in der Natur – hohe Schneeberge wechseln mit düsteren Talgründen, reißende Ströme stürzen durch zerklüftete Bergschluchten, die endlosen Ebenen, die der Winter in ungeheure Schneefelder verwandelt, sind im Sommer unter einer grauen Decke von salzigem Alkalistaub begraben – doch eine schrecklichere, trostlosere Gegend findet sich nirgends.",die,Non-MRW,Non-MRW
1733,30,"Es herrscht zwar auch hier keine Einförmigkeit in der Natur – hohe Schneeberge wechseln mit düsteren Talgründen, reißende Ströme stürzen durch zerklüftete Bergschluchten, die endlosen Ebenen, die der Winter in ungeheure Schneefelder verwandelt, sind im Sommer unter einer grauen Decke von salzigem Alkalistaub begraben – doch eine schrecklichere, trostlosere Gegend findet sich nirgends.",der,Non-MRW,Non-MRW
1733,31,"Es herrscht zwar auch hier keine Einförmigkeit in der Natur – hohe Schneeberge wechseln mit düsteren Talgründen, reißende Ströme stürzen durch zerklüftete Bergschluchten, die endlosen Ebenen, die der Winter in ungeheure Schneefelder verwandelt, sind im Sommer unter einer grauen Decke von salzigem Alkalistaub begraben – doch eine schrecklichere, trostlosere Gegend findet sich nirgends.",Winter,Non-MRW,Non-MRW
1733,32,"Es herrscht zwar auch hier keine Einförmigkeit in der Natur – hohe Schneeberge wechseln mit düsteren Talgründen, reißende Ströme stürzen durch zerklüftete Bergschluchten, die endlosen Ebenen, die der Winter in ungeheure Schneefelder verwandelt, sind im Sommer unter einer grauen Decke von salzigem Alkalistaub begraben – doch eine schrecklichere, trostlosere Gegend findet sich nirgends.",in,MRW,indirect
1733,33,"Es herrscht zwar auch hier keine Einförmigkeit in der Natur – hohe Schneeberge wechseln mit düsteren Talgründen, reißende Ströme stürzen durch zerklüftete Bergschluchten, die endlosen Ebenen, die der Winter in ungeheure Schneefelder verwandelt, sind im Sommer unter einer grauen Decke von salzigem Alkalistaub begraben – doch eine schrecklichere, trostlosere Gegend findet sich nirgends.",ungeheure,MRW,indirect
1733,34,"Es herrscht zwar auch hier keine Einförmigkeit in der Natur – hohe Schneeberge wechseln mit düsteren Talgründen, reißende Ströme stürzen durch zerklüftete Bergschluchten, die endlosen Ebenen, die der Winter in ungeheure Schneefelder verwandelt, sind im Sommer unter einer grauen Decke von salzigem Alkalistaub begraben – doch eine schrecklichere, trostlosere Gegend findet sich nirgends.",Schneefelder,Non-MRW,Non-MRW
1733,35,"Es herrscht zwar auch hier keine Einförmigkeit in der Natur – hohe Schneeberge wechseln mit düsteren Talgründen, reißende Ströme stürzen durch zerklüftete Bergschluchten, die endlosen Ebenen, die der Winter in ungeheure Schneefelder verwandelt, sind im Sommer unter einer grauen Decke von salzigem Alkalistaub begraben – doch eine schrecklichere, trostlosere Gegend findet sich nirgends.",verwandelt,MRW,indirect
1733,37,"Es herrscht zwar auch hier keine Einförmigkeit in der Natur – hohe Schneeberge wechseln mit düsteren Talgründen, reißende Ströme stürzen durch zerklüftete Bergschluchten, die endlosen Ebenen, die der Winter in ungeheure Schneefelder verwandelt, sind im Sommer unter einer grauen Decke von salzigem Alkalistaub begraben – doch eine schrecklichere, trostlosere Gegend findet sich nirgends.",sind,Non-MRW,Non-MRW
1733,38,"Es herrscht zwar auch hier keine Einförmigkeit in der Natur – hohe Schneeberge wechseln mit düsteren Talgründen, reißende Ströme stürzen durch zerklüftete Bergschluchten, die endlosen Ebenen, die der Winter in ungeheure Schneefelder verwandelt, sind im Sommer unter einer grauen Decke von salzigem Alkalistaub begraben – doch eine schrecklichere, trostlosere Gegend findet sich nirgends.",im,MRW,indirect
1733,39,"Es herrscht zwar auch hier keine Einförmigkeit in der Natur – hohe Schneeberge wechseln mit düsteren Talgründen, reißende Ströme stürzen durch zerklüftete Bergschluchten, die endlosen Ebenen, die der Winter in ungeheure Schneefelder verwandelt, sind im Sommer unter einer grauen Decke von salzigem Alkalistaub begraben – doch eine schrecklichere, trostlosere Gegend findet sich nirgends.",Sommer,Non-MRW,Non-MRW
1733,40,"Es herrscht zwar auch hier keine Einförmigkeit in der Natur – hohe Schneeberge wechseln mit düsteren Talgründen, reißende Ströme stürzen durch zerklüftete Bergschluchten, die endlosen Ebenen, die der Winter in ungeheure Schneefelder verwandelt, sind im Sommer unter einer grauen Decke von salzigem Alkalistaub begraben – doch eine schrecklichere, trostlosere Gegend findet sich nirgends.",unter,Non-MRW,Non-MRW
1733,41,"Es herrscht zwar auch hier keine Einförmigkeit in der Natur – hohe Schneeberge wechseln mit düsteren Talgründen, reißende Ströme stürzen durch zerklüftete Bergschluchten, die endlosen Ebenen, die der Winter in ungeheure Schneefelder verwandelt, sind im Sommer unter einer grauen Decke von salzigem Alkalistaub begraben – doch eine schrecklichere, trostlosere Gegend findet sich nirgends.",einer,Non-MRW,Non-MRW
1733,42,"Es herrscht zwar auch hier keine Einförmigkeit in der Natur – hohe Schneeberge wechseln mit düsteren Talgründen, reißende Ströme stürzen durch zerklüftete Bergschluchten, die endlosen Ebenen, die der Winter in ungeheure Schneefelder verwandelt, sind im Sommer unter einer grauen Decke von salzigem Alkalistaub begraben – doch eine schrecklichere, trostlosere Gegend findet sich nirgends.",grauen,Non-MRW,Non-MRW
1733,43,"Es herrscht zwar auch hier keine Einförmigkeit in der Natur – hohe Schneeberge wechseln mit düsteren Talgründen, reißende Ströme stürzen durch zerklüftete Bergschluchten, die endlosen Ebenen, die der Winter in ungeheure Schneefelder verwandelt, sind im Sommer unter einer grauen Decke von salzigem Alkalistaub begraben – doch eine schrecklichere, trostlosere Gegend findet sich nirgends.",Decke,MRW,indirect
1733,44,"Es herrscht zwar auch hier keine Einförmigkeit in der Natur – hohe Schneeberge wechseln mit düsteren Talgründen, reißende Ströme stürzen durch zerklüftete Bergschluchten, die endlosen Ebenen, die der Winter in ungeheure Schneefelder verwandelt, sind im Sommer unter einer grauen Decke von salzigem Alkalistaub begraben – doch eine schrecklichere, trostlosere Gegend findet sich nirgends.",von,Non-MRW,Non-MRW
1733,45,"Es herrscht zwar auch hier keine Einförmigkeit in der Natur – hohe Schneeberge wechseln mit düsteren Talgründen, reißende Ströme stürzen durch zerklüftete Bergschluchten, die endlosen Ebenen, die der Winter in ungeheure Schneefelder verwandelt, sind im Sommer unter einer grauen Decke von salzigem Alkalistaub begraben – doch eine schrecklichere, trostlosere Gegend findet sich nirgends.",salzigem,Non-MRW,Non-MRW
1733,46,"Es herrscht zwar auch hier keine Einförmigkeit in der Natur – hohe Schneeberge wechseln mit düsteren Talgründen, reißende Ströme stürzen durch zerklüftete Bergschluchten, die endlosen Ebenen, die der Winter in ungeheure Schneefelder verwandelt, sind im Sommer unter einer grauen Decke von salzigem Alkalistaub begraben – doch eine schrecklichere, trostlosere Gegend findet sich nirgends.",Alkalistaub,Non-MRW,Non-MRW
1733,47,"Es herrscht zwar auch hier keine Einförmigkeit in der Natur – hohe Schneeberge wechseln mit düsteren Talgründen, reißende Ströme stürzen durch zerklüftete Bergschluchten, die endlosen Ebenen, die der Winter in ungeheure Schneefelder verwandelt, sind im Sommer unter einer grauen Decke von salzigem Alkalistaub begraben – doch eine schrecklichere, trostlosere Gegend findet sich nirgends.",begraben,MRW,indirect
1733,49,"Es herrscht zwar auch hier keine Einförmigkeit in der Natur – hohe Schneeberge wechseln mit düsteren Talgründen, reißende Ströme stürzen durch zerklüftete Bergschluchten, die endlosen Ebenen, die der Winter in ungeheure Schneefelder verwandelt, sind im Sommer unter einer grauen Decke von salzigem Alkalistaub begraben – doch eine schrecklichere, trostlosere Gegend findet sich nirgends.",doch,Non-MRW,Non-MRW
1733,50,"Es herrscht zwar auch hier keine Einförmigkeit in der Natur – hohe Schneeberge wechseln mit düsteren Talgründen, reißende Ströme stürzen durch zerklüftete Bergschluchten, die endlosen Ebenen, die der Winter in ungeheure Schneefelder verwandelt, sind im Sommer unter einer grauen Decke von salzigem Alkalistaub begraben – doch eine schrecklichere, trostlosere Gegend findet sich nirgends.",eine,Non-MRW,Non-MRW
1733,51,"Es herrscht zwar auch hier keine Einförmigkeit in der Natur – hohe Schneeberge wechseln mit düsteren Talgründen, reißende Ströme stürzen durch zerklüftete Bergschluchten, die endlosen Ebenen, die der Winter in ungeheure Schneefelder verwandelt, sind im Sommer unter einer grauen Decke von salzigem Alkalistaub begraben – doch eine schrecklichere, trostlosere Gegend findet sich nirgends.",schrecklichere,Non-MRW,Non-MRW
1733,53,"Es herrscht zwar auch hier keine Einförmigkeit in der Natur – hohe Schneeberge wechseln mit düsteren Talgründen, reißende Ströme stürzen durch zerklüftete Bergschluchten, die endlosen Ebenen, die der Winter in ungeheure Schneefelder verwandelt, sind im Sommer unter einer grauen Decke von salzigem Alkalistaub begraben – doch eine schrecklichere, trostlosere Gegend findet sich nirgends.",trostlosere,MRW,indirect
1733,54,"Es herrscht zwar auch hier keine Einförmigkeit in der Natur – hohe Schneeberge wechseln mit düsteren Talgründen, reißende Ströme stürzen durch zerklüftete Bergschluchten, die endlosen Ebenen, die der Winter in ungeheure Schneefelder verwandelt, sind im Sommer unter einer grauen Decke von salzigem Alkalistaub begraben – doch eine schrecklichere, trostlosere Gegend findet sich nirgends.",Gegend,Non-MRW,Non-MRW
1733,55,"Es herrscht zwar auch hier keine Einförmigkeit in der Natur – hohe Schneeberge wechseln mit düsteren Talgründen, reißende Ströme stürzen durch zerklüftete Bergschluchten, die endlosen Ebenen, die der Winter in ungeheure Schneefelder verwandelt, sind im Sommer unter einer grauen Decke von salzigem Alkalistaub begraben – doch eine schrecklichere, trostlosere Gegend findet sich nirgends.",findet,MRW,indirect
1733,56,"Es herrscht zwar auch hier keine Einförmigkeit in der Natur – hohe Schneeberge wechseln mit düsteren Talgründen, reißende Ströme stürzen durch zerklüftete Bergschluchten, die endlosen Ebenen, die der Winter in ungeheure Schneefelder verwandelt, sind im Sommer unter einer grauen Decke von salzigem Alkalistaub begraben – doch eine schrecklichere, trostlosere Gegend findet sich nirgends.",sich,MWE,MWE
1733,57,"Es herrscht zwar auch hier keine Einförmigkeit in der Natur – hohe Schneeberge wechseln mit düsteren Talgründen, reißende Ströme stürzen durch zerklüftete Bergschluchten, die endlosen Ebenen, die der Winter in ungeheure Schneefelder verwandelt, sind im Sommer unter einer grauen Decke von salzigem Alkalistaub begraben – doch eine schrecklichere, trostlosere Gegend findet sich nirgends.",nirgends,Non-MRW,Non-MRW
1744,0,Um diese Stunde strahlte das durch die Geschäfte des Tages erhitzte Pflaster seine Glut über die Stadt hinter der Stadtmauer aus.,Um,MRW,indirect
1744,1,Um diese Stunde strahlte das durch die Geschäfte des Tages erhitzte Pflaster seine Glut über die Stadt hinter der Stadtmauer aus.,diese,Non-MRW,Non-MRW
1744,2,Um diese Stunde strahlte das durch die Geschäfte des Tages erhitzte Pflaster seine Glut über die Stadt hinter der Stadtmauer aus.,Stunde,MRW,indirect
1744,3,Um diese Stunde strahlte das durch die Geschäfte des Tages erhitzte Pflaster seine Glut über die Stadt hinter der Stadtmauer aus.,strahlte,MRW,indirect
1744,4,Um diese Stunde strahlte das durch die Geschäfte des Tages erhitzte Pflaster seine Glut über die Stadt hinter der Stadtmauer aus.,das,Non-MRW,Non-MRW
1744,5,Um diese Stunde strahlte das durch die Geschäfte des Tages erhitzte Pflaster seine Glut über die Stadt hinter der Stadtmauer aus.,durch,MRW,indirect
1744,6,Um diese Stunde strahlte das durch die Geschäfte des Tages erhitzte Pflaster seine Glut über die Stadt hinter der Stadtmauer aus.,die,Non-MRW,Non-MRW
1744,7,Um diese Stunde strahlte das durch die Geschäfte des Tages erhitzte Pflaster seine Glut über die Stadt hinter der Stadtmauer aus.,Geschäfte,WIDLII,WIDLII
1744,8,Um diese Stunde strahlte das durch die Geschäfte des Tages erhitzte Pflaster seine Glut über die Stadt hinter der Stadtmauer aus.,des,Non-MRW,Non-MRW
1744,9,Um diese Stunde strahlte das durch die Geschäfte des Tages erhitzte Pflaster seine Glut über die Stadt hinter der Stadtmauer aus.,Tages,WIDLII,WIDLII
1744,10,Um diese Stunde strahlte das durch die Geschäfte des Tages erhitzte Pflaster seine Glut über die Stadt hinter der Stadtmauer aus.,erhitzte,WIDLII,WIDLII
1744,11,Um diese Stunde strahlte das durch die Geschäfte des Tages erhitzte Pflaster seine Glut über die Stadt hinter der Stadtmauer aus.,Pflaster,Non-MRW,Non-MRW
1744,12,Um diese Stunde strahlte das durch die Geschäfte des Tages erhitzte Pflaster seine Glut über die Stadt hinter der Stadtmauer aus.,seine,Non-MRW,Non-MRW
1744,13,Um diese Stunde strahlte das durch die Geschäfte des Tages erhitzte Pflaster seine Glut über die Stadt hinter der Stadtmauer aus.,Glut,MRW,indirect
1744,14,Um diese Stunde strahlte das durch die Geschäfte des Tages erhitzte Pflaster seine Glut über die Stadt hinter der Stadtmauer aus.,über,MRW,indirect
1744,15,Um diese Stunde strahlte das durch die Geschäfte des Tages erhitzte Pflaster seine Glut über die Stadt hinter der Stadtmauer aus.,die,Non-MRW,Non-MRW
1744,16,Um diese Stunde strahlte das durch die Geschäfte des Tages erhitzte Pflaster seine Glut über die Stadt hinter der Stadtmauer aus.,Stadt,Non-MRW,Non-MRW
1744,17,Um diese Stunde strahlte das durch die Geschäfte des Tages erhitzte Pflaster seine Glut über die Stadt hinter der Stadtmauer aus.,hinter,Non-MRW,Non-MRW
1744,18,Um diese Stunde strahlte das durch die Geschäfte des Tages erhitzte Pflaster seine Glut über die Stadt hinter der Stadtmauer aus.,der,Non-MRW,Non-MRW
1744,19,Um diese Stunde strahlte das durch die Geschäfte des Tages erhitzte Pflaster seine Glut über die Stadt hinter der Stadtmauer aus.,Stadtmauer,Non-MRW,Non-MRW
1744,20,Um diese Stunde strahlte das durch die Geschäfte des Tages erhitzte Pflaster seine Glut über die Stadt hinter der Stadtmauer aus.,aus,MWE,MWE
1757,0,"Nun mussten sie doch kommen, die verräucherten Kneipen mit den ausgetretenen Vortreppen und den langen Schildarmen über der Tür, und sie kamen auch.",Nun,Non-MRW,Non-MRW
1757,1,"Nun mussten sie doch kommen, die verräucherten Kneipen mit den ausgetretenen Vortreppen und den langen Schildarmen über der Tür, und sie kamen auch.",mussten,Non-MRW,Non-MRW
1757,2,"Nun mussten sie doch kommen, die verräucherten Kneipen mit den ausgetretenen Vortreppen und den langen Schildarmen über der Tür, und sie kamen auch.",sie,Non-MRW,Non-MRW
1757,3,"Nun mussten sie doch kommen, die verräucherten Kneipen mit den ausgetretenen Vortreppen und den langen Schildarmen über der Tür, und sie kamen auch.",doch,Non-MRW,Non-MRW
1757,4,"Nun mussten sie doch kommen, die verräucherten Kneipen mit den ausgetretenen Vortreppen und den langen Schildarmen über der Tür, und sie kamen auch.",kommen,MRW,indirect
1757,6,"Nun mussten sie doch kommen, die verräucherten Kneipen mit den ausgetretenen Vortreppen und den langen Schildarmen über der Tür, und sie kamen auch.",die,Non-MRW,Non-MRW
1757,7,"Nun mussten sie doch kommen, die verräucherten Kneipen mit den ausgetretenen Vortreppen und den langen Schildarmen über der Tür, und sie kamen auch.",verräucherten,Non-MRW,Non-MRW
1757,8,"Nun mussten sie doch kommen, die verräucherten Kneipen mit den ausgetretenen Vortreppen und den langen Schildarmen über der Tür, und sie kamen auch.",Kneipen,Non-MRW,Non-MRW
1757,9,"Nun mussten sie doch kommen, die verräucherten Kneipen mit den ausgetretenen Vortreppen und den langen Schildarmen über der Tür, und sie kamen auch.",mit,Non-MRW,Non-MRW
1757,10,"Nun mussten sie doch kommen, die verräucherten Kneipen mit den ausgetretenen Vortreppen und den langen Schildarmen über der Tür, und sie kamen auch.",den,Non-MRW,Non-MRW
1757,11,"Nun mussten sie doch kommen, die verräucherten Kneipen mit den ausgetretenen Vortreppen und den langen Schildarmen über der Tür, und sie kamen auch.",ausgetretenen,Non-MRW,Non-MRW
1757,12,"Nun mussten sie doch kommen, die verräucherten Kneipen mit den ausgetretenen Vortreppen und den langen Schildarmen über der Tür, und sie kamen auch.",Vortreppen,Non-MRW,Non-MRW
1757,13,"Nun mussten sie doch kommen, die verräucherten Kneipen mit den ausgetretenen Vortreppen und den langen Schildarmen über der Tür, und sie kamen auch.",und,Non-MRW,Non-MRW
1757,14,"Nun mussten sie doch kommen, die verräucherten Kneipen mit den ausgetretenen Vortreppen und den langen Schildarmen über der Tür, und sie kamen auch.",den,Non-MRW,Non-MRW
1757,15,"Nun mussten sie doch kommen, die verräucherten Kneipen mit den ausgetretenen Vortreppen und den langen Schildarmen über der Tür, und sie kamen auch.",langen,Non-MRW,Non-MRW
1757,16,"Nun mussten sie doch kommen, die verräucherten Kneipen mit den ausgetretenen Vortreppen und den langen Schildarmen über der Tür, und sie kamen auch.",Schild,Non-MRW,Non-MRW
1757,16,"Nun mussten sie doch kommen, die verräucherten Kneipen mit den ausgetretenen Vortreppen und den langen Schildarmen über der Tür, und sie kamen auch.",armen,MRW,indirect
1757,17,"Nun mussten sie doch kommen, die verräucherten Kneipen mit den ausgetretenen Vortreppen und den langen Schildarmen über der Tür, und sie kamen auch.",über,Non-MRW,Non-MRW
1757,18,"Nun mussten sie doch kommen, die verräucherten Kneipen mit den ausgetretenen Vortreppen und den langen Schildarmen über der Tür, und sie kamen auch.",der,Non-MRW,Non-MRW
1757,19,"Nun mussten sie doch kommen, die verräucherten Kneipen mit den ausgetretenen Vortreppen und den langen Schildarmen über der Tür, und sie kamen auch.",Tür,Non-MRW,Non-MRW
1757,21,"Nun mussten sie doch kommen, die verräucherten Kneipen mit den ausgetretenen Vortreppen und den langen Schildarmen über der Tür, und sie kamen auch.",und,Non-MRW,Non-MRW
1757,22,"Nun mussten sie doch kommen, die verräucherten Kneipen mit den ausgetretenen Vortreppen und den langen Schildarmen über der Tür, und sie kamen auch.",sie,Non-MRW,Non-MRW
1757,23,"Nun mussten sie doch kommen, die verräucherten Kneipen mit den ausgetretenen Vortreppen und den langen Schildarmen über der Tür, und sie kamen auch.",kamen,MRW,indirect
1757,24,"Nun mussten sie doch kommen, die verräucherten Kneipen mit den ausgetretenen Vortreppen und den langen Schildarmen über der Tür, und sie kamen auch.",auch,Non-MRW,Non-MRW
1815,0,An diesem Berge hatte sich die Natur endlich einmal wenigstens einigermaßen grün gekleidet.,An,Non-MRW,Non-MRW
1815,1,An diesem Berge hatte sich die Natur endlich einmal wenigstens einigermaßen grün gekleidet.,diesem,Non-MRW,Non-MRW
1815,2,An diesem Berge hatte sich die Natur endlich einmal wenigstens einigermaßen grün gekleidet.,Berge,Non-MRW,Non-MRW
1815,3,An diesem Berge hatte sich die Natur endlich einmal wenigstens einigermaßen grün gekleidet.,hatte,Non-MRW,Non-MRW
1815,4,An diesem Berge hatte sich die Natur endlich einmal wenigstens einigermaßen grün gekleidet.,sich,MWE,MWE
1815,5,An diesem Berge hatte sich die Natur endlich einmal wenigstens einigermaßen grün gekleidet.,die,Non-MRW,Non-MRW
1815,6,An diesem Berge hatte sich die Natur endlich einmal wenigstens einigermaßen grün gekleidet.,Natur,Non-MRW,Non-MRW
1815,7,An diesem Berge hatte sich die Natur endlich einmal wenigstens einigermaßen grün gekleidet.,endlich,Non-MRW,Non-MRW
1815,8,An diesem Berge hatte sich die Natur endlich einmal wenigstens einigermaßen grün gekleidet.,einmal,Non-MRW,Non-MRW
1815,9,An diesem Berge hatte sich die Natur endlich einmal wenigstens einigermaßen grün gekleidet.,wenigstens,Non-MRW,Non-MRW
1815,10,An diesem Berge hatte sich die Natur endlich einmal wenigstens einigermaßen grün gekleidet.,einigermaßen,Non-MRW,Non-MRW
1815,11,An diesem Berge hatte sich die Natur endlich einmal wenigstens einigermaßen grün gekleidet.,grün,Non-MRW,Non-MRW
1815,12,An diesem Berge hatte sich die Natur endlich einmal wenigstens einigermaßen grün gekleidet.,gekleidet,MRW,indirect
1865,0,"Die beiden Fenster des Thronsaals, die auf die Straße sahen, standen geöffnet.",Die,Non-MRW,Non-MRW
1865,1,"Die beiden Fenster des Thronsaals, die auf die Straße sahen, standen geöffnet.",beiden,Non-MRW,Non-MRW
1865,2,"Die beiden Fenster des Thronsaals, die auf die Straße sahen, standen geöffnet.",Fenster,Non-MRW,Non-MRW
1865,3,"Die beiden Fenster des Thronsaals, die auf die Straße sahen, standen geöffnet.",des,Non-MRW,Non-MRW
1865,4,"Die beiden Fenster des Thronsaals, die auf die Straße sahen, standen geöffnet.",Thronsaals,Non-MRW,Non-MRW
1865,5,"Die beiden Fenster des Thronsaals, die auf die Straße sahen, standen geöffnet.",die,Non-MRW,Non-MRW
1865,6,"Die beiden Fenster des Thronsaals, die auf die Straße sahen, standen geöffnet.",auf,Non-MRW,Non-MRW
1865,7,"Die beiden Fenster des Thronsaals, die auf die Straße sahen, standen geöffnet.",die,Non-MRW,Non-MRW
1865,8,"Die beiden Fenster des Thronsaals, die auf die Straße sahen, standen geöffnet.",Straße,Non-MRW,Non-MRW
1865,9,"Die beiden Fenster des Thronsaals, die auf die Straße sahen, standen geöffnet.",sahen,MRW,indirect
1865,10,"Die beiden Fenster des Thronsaals, die auf die Straße sahen, standen geöffnet.",standen,MRW,indirect
1865,11,"Die beiden Fenster des Thronsaals, die auf die Straße sahen, standen geöffnet.",geöffnet,Non-MRW,Non-MRW
1902,0,"Selbst im Alles verklärenden Mondlicht wollte sich's nicht hübsch machen mit seinen kahlen Mauern, dürftigen Bogenfenstern und dem steilen, Wellenlinien bildenden Dach.",Selbst,Non-MRW,Non-MRW
1902,1,"Selbst im Alles verklärenden Mondlicht wollte sich's nicht hübsch machen mit seinen kahlen Mauern, dürftigen Bogenfenstern und dem steilen, Wellenlinien bildenden Dach.",im,Non-MRW,Non-MRW
1902,2,"Selbst im Alles verklärenden Mondlicht wollte sich's nicht hübsch machen mit seinen kahlen Mauern, dürftigen Bogenfenstern und dem steilen, Wellenlinien bildenden Dach.",Alles,Non-MRW,Non-MRW
1902,3,"Selbst im Alles verklärenden Mondlicht wollte sich's nicht hübsch machen mit seinen kahlen Mauern, dürftigen Bogenfenstern und dem steilen, Wellenlinien bildenden Dach.",verklärenden,MRW,indirect
1902,4,"Selbst im Alles verklärenden Mondlicht wollte sich's nicht hübsch machen mit seinen kahlen Mauern, dürftigen Bogenfenstern und dem steilen, Wellenlinien bildenden Dach.",Mondlicht,WIDLII,WIDLII
1902,5,"Selbst im Alles verklärenden Mondlicht wollte sich's nicht hübsch machen mit seinen kahlen Mauern, dürftigen Bogenfenstern und dem steilen, Wellenlinien bildenden Dach.",wollte,MRW,indirect
1902,6,"Selbst im Alles verklärenden Mondlicht wollte sich's nicht hübsch machen mit seinen kahlen Mauern, dürftigen Bogenfenstern und dem steilen, Wellenlinien bildenden Dach.",sichs,MWE,MWE
1902,7,"Selbst im Alles verklärenden Mondlicht wollte sich's nicht hübsch machen mit seinen kahlen Mauern, dürftigen Bogenfenstern und dem steilen, Wellenlinien bildenden Dach.",nicht,Non-MRW,Non-MRW
1902,8,"Selbst im Alles verklärenden Mondlicht wollte sich's nicht hübsch machen mit seinen kahlen Mauern, dürftigen Bogenfenstern und dem steilen, Wellenlinien bildenden Dach.",hübsch,MRW,indirect
1902,9,"Selbst im Alles verklärenden Mondlicht wollte sich's nicht hübsch machen mit seinen kahlen Mauern, dürftigen Bogenfenstern und dem steilen, Wellenlinien bildenden Dach.",machen,MWE,MWE
1902,10,"Selbst im Alles verklärenden Mondlicht wollte sich's nicht hübsch machen mit seinen kahlen Mauern, dürftigen Bogenfenstern und dem steilen, Wellenlinien bildenden Dach.",mit,Non-MRW,Non-MRW
1902,11,"Selbst im Alles verklärenden Mondlicht wollte sich's nicht hübsch machen mit seinen kahlen Mauern, dürftigen Bogenfenstern und dem steilen, Wellenlinien bildenden Dach.",seinen,Non-MRW,Non-MRW
1902,12,"Selbst im Alles verklärenden Mondlicht wollte sich's nicht hübsch machen mit seinen kahlen Mauern, dürftigen Bogenfenstern und dem steilen, Wellenlinien bildenden Dach.",kahlen,Non-MRW,Non-MRW
1902,13,"Selbst im Alles verklärenden Mondlicht wollte sich's nicht hübsch machen mit seinen kahlen Mauern, dürftigen Bogenfenstern und dem steilen, Wellenlinien bildenden Dach.",Mauern,Non-MRW,Non-MRW
1902,14,"Selbst im Alles verklärenden Mondlicht wollte sich's nicht hübsch machen mit seinen kahlen Mauern, dürftigen Bogenfenstern und dem steilen, Wellenlinien bildenden Dach.",dürftigen,Non-MRW,Non-MRW
1902,15,"Selbst im Alles verklärenden Mondlicht wollte sich's nicht hübsch machen mit seinen kahlen Mauern, dürftigen Bogenfenstern und dem steilen, Wellenlinien bildenden Dach.",Bogenfenstern,Non-MRW,Non-MRW
1902,16,"Selbst im Alles verklärenden Mondlicht wollte sich's nicht hübsch machen mit seinen kahlen Mauern, dürftigen Bogenfenstern und dem steilen, Wellenlinien bildenden Dach.",und,Non-MRW,Non-MRW
1902,17,"Selbst im Alles verklärenden Mondlicht wollte sich's nicht hübsch machen mit seinen kahlen Mauern, dürftigen Bogenfenstern und dem steilen, Wellenlinien bildenden Dach.",dem,Non-MRW,Non-MRW
1902,18,"Selbst im Alles verklärenden Mondlicht wollte sich's nicht hübsch machen mit seinen kahlen Mauern, dürftigen Bogenfenstern und dem steilen, Wellenlinien bildenden Dach.",steilen,Non-MRW,Non-MRW
1902,19,"Selbst im Alles verklärenden Mondlicht wollte sich's nicht hübsch machen mit seinen kahlen Mauern, dürftigen Bogenfenstern und dem steilen, Wellenlinien bildenden Dach.",Wellenlinien,MRW,indirect
1902,20,"Selbst im Alles verklärenden Mondlicht wollte sich's nicht hübsch machen mit seinen kahlen Mauern, dürftigen Bogenfenstern und dem steilen, Wellenlinien bildenden Dach.",bildenden,Non-MRW,Non-MRW
1902,21,"Selbst im Alles verklärenden Mondlicht wollte sich's nicht hübsch machen mit seinen kahlen Mauern, dürftigen Bogenfenstern und dem steilen, Wellenlinien bildenden Dach.",Dach,Non-MRW,Non-MRW
1951,0,Die Straße geht am Güterbahnhof entlang.,Die,Non-MRW,Non-MRW
1951,1,Die Straße geht am Güterbahnhof entlang.,Straße,Non-MRW,Non-MRW
1951,2,Die Straße geht am Güterbahnhof entlang.,geht,MRW,indirect
1951,3,Die Straße geht am Güterbahnhof entlang.,am,Non-MRW,Non-MRW
1951,4,Die Straße geht am Güterbahnhof entlang.,Güterbahnhof,Non-MRW,Non-MRW
1951,5,Die Straße geht am Güterbahnhof entlang.,entlang,MWE,MWE
1973,0,Die Sonne lag längst hinter den Bergen.,Die,Non-MRW,Non-MRW
1973,1,Die Sonne lag längst hinter den Bergen.,Sonne,Non-MRW,Non-MRW
1973,2,Die Sonne lag längst hinter den Bergen.,lag,MRW,indirect
1973,3,Die Sonne lag längst hinter den Bergen.,längst,Non-MRW,Non-MRW
1973,4,Die Sonne lag längst hinter den Bergen.,hinter,MRW,indirect
1973,5,Die Sonne lag längst hinter den Bergen.,den,Non-MRW,Non-MRW
1973,6,Die Sonne lag längst hinter den Bergen.,Bergen,Non-MRW,Non-MRW
1992,0,"Zunächst über den Rosenplatz, dann die Rubinstraße hinunter, dann links über die Forellenbrücke, dann durch das kleine Buchrückengässchen in den Garten der Villa ""verlorener Friede""!",Zunächst,Non-MRW,Non-MRW
1992,1,"Zunächst über den Rosenplatz, dann die Rubinstraße hinunter, dann links über die Forellenbrücke, dann durch das kleine Buchrückengässchen in den Garten der Villa ""verlorener Friede""!",über,MRW,indirect
1992,2,"Zunächst über den Rosenplatz, dann die Rubinstraße hinunter, dann links über die Forellenbrücke, dann durch das kleine Buchrückengässchen in den Garten der Villa ""verlorener Friede""!",den,Non-MRW,Non-MRW
1992,3,"Zunächst über den Rosenplatz, dann die Rubinstraße hinunter, dann links über die Forellenbrücke, dann durch das kleine Buchrückengässchen in den Garten der Villa ""verlorener Friede""!",Rosenplatz,Non-MRW,Non-MRW
1992,5,"Zunächst über den Rosenplatz, dann die Rubinstraße hinunter, dann links über die Forellenbrücke, dann durch das kleine Buchrückengässchen in den Garten der Villa ""verlorener Friede""!",dann,Non-MRW,Non-MRW
1992,6,"Zunächst über den Rosenplatz, dann die Rubinstraße hinunter, dann links über die Forellenbrücke, dann durch das kleine Buchrückengässchen in den Garten der Villa ""verlorener Friede""!",die,Non-MRW,Non-MRW
1992,7,"Zunächst über den Rosenplatz, dann die Rubinstraße hinunter, dann links über die Forellenbrücke, dann durch das kleine Buchrückengässchen in den Garten der Villa ""verlorener Friede""!",Rubinstraße,Non-MRW,Non-MRW
1992,8,"Zunächst über den Rosenplatz, dann die Rubinstraße hinunter, dann links über die Forellenbrücke, dann durch das kleine Buchrückengässchen in den Garten der Villa ""verlorener Friede""!",hinunter,MRW,indirect
1992,10,"Zunächst über den Rosenplatz, dann die Rubinstraße hinunter, dann links über die Forellenbrücke, dann durch das kleine Buchrückengässchen in den Garten der Villa ""verlorener Friede""!",dann,Non-MRW,Non-MRW
1992,11,"Zunächst über den Rosenplatz, dann die Rubinstraße hinunter, dann links über die Forellenbrücke, dann durch das kleine Buchrückengässchen in den Garten der Villa ""verlorener Friede""!",links,Non-MRW,Non-MRW
1992,12,"Zunächst über den Rosenplatz, dann die Rubinstraße hinunter, dann links über die Forellenbrücke, dann durch das kleine Buchrückengässchen in den Garten der Villa ""verlorener Friede""!",über,MRW,indirect
1992,13,"Zunächst über den Rosenplatz, dann die Rubinstraße hinunter, dann links über die Forellenbrücke, dann durch das kleine Buchrückengässchen in den Garten der Villa ""verlorener Friede""!",die,Non-MRW,Non-MRW
1992,14,"Zunächst über den Rosenplatz, dann die Rubinstraße hinunter, dann links über die Forellenbrücke, dann durch das kleine Buchrückengässchen in den Garten der Villa ""verlorener Friede""!",Forellenbrücke,Non-MRW,Non-MRW
1992,16,"Zunächst über den Rosenplatz, dann die Rubinstraße hinunter, dann links über die Forellenbrücke, dann durch das kleine Buchrückengässchen in den Garten der Villa ""verlorener Friede""!",dann,Non-MRW,Non-MRW
1992,17,"Zunächst über den Rosenplatz, dann die Rubinstraße hinunter, dann links über die Forellenbrücke, dann durch das kleine Buchrückengässchen in den Garten der Villa ""verlorener Friede""!",durch,Non-MRW,Non-MRW
1992,18,"Zunächst über den Rosenplatz, dann die Rubinstraße hinunter, dann links über die Forellenbrücke, dann durch das kleine Buchrückengässchen in den Garten der Villa ""verlorener Friede""!",das,Non-MRW,Non-MRW
1992,19,"Zunächst über den Rosenplatz, dann die Rubinstraße hinunter, dann links über die Forellenbrücke, dann durch das kleine Buchrückengässchen in den Garten der Villa ""verlorener Friede""!",kleine,Non-MRW,Non-MRW
1992,20,"Zunächst über den Rosenplatz, dann die Rubinstraße hinunter, dann links über die Forellenbrücke, dann durch das kleine Buchrückengässchen in den Garten der Villa ""verlorener Friede""!",Buchrückengässchen,Non-MRW,Non-MRW
1992,21,"Zunächst über den Rosenplatz, dann die Rubinstraße hinunter, dann links über die Forellenbrücke, dann durch das kleine Buchrückengässchen in den Garten der Villa ""verlorener Friede""!",in,Non-MRW,Non-MRW
1992,22,"Zunächst über den Rosenplatz, dann die Rubinstraße hinunter, dann links über die Forellenbrücke, dann durch das kleine Buchrückengässchen in den Garten der Villa ""verlorener Friede""!",den,Non-MRW,Non-MRW
1992,23,"Zunächst über den Rosenplatz, dann die Rubinstraße hinunter, dann links über die Forellenbrücke, dann durch das kleine Buchrückengässchen in den Garten der Villa ""verlorener Friede""!",Garten,Non-MRW,Non-MRW
1992,24,"Zunächst über den Rosenplatz, dann die Rubinstraße hinunter, dann links über die Forellenbrücke, dann durch das kleine Buchrückengässchen in den Garten der Villa ""verlorener Friede""!",der,Non-MRW,Non-MRW
1992,25,"Zunächst über den Rosenplatz, dann die Rubinstraße hinunter, dann links über die Forellenbrücke, dann durch das kleine Buchrückengässchen in den Garten der Villa ""verlorener Friede""!",Villa,Non-MRW,Non-MRW
1992,27,"Zunächst über den Rosenplatz, dann die Rubinstraße hinunter, dann links über die Forellenbrücke, dann durch das kleine Buchrückengässchen in den Garten der Villa ""verlorener Friede""!",verlorener,Non-MRW,Non-MRW
1992,28,"Zunächst über den Rosenplatz, dann die Rubinstraße hinunter, dann links über die Forellenbrücke, dann durch das kleine Buchrückengässchen in den Garten der Villa ""verlorener Friede""!",Friede,Non-MRW,Non-MRW
2003,0,"Aus den Abteilungen und Gittern, die längs der beiden Seiten des Zimmers liefen, schauten furchtbare Fratzen heraus: die einen sahen wie Pferdeköpfe aus, andere hatten Hörner, andere wieder lange Ohren.",Aus,Non-MRW,Non-MRW
2003,1,"Aus den Abteilungen und Gittern, die längs der beiden Seiten des Zimmers liefen, schauten furchtbare Fratzen heraus: die einen sahen wie Pferdeköpfe aus, andere hatten Hörner, andere wieder lange Ohren.",den,Non-MRW,Non-MRW
2003,2,"Aus den Abteilungen und Gittern, die längs der beiden Seiten des Zimmers liefen, schauten furchtbare Fratzen heraus: die einen sahen wie Pferdeköpfe aus, andere hatten Hörner, andere wieder lange Ohren.",Abteilungen,Non-MRW,Non-MRW
2003,3,"Aus den Abteilungen und Gittern, die längs der beiden Seiten des Zimmers liefen, schauten furchtbare Fratzen heraus: die einen sahen wie Pferdeköpfe aus, andere hatten Hörner, andere wieder lange Ohren.",und,Non-MRW,Non-MRW
2003,4,"Aus den Abteilungen und Gittern, die längs der beiden Seiten des Zimmers liefen, schauten furchtbare Fratzen heraus: die einen sahen wie Pferdeköpfe aus, andere hatten Hörner, andere wieder lange Ohren.",Gittern,Non-MRW,Non-MRW
2003,6,"Aus den Abteilungen und Gittern, die längs der beiden Seiten des Zimmers liefen, schauten furchtbare Fratzen heraus: die einen sahen wie Pferdeköpfe aus, andere hatten Hörner, andere wieder lange Ohren.",die,Non-MRW,Non-MRW
2003,7,"Aus den Abteilungen und Gittern, die längs der beiden Seiten des Zimmers liefen, schauten furchtbare Fratzen heraus: die einen sahen wie Pferdeköpfe aus, andere hatten Hörner, andere wieder lange Ohren.",längs,Non-MRW,Non-MRW
2003,8,"Aus den Abteilungen und Gittern, die längs der beiden Seiten des Zimmers liefen, schauten furchtbare Fratzen heraus: die einen sahen wie Pferdeköpfe aus, andere hatten Hörner, andere wieder lange Ohren.",der,Non-MRW,Non-MRW
2003,9,"Aus den Abteilungen und Gittern, die längs der beiden Seiten des Zimmers liefen, schauten furchtbare Fratzen heraus: die einen sahen wie Pferdeköpfe aus, andere hatten Hörner, andere wieder lange Ohren.",beiden,Non-MRW,Non-MRW
2003,10,"Aus den Abteilungen und Gittern, die längs der beiden Seiten des Zimmers liefen, schauten furchtbare Fratzen heraus: die einen sahen wie Pferdeköpfe aus, andere hatten Hörner, andere wieder lange Ohren.",Seiten,Non-MRW,Non-MRW
2003,11,"Aus den Abteilungen und Gittern, die längs der beiden Seiten des Zimmers liefen, schauten furchtbare Fratzen heraus: die einen sahen wie Pferdeköpfe aus, andere hatten Hörner, andere wieder lange Ohren.",des,Non-MRW,Non-MRW
2003,12,"Aus den Abteilungen und Gittern, die längs der beiden Seiten des Zimmers liefen, schauten furchtbare Fratzen heraus: die einen sahen wie Pferdeköpfe aus, andere hatten Hörner, andere wieder lange Ohren.",Zimmers,Non-MRW,Non-MRW
2003,13,"Aus den Abteilungen und Gittern, die längs der beiden Seiten des Zimmers liefen, schauten furchtbare Fratzen heraus: die einen sahen wie Pferdeköpfe aus, andere hatten Hörner, andere wieder lange Ohren.",liefen,MRW,indirect
2003,15,"Aus den Abteilungen und Gittern, die längs der beiden Seiten des Zimmers liefen, schauten furchtbare Fratzen heraus: die einen sahen wie Pferdeköpfe aus, andere hatten Hörner, andere wieder lange Ohren.",schauten,MRW,indirect
2003,16,"Aus den Abteilungen und Gittern, die längs der beiden Seiten des Zimmers liefen, schauten furchtbare Fratzen heraus: die einen sahen wie Pferdeköpfe aus, andere hatten Hörner, andere wieder lange Ohren.",furchtbare,Non-MRW,Non-MRW
2003,17,"Aus den Abteilungen und Gittern, die längs der beiden Seiten des Zimmers liefen, schauten furchtbare Fratzen heraus: die einen sahen wie Pferdeköpfe aus, andere hatten Hörner, andere wieder lange Ohren.",Fratzen,MRW,indirect
2003,18,"Aus den Abteilungen und Gittern, die längs der beiden Seiten des Zimmers liefen, schauten furchtbare Fratzen heraus: die einen sahen wie Pferdeköpfe aus, andere hatten Hörner, andere wieder lange Ohren.",heraus,MWE,MWE
2003,20,"Aus den Abteilungen und Gittern, die längs der beiden Seiten des Zimmers liefen, schauten furchtbare Fratzen heraus: die einen sahen wie Pferdeköpfe aus, andere hatten Hörner, andere wieder lange Ohren.",die,Non-MRW,Non-MRW
2003,21,"Aus den Abteilungen und Gittern, die längs der beiden Seiten des Zimmers liefen, schauten furchtbare Fratzen heraus: die einen sahen wie Pferdeköpfe aus, andere hatten Hörner, andere wieder lange Ohren.",einen,Non-MRW,Non-MRW
2003,22,"Aus den Abteilungen und Gittern, die längs der beiden Seiten des Zimmers liefen, schauten furchtbare Fratzen heraus: die einen sahen wie Pferdeköpfe aus, andere hatten Hörner, andere wieder lange Ohren.",sahen,Non-MRW,Non-MRW
2003,23,"Aus den Abteilungen und Gittern, die längs der beiden Seiten des Zimmers liefen, schauten furchtbare Fratzen heraus: die einen sahen wie Pferdeköpfe aus, andere hatten Hörner, andere wieder lange Ohren.",wie,Mflag,Mflag
2003,24,"Aus den Abteilungen und Gittern, die längs der beiden Seiten des Zimmers liefen, schauten furchtbare Fratzen heraus: die einen sahen wie Pferdeköpfe aus, andere hatten Hörner, andere wieder lange Ohren.",Pferdeköpfe,MRW,direct
2003,25,"Aus den Abteilungen und Gittern, die längs der beiden Seiten des Zimmers liefen, schauten furchtbare Fratzen heraus: die einen sahen wie Pferdeköpfe aus, andere hatten Hörner, andere wieder lange Ohren.",aus,MWE,MWE
2003,27,"Aus den Abteilungen und Gittern, die längs der beiden Seiten des Zimmers liefen, schauten furchtbare Fratzen heraus: die einen sahen wie Pferdeköpfe aus, andere hatten Hörner, andere wieder lange Ohren.",andere,Non-MRW,Non-MRW
2003,28,"Aus den Abteilungen und Gittern, die längs der beiden Seiten des Zimmers liefen, schauten furchtbare Fratzen heraus: die einen sahen wie Pferdeköpfe aus, andere hatten Hörner, andere wieder lange Ohren.",hatten,Non-MRW,Non-MRW
2003,29,"Aus den Abteilungen und Gittern, die längs der beiden Seiten des Zimmers liefen, schauten furchtbare Fratzen heraus: die einen sahen wie Pferdeköpfe aus, andere hatten Hörner, andere wieder lange Ohren.",Hörner,Non-MRW,Non-MRW
2003,31,"Aus den Abteilungen und Gittern, die längs der beiden Seiten des Zimmers liefen, schauten furchtbare Fratzen heraus: die einen sahen wie Pferdeköpfe aus, andere hatten Hörner, andere wieder lange Ohren.",andere,Non-MRW,Non-MRW
2003,32,"Aus den Abteilungen und Gittern, die längs der beiden Seiten des Zimmers liefen, schauten furchtbare Fratzen heraus: die einen sahen wie Pferdeköpfe aus, andere hatten Hörner, andere wieder lange Ohren.",wieder,Non-MRW,Non-MRW
2003,33,"Aus den Abteilungen und Gittern, die längs der beiden Seiten des Zimmers liefen, schauten furchtbare Fratzen heraus: die einen sahen wie Pferdeköpfe aus, andere hatten Hörner, andere wieder lange Ohren.",lange,Non-MRW,Non-MRW
2003,34,"Aus den Abteilungen und Gittern, die längs der beiden Seiten des Zimmers liefen, schauten furchtbare Fratzen heraus: die einen sahen wie Pferdeköpfe aus, andere hatten Hörner, andere wieder lange Ohren.",Ohren,Non-MRW,Non-MRW
2025,0,"Wie in der Galerie, aus der wir kommen, habe ich hier zum Schutze gegen die Nachtluft nur Glasscheiben, ganz dünne Vorhänge aus weißer Seide, und Oberfenster aus Reispapier, die überall geplatzt sind.",Wie,Mflag,Mflag
2025,1,"Wie in der Galerie, aus der wir kommen, habe ich hier zum Schutze gegen die Nachtluft nur Glasscheiben, ganz dünne Vorhänge aus weißer Seide, und Oberfenster aus Reispapier, die überall geplatzt sind.",in,MRW,STOPWORD
2025,2,"Wie in der Galerie, aus der wir kommen, habe ich hier zum Schutze gegen die Nachtluft nur Glasscheiben, ganz dünne Vorhänge aus weißer Seide, und Oberfenster aus Reispapier, die überall geplatzt sind.",der,MRW,STOPWORD
2025,3,"Wie in der Galerie, aus der wir kommen, habe ich hier zum Schutze gegen die Nachtluft nur Glasscheiben, ganz dünne Vorhänge aus weißer Seide, und Oberfenster aus Reispapier, die überall geplatzt sind.",Galerie,MRW,direct
2025,5,"Wie in der Galerie, aus der wir kommen, habe ich hier zum Schutze gegen die Nachtluft nur Glasscheiben, ganz dünne Vorhänge aus weißer Seide, und Oberfenster aus Reispapier, die überall geplatzt sind.",aus,MRW,STOPWORD
2025,6,"Wie in der Galerie, aus der wir kommen, habe ich hier zum Schutze gegen die Nachtluft nur Glasscheiben, ganz dünne Vorhänge aus weißer Seide, und Oberfenster aus Reispapier, die überall geplatzt sind.",der,MRW,STOPWORD
2025,7,"Wie in der Galerie, aus der wir kommen, habe ich hier zum Schutze gegen die Nachtluft nur Glasscheiben, ganz dünne Vorhänge aus weißer Seide, und Oberfenster aus Reispapier, die überall geplatzt sind.",wir,MRW,STOPWORD
2025,8,"Wie in der Galerie, aus der wir kommen, habe ich hier zum Schutze gegen die Nachtluft nur Glasscheiben, ganz dünne Vorhänge aus weißer Seide, und Oberfenster aus Reispapier, die überall geplatzt sind.",kommen,MRW,direct
2025,10,"Wie in der Galerie, aus der wir kommen, habe ich hier zum Schutze gegen die Nachtluft nur Glasscheiben, ganz dünne Vorhänge aus weißer Seide, und Oberfenster aus Reispapier, die überall geplatzt sind.",habe,Non-MRW,Non-MRW
2025,11,"Wie in der Galerie, aus der wir kommen, habe ich hier zum Schutze gegen die Nachtluft nur Glasscheiben, ganz dünne Vorhänge aus weißer Seide, und Oberfenster aus Reispapier, die überall geplatzt sind.",ich,Non-MRW,Non-MRW
2025,12,"Wie in der Galerie, aus der wir kommen, habe ich hier zum Schutze gegen die Nachtluft nur Glasscheiben, ganz dünne Vorhänge aus weißer Seide, und Oberfenster aus Reispapier, die überall geplatzt sind.",hier,Non-MRW,Non-MRW
2025,13,"Wie in der Galerie, aus der wir kommen, habe ich hier zum Schutze gegen die Nachtluft nur Glasscheiben, ganz dünne Vorhänge aus weißer Seide, und Oberfenster aus Reispapier, die überall geplatzt sind.",zum,Non-MRW,Non-MRW
2025,14,"Wie in der Galerie, aus der wir kommen, habe ich hier zum Schutze gegen die Nachtluft nur Glasscheiben, ganz dünne Vorhänge aus weißer Seide, und Oberfenster aus Reispapier, die überall geplatzt sind.",Schutze,Non-MRW,Non-MRW
2025,15,"Wie in der Galerie, aus der wir kommen, habe ich hier zum Schutze gegen die Nachtluft nur Glasscheiben, ganz dünne Vorhänge aus weißer Seide, und Oberfenster aus Reispapier, die überall geplatzt sind.",gegen,MRW,indirect
2025,16,"Wie in der Galerie, aus der wir kommen, habe ich hier zum Schutze gegen die Nachtluft nur Glasscheiben, ganz dünne Vorhänge aus weißer Seide, und Oberfenster aus Reispapier, die überall geplatzt sind.",die,Non-MRW,Non-MRW
2025,17,"Wie in der Galerie, aus der wir kommen, habe ich hier zum Schutze gegen die Nachtluft nur Glasscheiben, ganz dünne Vorhänge aus weißer Seide, und Oberfenster aus Reispapier, die überall geplatzt sind.",Nachtluft,Non-MRW,Non-MRW
2025,18,"Wie in der Galerie, aus der wir kommen, habe ich hier zum Schutze gegen die Nachtluft nur Glasscheiben, ganz dünne Vorhänge aus weißer Seide, und Oberfenster aus Reispapier, die überall geplatzt sind.",nur,Non-MRW,Non-MRW
2025,19,"Wie in der Galerie, aus der wir kommen, habe ich hier zum Schutze gegen die Nachtluft nur Glasscheiben, ganz dünne Vorhänge aus weißer Seide, und Oberfenster aus Reispapier, die überall geplatzt sind.",Glasscheiben,Non-MRW,Non-MRW
2025,21,"Wie in der Galerie, aus der wir kommen, habe ich hier zum Schutze gegen die Nachtluft nur Glasscheiben, ganz dünne Vorhänge aus weißer Seide, und Oberfenster aus Reispapier, die überall geplatzt sind.",ganz,Non-MRW,Non-MRW
2025,22,"Wie in der Galerie, aus der wir kommen, habe ich hier zum Schutze gegen die Nachtluft nur Glasscheiben, ganz dünne Vorhänge aus weißer Seide, und Oberfenster aus Reispapier, die überall geplatzt sind.",dünne,Non-MRW,Non-MRW
2025,23,"Wie in der Galerie, aus der wir kommen, habe ich hier zum Schutze gegen die Nachtluft nur Glasscheiben, ganz dünne Vorhänge aus weißer Seide, und Oberfenster aus Reispapier, die überall geplatzt sind.",Vorhänge,Non-MRW,Non-MRW
2025,24,"Wie in der Galerie, aus der wir kommen, habe ich hier zum Schutze gegen die Nachtluft nur Glasscheiben, ganz dünne Vorhänge aus weißer Seide, und Oberfenster aus Reispapier, die überall geplatzt sind.",aus,MRW,indirect
2025,25,"Wie in der Galerie, aus der wir kommen, habe ich hier zum Schutze gegen die Nachtluft nur Glasscheiben, ganz dünne Vorhänge aus weißer Seide, und Oberfenster aus Reispapier, die überall geplatzt sind.",weißer,Non-MRW,Non-MRW
2025,26,"Wie in der Galerie, aus der wir kommen, habe ich hier zum Schutze gegen die Nachtluft nur Glasscheiben, ganz dünne Vorhänge aus weißer Seide, und Oberfenster aus Reispapier, die überall geplatzt sind.",Seide,Non-MRW,Non-MRW
2025,28,"Wie in der Galerie, aus der wir kommen, habe ich hier zum Schutze gegen die Nachtluft nur Glasscheiben, ganz dünne Vorhänge aus weißer Seide, und Oberfenster aus Reispapier, die überall geplatzt sind.",und,Non-MRW,Non-MRW
2025,29,"Wie in der Galerie, aus der wir kommen, habe ich hier zum Schutze gegen die Nachtluft nur Glasscheiben, ganz dünne Vorhänge aus weißer Seide, und Oberfenster aus Reispapier, die überall geplatzt sind.",Oberfenster,Non-MRW,Non-MRW
2025,30,"Wie in der Galerie, aus der wir kommen, habe ich hier zum Schutze gegen die Nachtluft nur Glasscheiben, ganz dünne Vorhänge aus weißer Seide, und Oberfenster aus Reispapier, die überall geplatzt sind.",aus,MRW,indirect
2025,31,"Wie in der Galerie, aus der wir kommen, habe ich hier zum Schutze gegen die Nachtluft nur Glasscheiben, ganz dünne Vorhänge aus weißer Seide, und Oberfenster aus Reispapier, die überall geplatzt sind.",Reispapier,Non-MRW,Non-MRW
2025,33,"Wie in der Galerie, aus der wir kommen, habe ich hier zum Schutze gegen die Nachtluft nur Glasscheiben, ganz dünne Vorhänge aus weißer Seide, und Oberfenster aus Reispapier, die überall geplatzt sind.",die,Non-MRW,Non-MRW
2025,34,"Wie in der Galerie, aus der wir kommen, habe ich hier zum Schutze gegen die Nachtluft nur Glasscheiben, ganz dünne Vorhänge aus weißer Seide, und Oberfenster aus Reispapier, die überall geplatzt sind.",überall,Non-MRW,Non-MRW
2025,35,"Wie in der Galerie, aus der wir kommen, habe ich hier zum Schutze gegen die Nachtluft nur Glasscheiben, ganz dünne Vorhänge aus weißer Seide, und Oberfenster aus Reispapier, die überall geplatzt sind.",geplatzt,Non-MRW,Non-MRW
2025,36,"Wie in der Galerie, aus der wir kommen, habe ich hier zum Schutze gegen die Nachtluft nur Glasscheiben, ganz dünne Vorhänge aus weißer Seide, und Oberfenster aus Reispapier, die überall geplatzt sind.",sind,Non-MRW,Non-MRW
2038,0,Auch ist drinnen kein Platz mehr.,Auch,Non-MRW,Non-MRW
2038,1,Auch ist drinnen kein Platz mehr.,ist,Non-MRW,Non-MRW
2038,2,Auch ist drinnen kein Platz mehr.,drinnen,Non-MRW,Non-MRW
2038,3,Auch ist drinnen kein Platz mehr.,kein,Non-MRW,Non-MRW
2038,4,Auch ist drinnen kein Platz mehr.,Platz,Non-MRW,Non-MRW
2038,5,Auch ist drinnen kein Platz mehr.,mehr,Non-MRW,Non-MRW
2051,0,"Max' Zimmer, im Ganzen dunkel gehalten, dunkelrote Tapeten, dunkelrote Portièren.",Max,Non-MRW,Non-MRW
2051,2,"Max' Zimmer, im Ganzen dunkel gehalten, dunkelrote Tapeten, dunkelrote Portièren.",Zimmer,Non-MRW,Non-MRW
2051,4,"Max' Zimmer, im Ganzen dunkel gehalten, dunkelrote Tapeten, dunkelrote Portièren.",im,MWE,MWE
2051,5,"Max' Zimmer, im Ganzen dunkel gehalten, dunkelrote Tapeten, dunkelrote Portièren.",Ganzen,Non-MRW,Non-MRW
2051,6,"Max' Zimmer, im Ganzen dunkel gehalten, dunkelrote Tapeten, dunkelrote Portièren.",dunkel,Non-MRW,Non-MRW
2051,7,"Max' Zimmer, im Ganzen dunkel gehalten, dunkelrote Tapeten, dunkelrote Portièren.",gehalten,MRW,indirect
2051,9,"Max' Zimmer, im Ganzen dunkel gehalten, dunkelrote Tapeten, dunkelrote Portièren.",dunkelrote,Non-MRW,Non-MRW
2051,10,"Max' Zimmer, im Ganzen dunkel gehalten, dunkelrote Tapeten, dunkelrote Portièren.",Tapeten,Non-MRW,Non-MRW
2051,12,"Max' Zimmer, im Ganzen dunkel gehalten, dunkelrote Tapeten, dunkelrote Portièren.",dunkelrote,Non-MRW,Non-MRW
2051,13,"Max' Zimmer, im Ganzen dunkel gehalten, dunkelrote Tapeten, dunkelrote Portièren.",Portièren,Non-MRW,Non-MRW
2052,0,"Die raue Straße, die nach Süden führte und hier und da von Gehöften eingefasst war, war menschenleer.",Die,Non-MRW,Non-MRW
2052,1,"Die raue Straße, die nach Süden führte und hier und da von Gehöften eingefasst war, war menschenleer.",raue,MRW,indirect
2052,2,"Die raue Straße, die nach Süden führte und hier und da von Gehöften eingefasst war, war menschenleer.",Straße,Non-MRW,Non-MRW
2052,3,"Die raue Straße, die nach Süden führte und hier und da von Gehöften eingefasst war, war menschenleer.",die,Non-MRW,Non-MRW
2052,4,"Die raue Straße, die nach Süden führte und hier und da von Gehöften eingefasst war, war menschenleer.",nach,Non-MRW,Non-MRW
2052,5,"Die raue Straße, die nach Süden führte und hier und da von Gehöften eingefasst war, war menschenleer.",Süden,Non-MRW,Non-MRW
2052,6,"Die raue Straße, die nach Süden führte und hier und da von Gehöften eingefasst war, war menschenleer.",führte,MRW,indirect
2052,7,"Die raue Straße, die nach Süden führte und hier und da von Gehöften eingefasst war, war menschenleer.",und,Non-MRW,Non-MRW
2052,8,"Die raue Straße, die nach Süden führte und hier und da von Gehöften eingefasst war, war menschenleer.",hier,MRW,indirect
2052,9,"Die raue Straße, die nach Süden führte und hier und da von Gehöften eingefasst war, war menschenleer.",und,MWE,MWE
2052,10,"Die raue Straße, die nach Süden führte und hier und da von Gehöften eingefasst war, war menschenleer.",da,MWE,MWE
2052,11,"Die raue Straße, die nach Süden führte und hier und da von Gehöften eingefasst war, war menschenleer.",von,Non-MRW,Non-MRW
2052,12,"Die raue Straße, die nach Süden führte und hier und da von Gehöften eingefasst war, war menschenleer.",Gehöften,Non-MRW,Non-MRW
2052,13,"Die raue Straße, die nach Süden führte und hier und da von Gehöften eingefasst war, war menschenleer.",eingefasst,MRW,indirect
2052,14,"Die raue Straße, die nach Süden führte und hier und da von Gehöften eingefasst war, war menschenleer.",war,Non-MRW,Non-MRW
2052,15,"Die raue Straße, die nach Süden führte und hier und da von Gehöften eingefasst war, war menschenleer.",war,Non-MRW,Non-MRW
2052,16,"Die raue Straße, die nach Süden führte und hier und da von Gehöften eingefasst war, war menschenleer.",menschenleer,Non-MRW,Non-MRW
2074,0,Das ist das Land in den Bergen.,Das,Non-MRW,Non-MRW
2074,1,Das ist das Land in den Bergen.,ist,Non-MRW,Non-MRW
2074,2,Das ist das Land in den Bergen.,das,Non-MRW,Non-MRW
2074,3,Das ist das Land in den Bergen.,Land,Non-MRW,Non-MRW
2074,4,Das ist das Land in den Bergen.,in,WIDLII,WIDLII
2074,5,Das ist das Land in den Bergen.,den,Non-MRW,Non-MRW
2074,6,Das ist das Land in den Bergen.,Bergen,Non-MRW,Non-MRW
2088,0,"Große, flache Hagelkörner prasselten in weißen Streifen auf sie nieder, legten sich in Perlenreihen in die Falten des Kleides, spritzten von den Mähnen der Pferde ab und sprangen und rollten im Gras herum, als wimmelten sie aus der Erde hervor.",Große,Non-MRW,Non-MRW
2088,2,"Große, flache Hagelkörner prasselten in weißen Streifen auf sie nieder, legten sich in Perlenreihen in die Falten des Kleides, spritzten von den Mähnen der Pferde ab und sprangen und rollten im Gras herum, als wimmelten sie aus der Erde hervor.",flache,Non-MRW,Non-MRW
2088,3,"Große, flache Hagelkörner prasselten in weißen Streifen auf sie nieder, legten sich in Perlenreihen in die Falten des Kleides, spritzten von den Mähnen der Pferde ab und sprangen und rollten im Gras herum, als wimmelten sie aus der Erde hervor.",Hagelkörner,Non-MRW,Non-MRW
2088,4,"Große, flache Hagelkörner prasselten in weißen Streifen auf sie nieder, legten sich in Perlenreihen in die Falten des Kleides, spritzten von den Mähnen der Pferde ab und sprangen und rollten im Gras herum, als wimmelten sie aus der Erde hervor.",prasselten,Non-MRW,Non-MRW
2088,5,"Große, flache Hagelkörner prasselten in weißen Streifen auf sie nieder, legten sich in Perlenreihen in die Falten des Kleides, spritzten von den Mähnen der Pferde ab und sprangen und rollten im Gras herum, als wimmelten sie aus der Erde hervor.",in,MRW,indirect
2088,6,"Große, flache Hagelkörner prasselten in weißen Streifen auf sie nieder, legten sich in Perlenreihen in die Falten des Kleides, spritzten von den Mähnen der Pferde ab und sprangen und rollten im Gras herum, als wimmelten sie aus der Erde hervor.",weißen,WIDLII,WIDLII
2088,7,"Große, flache Hagelkörner prasselten in weißen Streifen auf sie nieder, legten sich in Perlenreihen in die Falten des Kleides, spritzten von den Mähnen der Pferde ab und sprangen und rollten im Gras herum, als wimmelten sie aus der Erde hervor.",Streifen,MRW,indirect
2088,8,"Große, flache Hagelkörner prasselten in weißen Streifen auf sie nieder, legten sich in Perlenreihen in die Falten des Kleides, spritzten von den Mähnen der Pferde ab und sprangen und rollten im Gras herum, als wimmelten sie aus der Erde hervor.",auf,Non-MRW,Non-MRW
2088,9,"Große, flache Hagelkörner prasselten in weißen Streifen auf sie nieder, legten sich in Perlenreihen in die Falten des Kleides, spritzten von den Mähnen der Pferde ab und sprangen und rollten im Gras herum, als wimmelten sie aus der Erde hervor.",sie,Non-MRW,Non-MRW
2088,10,"Große, flache Hagelkörner prasselten in weißen Streifen auf sie nieder, legten sich in Perlenreihen in die Falten des Kleides, spritzten von den Mähnen der Pferde ab und sprangen und rollten im Gras herum, als wimmelten sie aus der Erde hervor.",nieder,MWE,MWE
2088,12,"Große, flache Hagelkörner prasselten in weißen Streifen auf sie nieder, legten sich in Perlenreihen in die Falten des Kleides, spritzten von den Mähnen der Pferde ab und sprangen und rollten im Gras herum, als wimmelten sie aus der Erde hervor.",legten,MRW,indirect
2088,13,"Große, flache Hagelkörner prasselten in weißen Streifen auf sie nieder, legten sich in Perlenreihen in die Falten des Kleides, spritzten von den Mähnen der Pferde ab und sprangen und rollten im Gras herum, als wimmelten sie aus der Erde hervor.",sich,MWE,MWE
2088,14,"Große, flache Hagelkörner prasselten in weißen Streifen auf sie nieder, legten sich in Perlenreihen in die Falten des Kleides, spritzten von den Mähnen der Pferde ab und sprangen und rollten im Gras herum, als wimmelten sie aus der Erde hervor.",in,MRW,indirect
2088,15,"Große, flache Hagelkörner prasselten in weißen Streifen auf sie nieder, legten sich in Perlenreihen in die Falten des Kleides, spritzten von den Mähnen der Pferde ab und sprangen und rollten im Gras herum, als wimmelten sie aus der Erde hervor.",Perlen,MRW,indirect
2088,15,"Große, flache Hagelkörner prasselten in weißen Streifen auf sie nieder, legten sich in Perlenreihen in die Falten des Kleides, spritzten von den Mähnen der Pferde ab und sprangen und rollten im Gras herum, als wimmelten sie aus der Erde hervor.",reihen,Non-MRW,Non-MRW
2088,16,"Große, flache Hagelkörner prasselten in weißen Streifen auf sie nieder, legten sich in Perlenreihen in die Falten des Kleides, spritzten von den Mähnen der Pferde ab und sprangen und rollten im Gras herum, als wimmelten sie aus der Erde hervor.",in,Non-MRW,Non-MRW
2088,17,"Große, flache Hagelkörner prasselten in weißen Streifen auf sie nieder, legten sich in Perlenreihen in die Falten des Kleides, spritzten von den Mähnen der Pferde ab und sprangen und rollten im Gras herum, als wimmelten sie aus der Erde hervor.",die,Non-MRW,Non-MRW
2088,18,"Große, flache Hagelkörner prasselten in weißen Streifen auf sie nieder, legten sich in Perlenreihen in die Falten des Kleides, spritzten von den Mähnen der Pferde ab und sprangen und rollten im Gras herum, als wimmelten sie aus der Erde hervor.",Falten,Non-MRW,Non-MRW
2088,19,"Große, flache Hagelkörner prasselten in weißen Streifen auf sie nieder, legten sich in Perlenreihen in die Falten des Kleides, spritzten von den Mähnen der Pferde ab und sprangen und rollten im Gras herum, als wimmelten sie aus der Erde hervor.",des,Non-MRW,Non-MRW
2088,20,"Große, flache Hagelkörner prasselten in weißen Streifen auf sie nieder, legten sich in Perlenreihen in die Falten des Kleides, spritzten von den Mähnen der Pferde ab und sprangen und rollten im Gras herum, als wimmelten sie aus der Erde hervor.",Kleides,Non-MRW,Non-MRW
2088,22,"Große, flache Hagelkörner prasselten in weißen Streifen auf sie nieder, legten sich in Perlenreihen in die Falten des Kleides, spritzten von den Mähnen der Pferde ab und sprangen und rollten im Gras herum, als wimmelten sie aus der Erde hervor.",spritzten,MRW,indirect
2088,23,"Große, flache Hagelkörner prasselten in weißen Streifen auf sie nieder, legten sich in Perlenreihen in die Falten des Kleides, spritzten von den Mähnen der Pferde ab und sprangen und rollten im Gras herum, als wimmelten sie aus der Erde hervor.",von,Non-MRW,Non-MRW
2088,24,"Große, flache Hagelkörner prasselten in weißen Streifen auf sie nieder, legten sich in Perlenreihen in die Falten des Kleides, spritzten von den Mähnen der Pferde ab und sprangen und rollten im Gras herum, als wimmelten sie aus der Erde hervor.",den,Non-MRW,Non-MRW
2088,25,"Große, flache Hagelkörner prasselten in weißen Streifen auf sie nieder, legten sich in Perlenreihen in die Falten des Kleides, spritzten von den Mähnen der Pferde ab und sprangen und rollten im Gras herum, als wimmelten sie aus der Erde hervor.",Mähnen,Non-MRW,Non-MRW
2088,26,"Große, flache Hagelkörner prasselten in weißen Streifen auf sie nieder, legten sich in Perlenreihen in die Falten des Kleides, spritzten von den Mähnen der Pferde ab und sprangen und rollten im Gras herum, als wimmelten sie aus der Erde hervor.",der,Non-MRW,Non-MRW
2088,27,"Große, flache Hagelkörner prasselten in weißen Streifen auf sie nieder, legten sich in Perlenreihen in die Falten des Kleides, spritzten von den Mähnen der Pferde ab und sprangen und rollten im Gras herum, als wimmelten sie aus der Erde hervor.",Pferde,Non-MRW,Non-MRW
2088,28,"Große, flache Hagelkörner prasselten in weißen Streifen auf sie nieder, legten sich in Perlenreihen in die Falten des Kleides, spritzten von den Mähnen der Pferde ab und sprangen und rollten im Gras herum, als wimmelten sie aus der Erde hervor.",ab,MWE,MWE
2088,29,"Große, flache Hagelkörner prasselten in weißen Streifen auf sie nieder, legten sich in Perlenreihen in die Falten des Kleides, spritzten von den Mähnen der Pferde ab und sprangen und rollten im Gras herum, als wimmelten sie aus der Erde hervor.",und,Non-MRW,Non-MRW
2088,30,"Große, flache Hagelkörner prasselten in weißen Streifen auf sie nieder, legten sich in Perlenreihen in die Falten des Kleides, spritzten von den Mähnen der Pferde ab und sprangen und rollten im Gras herum, als wimmelten sie aus der Erde hervor.",sprangen,MRW,indirect
2088,31,"Große, flache Hagelkörner prasselten in weißen Streifen auf sie nieder, legten sich in Perlenreihen in die Falten des Kleides, spritzten von den Mähnen der Pferde ab und sprangen und rollten im Gras herum, als wimmelten sie aus der Erde hervor.",und,Non-MRW,Non-MRW
2088,32,"Große, flache Hagelkörner prasselten in weißen Streifen auf sie nieder, legten sich in Perlenreihen in die Falten des Kleides, spritzten von den Mähnen der Pferde ab und sprangen und rollten im Gras herum, als wimmelten sie aus der Erde hervor.",rollten,Non-MRW,Non-MRW
2088,33,"Große, flache Hagelkörner prasselten in weißen Streifen auf sie nieder, legten sich in Perlenreihen in die Falten des Kleides, spritzten von den Mähnen der Pferde ab und sprangen und rollten im Gras herum, als wimmelten sie aus der Erde hervor.",im,Non-MRW,Non-MRW
2088,34,"Große, flache Hagelkörner prasselten in weißen Streifen auf sie nieder, legten sich in Perlenreihen in die Falten des Kleides, spritzten von den Mähnen der Pferde ab und sprangen und rollten im Gras herum, als wimmelten sie aus der Erde hervor.",Gras,Non-MRW,Non-MRW
2088,35,"Große, flache Hagelkörner prasselten in weißen Streifen auf sie nieder, legten sich in Perlenreihen in die Falten des Kleides, spritzten von den Mähnen der Pferde ab und sprangen und rollten im Gras herum, als wimmelten sie aus der Erde hervor.",herum,MWE,MWE
2088,37,"Große, flache Hagelkörner prasselten in weißen Streifen auf sie nieder, legten sich in Perlenreihen in die Falten des Kleides, spritzten von den Mähnen der Pferde ab und sprangen und rollten im Gras herum, als wimmelten sie aus der Erde hervor.",als,Mflag,Mflag
2088,38,"Große, flache Hagelkörner prasselten in weißen Streifen auf sie nieder, legten sich in Perlenreihen in die Falten des Kleides, spritzten von den Mähnen der Pferde ab und sprangen und rollten im Gras herum, als wimmelten sie aus der Erde hervor.",wimmelten,MRW,direct
2088,39,"Große, flache Hagelkörner prasselten in weißen Streifen auf sie nieder, legten sich in Perlenreihen in die Falten des Kleides, spritzten von den Mähnen der Pferde ab und sprangen und rollten im Gras herum, als wimmelten sie aus der Erde hervor.",sie,MRW,STOPWORD
2088,40,"Große, flache Hagelkörner prasselten in weißen Streifen auf sie nieder, legten sich in Perlenreihen in die Falten des Kleides, spritzten von den Mähnen der Pferde ab und sprangen und rollten im Gras herum, als wimmelten sie aus der Erde hervor.",aus,MRW,STOPWORD
2088,41,"Große, flache Hagelkörner prasselten in weißen Streifen auf sie nieder, legten sich in Perlenreihen in die Falten des Kleides, spritzten von den Mähnen der Pferde ab und sprangen und rollten im Gras herum, als wimmelten sie aus der Erde hervor.",der,MRW,STOPWORD
2088,42,"Große, flache Hagelkörner prasselten in weißen Streifen auf sie nieder, legten sich in Perlenreihen in die Falten des Kleides, spritzten von den Mähnen der Pferde ab und sprangen und rollten im Gras herum, als wimmelten sie aus der Erde hervor.",Erde,MRW,direct
2088,43,"Große, flache Hagelkörner prasselten in weißen Streifen auf sie nieder, legten sich in Perlenreihen in die Falten des Kleides, spritzten von den Mähnen der Pferde ab und sprangen und rollten im Gras herum, als wimmelten sie aus der Erde hervor.",hervor,MWE,MWE
2090,0,Die Fenster des Wohnzimmers standen offen.,Die,Non-MRW,Non-MRW
2090,1,Die Fenster des Wohnzimmers standen offen.,Fenster,Non-MRW,Non-MRW
2090,2,Die Fenster des Wohnzimmers standen offen.,des,Non-MRW,Non-MRW
2090,3,Die Fenster des Wohnzimmers standen offen.,Wohnzimmers,Non-MRW,Non-MRW
2090,4,Die Fenster des Wohnzimmers standen offen.,standen,MRW,indirect
2090,5,Die Fenster des Wohnzimmers standen offen.,offen,MWE,MWE
2131,0,Im Salon waren die Lichter erloschen; an ihrer Stelle brannte in dem Balkonzimmer der unteren Etage eine Lampe.,Im,Non-MRW,Non-MRW
2131,1,Im Salon waren die Lichter erloschen; an ihrer Stelle brannte in dem Balkonzimmer der unteren Etage eine Lampe.,Salon,Non-MRW,Non-MRW
2131,2,Im Salon waren die Lichter erloschen; an ihrer Stelle brannte in dem Balkonzimmer der unteren Etage eine Lampe.,waren,Non-MRW,Non-MRW
2131,3,Im Salon waren die Lichter erloschen; an ihrer Stelle brannte in dem Balkonzimmer der unteren Etage eine Lampe.,die,Non-MRW,Non-MRW
2131,4,Im Salon waren die Lichter erloschen; an ihrer Stelle brannte in dem Balkonzimmer der unteren Etage eine Lampe.,Lichter,Non-MRW,Non-MRW
2131,5,Im Salon waren die Lichter erloschen; an ihrer Stelle brannte in dem Balkonzimmer der unteren Etage eine Lampe.,erloschen,Non-MRW,Non-MRW
2131,7,Im Salon waren die Lichter erloschen; an ihrer Stelle brannte in dem Balkonzimmer der unteren Etage eine Lampe.,an,Non-MRW,Non-MRW
2131,8,Im Salon waren die Lichter erloschen; an ihrer Stelle brannte in dem Balkonzimmer der unteren Etage eine Lampe.,ihrer,Non-MRW,Non-MRW
2131,9,Im Salon waren die Lichter erloschen; an ihrer Stelle brannte in dem Balkonzimmer der unteren Etage eine Lampe.,Stelle,MRW,indirect
2131,10,Im Salon waren die Lichter erloschen; an ihrer Stelle brannte in dem Balkonzimmer der unteren Etage eine Lampe.,brannte,MRW,indirect
2131,11,Im Salon waren die Lichter erloschen; an ihrer Stelle brannte in dem Balkonzimmer der unteren Etage eine Lampe.,in,Non-MRW,Non-MRW
2131,12,Im Salon waren die Lichter erloschen; an ihrer Stelle brannte in dem Balkonzimmer der unteren Etage eine Lampe.,dem,Non-MRW,Non-MRW
2131,13,Im Salon waren die Lichter erloschen; an ihrer Stelle brannte in dem Balkonzimmer der unteren Etage eine Lampe.,Balkonzimmer,Non-MRW,Non-MRW
2131,14,Im Salon waren die Lichter erloschen; an ihrer Stelle brannte in dem Balkonzimmer der unteren Etage eine Lampe.,der,Non-MRW,Non-MRW
2131,15,Im Salon waren die Lichter erloschen; an ihrer Stelle brannte in dem Balkonzimmer der unteren Etage eine Lampe.,unteren,Non-MRW,Non-MRW
2131,16,Im Salon waren die Lichter erloschen; an ihrer Stelle brannte in dem Balkonzimmer der unteren Etage eine Lampe.,Etage,Non-MRW,Non-MRW
2131,17,Im Salon waren die Lichter erloschen; an ihrer Stelle brannte in dem Balkonzimmer der unteren Etage eine Lampe.,eine,Non-MRW,Non-MRW
2131,18,Im Salon waren die Lichter erloschen; an ihrer Stelle brannte in dem Balkonzimmer der unteren Etage eine Lampe.,Lampe,Non-MRW,Non-MRW
2167,0,Da sind zwei Fenster in dem Zimmer.,Da,Non-MRW,Non-MRW
2167,1,Da sind zwei Fenster in dem Zimmer.,sind,Non-MRW,Non-MRW
2167,2,Da sind zwei Fenster in dem Zimmer.,zwei,Non-MRW,Non-MRW
2167,3,Da sind zwei Fenster in dem Zimmer.,Fenster,Non-MRW,Non-MRW
2167,4,Da sind zwei Fenster in dem Zimmer.,in,Non-MRW,Non-MRW
2167,5,Da sind zwei Fenster in dem Zimmer.,dem,Non-MRW,Non-MRW
2167,6,Da sind zwei Fenster in dem Zimmer.,Zimmer,Non-MRW,Non-MRW
2169,0,Ein Berg schwarzen Gebälks lag in dem verwüsteten Garten.,Ein,Non-MRW,Non-MRW
2169,1,Ein Berg schwarzen Gebälks lag in dem verwüsteten Garten.,Berg,MRW,indirect
2169,2,Ein Berg schwarzen Gebälks lag in dem verwüsteten Garten.,schwarzen,Non-MRW,Non-MRW
2169,3,Ein Berg schwarzen Gebälks lag in dem verwüsteten Garten.,Gebälks,Non-MRW,Non-MRW
2169,4,Ein Berg schwarzen Gebälks lag in dem verwüsteten Garten.,lag,MRW,indirect
2169,5,Ein Berg schwarzen Gebälks lag in dem verwüsteten Garten.,in,Non-MRW,Non-MRW
2169,6,Ein Berg schwarzen Gebälks lag in dem verwüsteten Garten.,dem,Non-MRW,Non-MRW
2169,7,Ein Berg schwarzen Gebälks lag in dem verwüsteten Garten.,verwüsteten,Non-MRW,Non-MRW
2169,8,Ein Berg schwarzen Gebälks lag in dem verwüsteten Garten.,Garten,Non-MRW,Non-MRW
2240,0,"Auf die achte Stunde erst wies der Zeiger der Uhr, welche sich an der Stirnseite der vielbesuchten Mariahilfer Kirche befindet, die schon vor alter Zeit ihrer ganzen Umgebung den Namen gegeben hat, den der jetzige sechste Bezirk der schönen Kaiserstadt weiterführt.",Auf,Non-MRW,Non-MRW
2240,1,"Auf die achte Stunde erst wies der Zeiger der Uhr, welche sich an der Stirnseite der vielbesuchten Mariahilfer Kirche befindet, die schon vor alter Zeit ihrer ganzen Umgebung den Namen gegeben hat, den der jetzige sechste Bezirk der schönen Kaiserstadt weiterführt.",die,Non-MRW,Non-MRW
2240,2,"Auf die achte Stunde erst wies der Zeiger der Uhr, welche sich an der Stirnseite der vielbesuchten Mariahilfer Kirche befindet, die schon vor alter Zeit ihrer ganzen Umgebung den Namen gegeben hat, den der jetzige sechste Bezirk der schönen Kaiserstadt weiterführt.",achte,Non-MRW,Non-MRW
2240,3,"Auf die achte Stunde erst wies der Zeiger der Uhr, welche sich an der Stirnseite der vielbesuchten Mariahilfer Kirche befindet, die schon vor alter Zeit ihrer ganzen Umgebung den Namen gegeben hat, den der jetzige sechste Bezirk der schönen Kaiserstadt weiterführt.",Stunde,WIDLII,WIDLII
2240,4,"Auf die achte Stunde erst wies der Zeiger der Uhr, welche sich an der Stirnseite der vielbesuchten Mariahilfer Kirche befindet, die schon vor alter Zeit ihrer ganzen Umgebung den Namen gegeben hat, den der jetzige sechste Bezirk der schönen Kaiserstadt weiterführt.",erst,Non-MRW,Non-MRW
2240,5,"Auf die achte Stunde erst wies der Zeiger der Uhr, welche sich an der Stirnseite der vielbesuchten Mariahilfer Kirche befindet, die schon vor alter Zeit ihrer ganzen Umgebung den Namen gegeben hat, den der jetzige sechste Bezirk der schönen Kaiserstadt weiterführt.",wies,MRW,indirect
2240,6,"Auf die achte Stunde erst wies der Zeiger der Uhr, welche sich an der Stirnseite der vielbesuchten Mariahilfer Kirche befindet, die schon vor alter Zeit ihrer ganzen Umgebung den Namen gegeben hat, den der jetzige sechste Bezirk der schönen Kaiserstadt weiterführt.",der,Non-MRW,Non-MRW
2240,7,"Auf die achte Stunde erst wies der Zeiger der Uhr, welche sich an der Stirnseite der vielbesuchten Mariahilfer Kirche befindet, die schon vor alter Zeit ihrer ganzen Umgebung den Namen gegeben hat, den der jetzige sechste Bezirk der schönen Kaiserstadt weiterführt.",Zeiger,Non-MRW,Non-MRW
2240,8,"Auf die achte Stunde erst wies der Zeiger der Uhr, welche sich an der Stirnseite der vielbesuchten Mariahilfer Kirche befindet, die schon vor alter Zeit ihrer ganzen Umgebung den Namen gegeben hat, den der jetzige sechste Bezirk der schönen Kaiserstadt weiterführt.",der,Non-MRW,Non-MRW
2240,9,"Auf die achte Stunde erst wies der Zeiger der Uhr, welche sich an der Stirnseite der vielbesuchten Mariahilfer Kirche befindet, die schon vor alter Zeit ihrer ganzen Umgebung den Namen gegeben hat, den der jetzige sechste Bezirk der schönen Kaiserstadt weiterführt.",Uhr,Non-MRW,Non-MRW
2240,10,"Auf die achte Stunde erst wies der Zeiger der Uhr, welche sich an der Stirnseite der vielbesuchten Mariahilfer Kirche befindet, die schon vor alter Zeit ihrer ganzen Umgebung den Namen gegeben hat, den der jetzige sechste Bezirk der schönen Kaiserstadt weiterführt.",welche,Non-MRW,Non-MRW
2240,11,"Auf die achte Stunde erst wies der Zeiger der Uhr, welche sich an der Stirnseite der vielbesuchten Mariahilfer Kirche befindet, die schon vor alter Zeit ihrer ganzen Umgebung den Namen gegeben hat, den der jetzige sechste Bezirk der schönen Kaiserstadt weiterführt.",sich,MWE,MWE
2240,12,"Auf die achte Stunde erst wies der Zeiger der Uhr, welche sich an der Stirnseite der vielbesuchten Mariahilfer Kirche befindet, die schon vor alter Zeit ihrer ganzen Umgebung den Namen gegeben hat, den der jetzige sechste Bezirk der schönen Kaiserstadt weiterführt.",an,Non-MRW,Non-MRW
2240,13,"Auf die achte Stunde erst wies der Zeiger der Uhr, welche sich an der Stirnseite der vielbesuchten Mariahilfer Kirche befindet, die schon vor alter Zeit ihrer ganzen Umgebung den Namen gegeben hat, den der jetzige sechste Bezirk der schönen Kaiserstadt weiterführt.",der,Non-MRW,Non-MRW
2240,14,"Auf die achte Stunde erst wies der Zeiger der Uhr, welche sich an der Stirnseite der vielbesuchten Mariahilfer Kirche befindet, die schon vor alter Zeit ihrer ganzen Umgebung den Namen gegeben hat, den der jetzige sechste Bezirk der schönen Kaiserstadt weiterführt.",Stirnseite,MRW,indirect
2240,15,"Auf die achte Stunde erst wies der Zeiger der Uhr, welche sich an der Stirnseite der vielbesuchten Mariahilfer Kirche befindet, die schon vor alter Zeit ihrer ganzen Umgebung den Namen gegeben hat, den der jetzige sechste Bezirk der schönen Kaiserstadt weiterführt.",der,Non-MRW,Non-MRW
2240,16,"Auf die achte Stunde erst wies der Zeiger der Uhr, welche sich an der Stirnseite der vielbesuchten Mariahilfer Kirche befindet, die schon vor alter Zeit ihrer ganzen Umgebung den Namen gegeben hat, den der jetzige sechste Bezirk der schönen Kaiserstadt weiterführt.",vielbesuchten,Non-MRW,Non-MRW
2240,17,"Auf die achte Stunde erst wies der Zeiger der Uhr, welche sich an der Stirnseite der vielbesuchten Mariahilfer Kirche befindet, die schon vor alter Zeit ihrer ganzen Umgebung den Namen gegeben hat, den der jetzige sechste Bezirk der schönen Kaiserstadt weiterführt.",Mariahilfer,Non-MRW,Non-MRW
2240,18,"Auf die achte Stunde erst wies der Zeiger der Uhr, welche sich an der Stirnseite der vielbesuchten Mariahilfer Kirche befindet, die schon vor alter Zeit ihrer ganzen Umgebung den Namen gegeben hat, den der jetzige sechste Bezirk der schönen Kaiserstadt weiterführt.",Kirche,Non-MRW,Non-MRW
2240,19,"Auf die achte Stunde erst wies der Zeiger der Uhr, welche sich an der Stirnseite der vielbesuchten Mariahilfer Kirche befindet, die schon vor alter Zeit ihrer ganzen Umgebung den Namen gegeben hat, den der jetzige sechste Bezirk der schönen Kaiserstadt weiterführt.",befindet,Non-MRW,Non-MRW
2240,20,"Auf die achte Stunde erst wies der Zeiger der Uhr, welche sich an der Stirnseite der vielbesuchten Mariahilfer Kirche befindet, die schon vor alter Zeit ihrer ganzen Umgebung den Namen gegeben hat, den der jetzige sechste Bezirk der schönen Kaiserstadt weiterführt.",die,Non-MRW,Non-MRW
2240,21,"Auf die achte Stunde erst wies der Zeiger der Uhr, welche sich an der Stirnseite der vielbesuchten Mariahilfer Kirche befindet, die schon vor alter Zeit ihrer ganzen Umgebung den Namen gegeben hat, den der jetzige sechste Bezirk der schönen Kaiserstadt weiterführt.",schon,Non-MRW,Non-MRW
2240,22,"Auf die achte Stunde erst wies der Zeiger der Uhr, welche sich an der Stirnseite der vielbesuchten Mariahilfer Kirche befindet, die schon vor alter Zeit ihrer ganzen Umgebung den Namen gegeben hat, den der jetzige sechste Bezirk der schönen Kaiserstadt weiterführt.",vor,MRW,indirect
2240,23,"Auf die achte Stunde erst wies der Zeiger der Uhr, welche sich an der Stirnseite der vielbesuchten Mariahilfer Kirche befindet, die schon vor alter Zeit ihrer ganzen Umgebung den Namen gegeben hat, den der jetzige sechste Bezirk der schönen Kaiserstadt weiterführt.",alter,MRW,indirect
2240,24,"Auf die achte Stunde erst wies der Zeiger der Uhr, welche sich an der Stirnseite der vielbesuchten Mariahilfer Kirche befindet, die schon vor alter Zeit ihrer ganzen Umgebung den Namen gegeben hat, den der jetzige sechste Bezirk der schönen Kaiserstadt weiterführt.",Zeit,Non-MRW,Non-MRW
2240,25,"Auf die achte Stunde erst wies der Zeiger der Uhr, welche sich an der Stirnseite der vielbesuchten Mariahilfer Kirche befindet, die schon vor alter Zeit ihrer ganzen Umgebung den Namen gegeben hat, den der jetzige sechste Bezirk der schönen Kaiserstadt weiterführt.",ihrer,Non-MRW,Non-MRW
2240,26,"Auf die achte Stunde erst wies der Zeiger der Uhr, welche sich an der Stirnseite der vielbesuchten Mariahilfer Kirche befindet, die schon vor alter Zeit ihrer ganzen Umgebung den Namen gegeben hat, den der jetzige sechste Bezirk der schönen Kaiserstadt weiterführt.",ganzen,Non-MRW,Non-MRW
2240,27,"Auf die achte Stunde erst wies der Zeiger der Uhr, welche sich an der Stirnseite der vielbesuchten Mariahilfer Kirche befindet, die schon vor alter Zeit ihrer ganzen Umgebung den Namen gegeben hat, den der jetzige sechste Bezirk der schönen Kaiserstadt weiterführt.",Umgebung,Non-MRW,Non-MRW
2240,28,"Auf die achte Stunde erst wies der Zeiger der Uhr, welche sich an der Stirnseite der vielbesuchten Mariahilfer Kirche befindet, die schon vor alter Zeit ihrer ganzen Umgebung den Namen gegeben hat, den der jetzige sechste Bezirk der schönen Kaiserstadt weiterführt.",den,Non-MRW,Non-MRW
2240,29,"Auf die achte Stunde erst wies der Zeiger der Uhr, welche sich an der Stirnseite der vielbesuchten Mariahilfer Kirche befindet, die schon vor alter Zeit ihrer ganzen Umgebung den Namen gegeben hat, den der jetzige sechste Bezirk der schönen Kaiserstadt weiterführt.",Namen,Non-MRW,Non-MRW
2240,30,"Auf die achte Stunde erst wies der Zeiger der Uhr, welche sich an der Stirnseite der vielbesuchten Mariahilfer Kirche befindet, die schon vor alter Zeit ihrer ganzen Umgebung den Namen gegeben hat, den der jetzige sechste Bezirk der schönen Kaiserstadt weiterführt.",gegeben,MRW,indirect
2240,31,"Auf die achte Stunde erst wies der Zeiger der Uhr, welche sich an der Stirnseite der vielbesuchten Mariahilfer Kirche befindet, die schon vor alter Zeit ihrer ganzen Umgebung den Namen gegeben hat, den der jetzige sechste Bezirk der schönen Kaiserstadt weiterführt.",hat,Non-MRW,Non-MRW
2240,32,"Auf die achte Stunde erst wies der Zeiger der Uhr, welche sich an der Stirnseite der vielbesuchten Mariahilfer Kirche befindet, die schon vor alter Zeit ihrer ganzen Umgebung den Namen gegeben hat, den der jetzige sechste Bezirk der schönen Kaiserstadt weiterführt.",den,Non-MRW,Non-MRW
2240,33,"Auf die achte Stunde erst wies der Zeiger der Uhr, welche sich an der Stirnseite der vielbesuchten Mariahilfer Kirche befindet, die schon vor alter Zeit ihrer ganzen Umgebung den Namen gegeben hat, den der jetzige sechste Bezirk der schönen Kaiserstadt weiterführt.",der,Non-MRW,Non-MRW
2240,34,"Auf die achte Stunde erst wies der Zeiger der Uhr, welche sich an der Stirnseite der vielbesuchten Mariahilfer Kirche befindet, die schon vor alter Zeit ihrer ganzen Umgebung den Namen gegeben hat, den der jetzige sechste Bezirk der schönen Kaiserstadt weiterführt.",jetzige,Non-MRW,Non-MRW
2240,35,"Auf die achte Stunde erst wies der Zeiger der Uhr, welche sich an der Stirnseite der vielbesuchten Mariahilfer Kirche befindet, die schon vor alter Zeit ihrer ganzen Umgebung den Namen gegeben hat, den der jetzige sechste Bezirk der schönen Kaiserstadt weiterführt.",sechste,Non-MRW,Non-MRW
2240,36,"Auf die achte Stunde erst wies der Zeiger der Uhr, welche sich an der Stirnseite der vielbesuchten Mariahilfer Kirche befindet, die schon vor alter Zeit ihrer ganzen Umgebung den Namen gegeben hat, den der jetzige sechste Bezirk der schönen Kaiserstadt weiterführt.",Bezirk,Non-MRW,Non-MRW
2240,37,"Auf die achte Stunde erst wies der Zeiger der Uhr, welche sich an der Stirnseite der vielbesuchten Mariahilfer Kirche befindet, die schon vor alter Zeit ihrer ganzen Umgebung den Namen gegeben hat, den der jetzige sechste Bezirk der schönen Kaiserstadt weiterführt.",der,Non-MRW,Non-MRW
2240,38,"Auf die achte Stunde erst wies der Zeiger der Uhr, welche sich an der Stirnseite der vielbesuchten Mariahilfer Kirche befindet, die schon vor alter Zeit ihrer ganzen Umgebung den Namen gegeben hat, den der jetzige sechste Bezirk der schönen Kaiserstadt weiterführt.",schönen,Non-MRW,Non-MRW
2240,39,"Auf die achte Stunde erst wies der Zeiger der Uhr, welche sich an der Stirnseite der vielbesuchten Mariahilfer Kirche befindet, die schon vor alter Zeit ihrer ganzen Umgebung den Namen gegeben hat, den der jetzige sechste Bezirk der schönen Kaiserstadt weiterführt.",Kaiserstadt,Non-MRW,Non-MRW
2240,40,"Auf die achte Stunde erst wies der Zeiger der Uhr, welche sich an der Stirnseite der vielbesuchten Mariahilfer Kirche befindet, die schon vor alter Zeit ihrer ganzen Umgebung den Namen gegeben hat, den der jetzige sechste Bezirk der schönen Kaiserstadt weiterführt.",weiterführt,MRW,indirect
2251,0,"Das Zimmer war groß, sauber, ehrbar und arm.",Das,Non-MRW,Non-MRW
2251,1,"Das Zimmer war groß, sauber, ehrbar und arm.",Zimmer,Non-MRW,Non-MRW
2251,2,"Das Zimmer war groß, sauber, ehrbar und arm.",war,Non-MRW,Non-MRW
2251,3,"Das Zimmer war groß, sauber, ehrbar und arm.",groß,Non-MRW,Non-MRW
2251,4,"Das Zimmer war groß, sauber, ehrbar und arm.",sauber,Non-MRW,Non-MRW
2251,5,"Das Zimmer war groß, sauber, ehrbar und arm.",ehrbar,MRW,indirect
2251,6,"Das Zimmer war groß, sauber, ehrbar und arm.",und,Non-MRW,Non-MRW
2251,7,"Das Zimmer war groß, sauber, ehrbar und arm.",arm,MRW,indirect
2307,0,"Auch hier brannte Tag und Nacht eine Lampe, die an blanken Kettchen von der Decke herabhing, da in das Innere nur Tageslicht eindrang, wenn einmal die Haustür geöffnet wurde.",Auch,Non-MRW,Non-MRW
2307,1,"Auch hier brannte Tag und Nacht eine Lampe, die an blanken Kettchen von der Decke herabhing, da in das Innere nur Tageslicht eindrang, wenn einmal die Haustür geöffnet wurde.",hier,Non-MRW,Non-MRW
2307,2,"Auch hier brannte Tag und Nacht eine Lampe, die an blanken Kettchen von der Decke herabhing, da in das Innere nur Tageslicht eindrang, wenn einmal die Haustür geöffnet wurde.",brannte,MRW,indirect
2307,3,"Auch hier brannte Tag und Nacht eine Lampe, die an blanken Kettchen von der Decke herabhing, da in das Innere nur Tageslicht eindrang, wenn einmal die Haustür geöffnet wurde.",Tag,Non-MRW,Non-MRW
2307,4,"Auch hier brannte Tag und Nacht eine Lampe, die an blanken Kettchen von der Decke herabhing, da in das Innere nur Tageslicht eindrang, wenn einmal die Haustür geöffnet wurde.",und,Non-MRW,Non-MRW
2307,5,"Auch hier brannte Tag und Nacht eine Lampe, die an blanken Kettchen von der Decke herabhing, da in das Innere nur Tageslicht eindrang, wenn einmal die Haustür geöffnet wurde.",Nacht,Non-MRW,Non-MRW
2307,6,"Auch hier brannte Tag und Nacht eine Lampe, die an blanken Kettchen von der Decke herabhing, da in das Innere nur Tageslicht eindrang, wenn einmal die Haustür geöffnet wurde.",eine,Non-MRW,Non-MRW
2307,7,"Auch hier brannte Tag und Nacht eine Lampe, die an blanken Kettchen von der Decke herabhing, da in das Innere nur Tageslicht eindrang, wenn einmal die Haustür geöffnet wurde.",Lampe,Non-MRW,Non-MRW
2307,8,"Auch hier brannte Tag und Nacht eine Lampe, die an blanken Kettchen von der Decke herabhing, da in das Innere nur Tageslicht eindrang, wenn einmal die Haustür geöffnet wurde.",die,Non-MRW,Non-MRW
2307,9,"Auch hier brannte Tag und Nacht eine Lampe, die an blanken Kettchen von der Decke herabhing, da in das Innere nur Tageslicht eindrang, wenn einmal die Haustür geöffnet wurde.",an,Non-MRW,Non-MRW
2307,10,"Auch hier brannte Tag und Nacht eine Lampe, die an blanken Kettchen von der Decke herabhing, da in das Innere nur Tageslicht eindrang, wenn einmal die Haustür geöffnet wurde.",blanken,Non-MRW,Non-MRW
2307,11,"Auch hier brannte Tag und Nacht eine Lampe, die an blanken Kettchen von der Decke herabhing, da in das Innere nur Tageslicht eindrang, wenn einmal die Haustür geöffnet wurde.",Kettchen,Non-MRW,Non-MRW
2307,12,"Auch hier brannte Tag und Nacht eine Lampe, die an blanken Kettchen von der Decke herabhing, da in das Innere nur Tageslicht eindrang, wenn einmal die Haustür geöffnet wurde.",von,Non-MRW,Non-MRW
2307,13,"Auch hier brannte Tag und Nacht eine Lampe, die an blanken Kettchen von der Decke herabhing, da in das Innere nur Tageslicht eindrang, wenn einmal die Haustür geöffnet wurde.",der,Non-MRW,Non-MRW
2307,14,"Auch hier brannte Tag und Nacht eine Lampe, die an blanken Kettchen von der Decke herabhing, da in das Innere nur Tageslicht eindrang, wenn einmal die Haustür geöffnet wurde.",Decke,Non-MRW,Non-MRW
2307,15,"Auch hier brannte Tag und Nacht eine Lampe, die an blanken Kettchen von der Decke herabhing, da in das Innere nur Tageslicht eindrang, wenn einmal die Haustür geöffnet wurde.",herabhing,Non-MRW,Non-MRW
2307,16,"Auch hier brannte Tag und Nacht eine Lampe, die an blanken Kettchen von der Decke herabhing, da in das Innere nur Tageslicht eindrang, wenn einmal die Haustür geöffnet wurde.",da,Non-MRW,Non-MRW
2307,17,"Auch hier brannte Tag und Nacht eine Lampe, die an blanken Kettchen von der Decke herabhing, da in das Innere nur Tageslicht eindrang, wenn einmal die Haustür geöffnet wurde.",in,Non-MRW,Non-MRW
2307,18,"Auch hier brannte Tag und Nacht eine Lampe, die an blanken Kettchen von der Decke herabhing, da in das Innere nur Tageslicht eindrang, wenn einmal die Haustür geöffnet wurde.",das,Non-MRW,Non-MRW
2307,19,"Auch hier brannte Tag und Nacht eine Lampe, die an blanken Kettchen von der Decke herabhing, da in das Innere nur Tageslicht eindrang, wenn einmal die Haustür geöffnet wurde.",Innere,Non-MRW,Non-MRW
2307,20,"Auch hier brannte Tag und Nacht eine Lampe, die an blanken Kettchen von der Decke herabhing, da in das Innere nur Tageslicht eindrang, wenn einmal die Haustür geöffnet wurde.",nur,Non-MRW,Non-MRW
2307,21,"Auch hier brannte Tag und Nacht eine Lampe, die an blanken Kettchen von der Decke herabhing, da in das Innere nur Tageslicht eindrang, wenn einmal die Haustür geöffnet wurde.",Tageslicht,Non-MRW,Non-MRW
2307,22,"Auch hier brannte Tag und Nacht eine Lampe, die an blanken Kettchen von der Decke herabhing, da in das Innere nur Tageslicht eindrang, wenn einmal die Haustür geöffnet wurde.",eindrang,MRW,indirect
2307,23,"Auch hier brannte Tag und Nacht eine Lampe, die an blanken Kettchen von der Decke herabhing, da in das Innere nur Tageslicht eindrang, wenn einmal die Haustür geöffnet wurde.",wenn,Non-MRW,Non-MRW
2307,24,"Auch hier brannte Tag und Nacht eine Lampe, die an blanken Kettchen von der Decke herabhing, da in das Innere nur Tageslicht eindrang, wenn einmal die Haustür geöffnet wurde.",einmal,Non-MRW,Non-MRW
2307,25,"Auch hier brannte Tag und Nacht eine Lampe, die an blanken Kettchen von der Decke herabhing, da in das Innere nur Tageslicht eindrang, wenn einmal die Haustür geöffnet wurde.",die,Non-MRW,Non-MRW
2307,26,"Auch hier brannte Tag und Nacht eine Lampe, die an blanken Kettchen von der Decke herabhing, da in das Innere nur Tageslicht eindrang, wenn einmal die Haustür geöffnet wurde.",Haustür,Non-MRW,Non-MRW
2307,27,"Auch hier brannte Tag und Nacht eine Lampe, die an blanken Kettchen von der Decke herabhing, da in das Innere nur Tageslicht eindrang, wenn einmal die Haustür geöffnet wurde.",geöffnet,Non-MRW,Non-MRW
2307,28,"Auch hier brannte Tag und Nacht eine Lampe, die an blanken Kettchen von der Decke herabhing, da in das Innere nur Tageslicht eindrang, wenn einmal die Haustür geöffnet wurde.",wurde,Non-MRW,Non-MRW
2552,0,"Vor Jahrhunderten schon mag das Schloß, das einst in seiner Mitte stand, zerfallen sein; Reste weißer Grundmauern – kaum bis zur Kniehöhe eines Mannes – ragen verloren aus dem wilden, tiefen Gras wie gebleichte gigantische Zahnstümpfe eines Ungeheuers der Vorzeit.",Vor,MRW,indirect
2552,1,"Vor Jahrhunderten schon mag das Schloß, das einst in seiner Mitte stand, zerfallen sein; Reste weißer Grundmauern – kaum bis zur Kniehöhe eines Mannes – ragen verloren aus dem wilden, tiefen Gras wie gebleichte gigantische Zahnstümpfe eines Ungeheuers der Vorzeit.",Jahrhunderten,Non-MRW,Non-MRW
2552,2,"Vor Jahrhunderten schon mag das Schloß, das einst in seiner Mitte stand, zerfallen sein; Reste weißer Grundmauern – kaum bis zur Kniehöhe eines Mannes – ragen verloren aus dem wilden, tiefen Gras wie gebleichte gigantische Zahnstümpfe eines Ungeheuers der Vorzeit.",schon,Non-MRW,Non-MRW
2552,3,"Vor Jahrhunderten schon mag das Schloß, das einst in seiner Mitte stand, zerfallen sein; Reste weißer Grundmauern – kaum bis zur Kniehöhe eines Mannes – ragen verloren aus dem wilden, tiefen Gras wie gebleichte gigantische Zahnstümpfe eines Ungeheuers der Vorzeit.",mag,Non-MRW,Non-MRW
2552,4,"Vor Jahrhunderten schon mag das Schloß, das einst in seiner Mitte stand, zerfallen sein; Reste weißer Grundmauern – kaum bis zur Kniehöhe eines Mannes – ragen verloren aus dem wilden, tiefen Gras wie gebleichte gigantische Zahnstümpfe eines Ungeheuers der Vorzeit.",das,Non-MRW,Non-MRW
2552,5,"Vor Jahrhunderten schon mag das Schloß, das einst in seiner Mitte stand, zerfallen sein; Reste weißer Grundmauern – kaum bis zur Kniehöhe eines Mannes – ragen verloren aus dem wilden, tiefen Gras wie gebleichte gigantische Zahnstümpfe eines Ungeheuers der Vorzeit.",Schloß,Non-MRW,Non-MRW
2552,6,"Vor Jahrhunderten schon mag das Schloß, das einst in seiner Mitte stand, zerfallen sein; Reste weißer Grundmauern – kaum bis zur Kniehöhe eines Mannes – ragen verloren aus dem wilden, tiefen Gras wie gebleichte gigantische Zahnstümpfe eines Ungeheuers der Vorzeit.",das,Non-MRW,Non-MRW
2552,7,"Vor Jahrhunderten schon mag das Schloß, das einst in seiner Mitte stand, zerfallen sein; Reste weißer Grundmauern – kaum bis zur Kniehöhe eines Mannes – ragen verloren aus dem wilden, tiefen Gras wie gebleichte gigantische Zahnstümpfe eines Ungeheuers der Vorzeit.",einst,Non-MRW,Non-MRW
2552,8,"Vor Jahrhunderten schon mag das Schloß, das einst in seiner Mitte stand, zerfallen sein; Reste weißer Grundmauern – kaum bis zur Kniehöhe eines Mannes – ragen verloren aus dem wilden, tiefen Gras wie gebleichte gigantische Zahnstümpfe eines Ungeheuers der Vorzeit.",in,Non-MRW,Non-MRW
2552,9,"Vor Jahrhunderten schon mag das Schloß, das einst in seiner Mitte stand, zerfallen sein; Reste weißer Grundmauern – kaum bis zur Kniehöhe eines Mannes – ragen verloren aus dem wilden, tiefen Gras wie gebleichte gigantische Zahnstümpfe eines Ungeheuers der Vorzeit.",seiner,Non-MRW,Non-MRW
2552,10,"Vor Jahrhunderten schon mag das Schloß, das einst in seiner Mitte stand, zerfallen sein; Reste weißer Grundmauern – kaum bis zur Kniehöhe eines Mannes – ragen verloren aus dem wilden, tiefen Gras wie gebleichte gigantische Zahnstümpfe eines Ungeheuers der Vorzeit.",Mitte,WIDLII,WIDLII
2552,11,"Vor Jahrhunderten schon mag das Schloß, das einst in seiner Mitte stand, zerfallen sein; Reste weißer Grundmauern – kaum bis zur Kniehöhe eines Mannes – ragen verloren aus dem wilden, tiefen Gras wie gebleichte gigantische Zahnstümpfe eines Ungeheuers der Vorzeit.",stand,MRW,indirect
2552,12,"Vor Jahrhunderten schon mag das Schloß, das einst in seiner Mitte stand, zerfallen sein; Reste weißer Grundmauern – kaum bis zur Kniehöhe eines Mannes – ragen verloren aus dem wilden, tiefen Gras wie gebleichte gigantische Zahnstümpfe eines Ungeheuers der Vorzeit.",zerfallen,Non-MRW,Non-MRW
2552,13,"Vor Jahrhunderten schon mag das Schloß, das einst in seiner Mitte stand, zerfallen sein; Reste weißer Grundmauern – kaum bis zur Kniehöhe eines Mannes – ragen verloren aus dem wilden, tiefen Gras wie gebleichte gigantische Zahnstümpfe eines Ungeheuers der Vorzeit.",sein,Non-MRW,Non-MRW
2552,14,"Vor Jahrhunderten schon mag das Schloß, das einst in seiner Mitte stand, zerfallen sein; Reste weißer Grundmauern – kaum bis zur Kniehöhe eines Mannes – ragen verloren aus dem wilden, tiefen Gras wie gebleichte gigantische Zahnstümpfe eines Ungeheuers der Vorzeit.",Reste,Non-MRW,Non-MRW
2552,15,"Vor Jahrhunderten schon mag das Schloß, das einst in seiner Mitte stand, zerfallen sein; Reste weißer Grundmauern – kaum bis zur Kniehöhe eines Mannes – ragen verloren aus dem wilden, tiefen Gras wie gebleichte gigantische Zahnstümpfe eines Ungeheuers der Vorzeit.",weißer,Non-MRW,Non-MRW
2552,16,"Vor Jahrhunderten schon mag das Schloß, das einst in seiner Mitte stand, zerfallen sein; Reste weißer Grundmauern – kaum bis zur Kniehöhe eines Mannes – ragen verloren aus dem wilden, tiefen Gras wie gebleichte gigantische Zahnstümpfe eines Ungeheuers der Vorzeit.",Grundmauern,Non-MRW,Non-MRW
2552,17,"Vor Jahrhunderten schon mag das Schloß, das einst in seiner Mitte stand, zerfallen sein; Reste weißer Grundmauern – kaum bis zur Kniehöhe eines Mannes – ragen verloren aus dem wilden, tiefen Gras wie gebleichte gigantische Zahnstümpfe eines Ungeheuers der Vorzeit.",kaum,Non-MRW,Non-MRW
2552,18,"Vor Jahrhunderten schon mag das Schloß, das einst in seiner Mitte stand, zerfallen sein; Reste weißer Grundmauern – kaum bis zur Kniehöhe eines Mannes – ragen verloren aus dem wilden, tiefen Gras wie gebleichte gigantische Zahnstümpfe eines Ungeheuers der Vorzeit.",bis,Non-MRW,Non-MRW
2552,19,"Vor Jahrhunderten schon mag das Schloß, das einst in seiner Mitte stand, zerfallen sein; Reste weißer Grundmauern – kaum bis zur Kniehöhe eines Mannes – ragen verloren aus dem wilden, tiefen Gras wie gebleichte gigantische Zahnstümpfe eines Ungeheuers der Vorzeit.",zur,Non-MRW,Non-MRW
2552,20,"Vor Jahrhunderten schon mag das Schloß, das einst in seiner Mitte stand, zerfallen sein; Reste weißer Grundmauern – kaum bis zur Kniehöhe eines Mannes – ragen verloren aus dem wilden, tiefen Gras wie gebleichte gigantische Zahnstümpfe eines Ungeheuers der Vorzeit.",Kniehöhe,Non-MRW,Non-MRW
2552,21,"Vor Jahrhunderten schon mag das Schloß, das einst in seiner Mitte stand, zerfallen sein; Reste weißer Grundmauern – kaum bis zur Kniehöhe eines Mannes – ragen verloren aus dem wilden, tiefen Gras wie gebleichte gigantische Zahnstümpfe eines Ungeheuers der Vorzeit.",eines,Non-MRW,Non-MRW
2552,22,"Vor Jahrhunderten schon mag das Schloß, das einst in seiner Mitte stand, zerfallen sein; Reste weißer Grundmauern – kaum bis zur Kniehöhe eines Mannes – ragen verloren aus dem wilden, tiefen Gras wie gebleichte gigantische Zahnstümpfe eines Ungeheuers der Vorzeit.",Mannes,Non-MRW,Non-MRW
2552,23,"Vor Jahrhunderten schon mag das Schloß, das einst in seiner Mitte stand, zerfallen sein; Reste weißer Grundmauern – kaum bis zur Kniehöhe eines Mannes – ragen verloren aus dem wilden, tiefen Gras wie gebleichte gigantische Zahnstümpfe eines Ungeheuers der Vorzeit.",ragen,Non-MRW,Non-MRW
2552,24,"Vor Jahrhunderten schon mag das Schloß, das einst in seiner Mitte stand, zerfallen sein; Reste weißer Grundmauern – kaum bis zur Kniehöhe eines Mannes – ragen verloren aus dem wilden, tiefen Gras wie gebleichte gigantische Zahnstümpfe eines Ungeheuers der Vorzeit.",verloren,MRW,indirect
2552,25,"Vor Jahrhunderten schon mag das Schloß, das einst in seiner Mitte stand, zerfallen sein; Reste weißer Grundmauern – kaum bis zur Kniehöhe eines Mannes – ragen verloren aus dem wilden, tiefen Gras wie gebleichte gigantische Zahnstümpfe eines Ungeheuers der Vorzeit.",aus,Non-MRW,Non-MRW
2552,26,"Vor Jahrhunderten schon mag das Schloß, das einst in seiner Mitte stand, zerfallen sein; Reste weißer Grundmauern – kaum bis zur Kniehöhe eines Mannes – ragen verloren aus dem wilden, tiefen Gras wie gebleichte gigantische Zahnstümpfe eines Ungeheuers der Vorzeit.",dem,Non-MRW,Non-MRW
2552,27,"Vor Jahrhunderten schon mag das Schloß, das einst in seiner Mitte stand, zerfallen sein; Reste weißer Grundmauern – kaum bis zur Kniehöhe eines Mannes – ragen verloren aus dem wilden, tiefen Gras wie gebleichte gigantische Zahnstümpfe eines Ungeheuers der Vorzeit.",wilden,WIDLII,WIDLII
2552,28,"Vor Jahrhunderten schon mag das Schloß, das einst in seiner Mitte stand, zerfallen sein; Reste weißer Grundmauern – kaum bis zur Kniehöhe eines Mannes – ragen verloren aus dem wilden, tiefen Gras wie gebleichte gigantische Zahnstümpfe eines Ungeheuers der Vorzeit.",tiefen,Non-MRW,Non-MRW
2552,29,"Vor Jahrhunderten schon mag das Schloß, das einst in seiner Mitte stand, zerfallen sein; Reste weißer Grundmauern – kaum bis zur Kniehöhe eines Mannes – ragen verloren aus dem wilden, tiefen Gras wie gebleichte gigantische Zahnstümpfe eines Ungeheuers der Vorzeit.",Gras,Non-MRW,Non-MRW
2552,30,"Vor Jahrhunderten schon mag das Schloß, das einst in seiner Mitte stand, zerfallen sein; Reste weißer Grundmauern – kaum bis zur Kniehöhe eines Mannes – ragen verloren aus dem wilden, tiefen Gras wie gebleichte gigantische Zahnstümpfe eines Ungeheuers der Vorzeit.",wie,Mflag,Mflag
2552,31,"Vor Jahrhunderten schon mag das Schloß, das einst in seiner Mitte stand, zerfallen sein; Reste weißer Grundmauern – kaum bis zur Kniehöhe eines Mannes – ragen verloren aus dem wilden, tiefen Gras wie gebleichte gigantische Zahnstümpfe eines Ungeheuers der Vorzeit.",gebleichte,MRW,direct
2552,32,"Vor Jahrhunderten schon mag das Schloß, das einst in seiner Mitte stand, zerfallen sein; Reste weißer Grundmauern – kaum bis zur Kniehöhe eines Mannes – ragen verloren aus dem wilden, tiefen Gras wie gebleichte gigantische Zahnstümpfe eines Ungeheuers der Vorzeit.",gigantische,MRW,direct
2552,33,"Vor Jahrhunderten schon mag das Schloß, das einst in seiner Mitte stand, zerfallen sein; Reste weißer Grundmauern – kaum bis zur Kniehöhe eines Mannes – ragen verloren aus dem wilden, tiefen Gras wie gebleichte gigantische Zahnstümpfe eines Ungeheuers der Vorzeit.",Zahnstümpfe,MRW,direct
2552,34,"Vor Jahrhunderten schon mag das Schloß, das einst in seiner Mitte stand, zerfallen sein; Reste weißer Grundmauern – kaum bis zur Kniehöhe eines Mannes – ragen verloren aus dem wilden, tiefen Gras wie gebleichte gigantische Zahnstümpfe eines Ungeheuers der Vorzeit.",eines,MRW,STOPWORD
2552,35,"Vor Jahrhunderten schon mag das Schloß, das einst in seiner Mitte stand, zerfallen sein; Reste weißer Grundmauern – kaum bis zur Kniehöhe eines Mannes – ragen verloren aus dem wilden, tiefen Gras wie gebleichte gigantische Zahnstümpfe eines Ungeheuers der Vorzeit.",Ungeheuers,MRW,direct
2552,36,"Vor Jahrhunderten schon mag das Schloß, das einst in seiner Mitte stand, zerfallen sein; Reste weißer Grundmauern – kaum bis zur Kniehöhe eines Mannes – ragen verloren aus dem wilden, tiefen Gras wie gebleichte gigantische Zahnstümpfe eines Ungeheuers der Vorzeit.",der,MRW,STOPWORD
2552,37,"Vor Jahrhunderten schon mag das Schloß, das einst in seiner Mitte stand, zerfallen sein; Reste weißer Grundmauern – kaum bis zur Kniehöhe eines Mannes – ragen verloren aus dem wilden, tiefen Gras wie gebleichte gigantische Zahnstümpfe eines Ungeheuers der Vorzeit.",Vorzeit,MRW,direct
2552,0,Verhallend drang der Lärm der Straße herauf; gleichmäßig rollte das dumme Leben weiter.,Verhallend,Non-MRW,Non-MRW
2552,1,Verhallend drang der Lärm der Straße herauf; gleichmäßig rollte das dumme Leben weiter.,drang,MRW,indirect
2570,2,Verhallend drang der Lärm der Straße herauf; gleichmäßig rollte das dumme Leben weiter.,der,Non-MRW,Non-MRW
2570,3,Verhallend drang der Lärm der Straße herauf; gleichmäßig rollte das dumme Leben weiter.,Lärm,Non-MRW,Non-MRW
2570,4,Verhallend drang der Lärm der Straße herauf; gleichmäßig rollte das dumme Leben weiter.,der,Non-MRW,Non-MRW
2570,5,Verhallend drang der Lärm der Straße herauf; gleichmäßig rollte das dumme Leben weiter.,Straße,Non-MRW,Non-MRW
2570,6,Verhallend drang der Lärm der Straße herauf; gleichmäßig rollte das dumme Leben weiter.,herauf,MWE,MWE
2570,7,Verhallend drang der Lärm der Straße herauf; gleichmäßig rollte das dumme Leben weiter.,gleichmäßig,Non-MRW,Non-MRW
2570,8,Verhallend drang der Lärm der Straße herauf; gleichmäßig rollte das dumme Leben weiter.,rollte,MRW,indirect
2570,9,Verhallend drang der Lärm der Straße herauf; gleichmäßig rollte das dumme Leben weiter.,das,Non-MRW,Non-MRW
2570,10,Verhallend drang der Lärm der Straße herauf; gleichmäßig rollte das dumme Leben weiter.,dumme,MRW,indirect
2570,11,Verhallend drang der Lärm der Straße herauf; gleichmäßig rollte das dumme Leben weiter.,Leben,Non-MRW,Non-MRW
2570,12,Verhallend drang der Lärm der Straße herauf; gleichmäßig rollte das dumme Leben weiter.,weiter,MWE,MWE
2570,0,"Und eines Morgens, über Nacht, besaß Paris die besten Autostraßen unter allen Städten Europas.",Und,Non-MRW,Non-MRW
2570,1,"Und eines Morgens, über Nacht, besaß Paris die besten Autostraßen unter allen Städten Europas.",eines,Non-MRW,Non-MRW
2586,2,"Und eines Morgens, über Nacht, besaß Paris die besten Autostraßen unter allen Städten Europas.",Morgens,Non-MRW,Non-MRW
2586,3,"Und eines Morgens, über Nacht, besaß Paris die besten Autostraßen unter allen Städten Europas.",über,MRW,indirect
2586,4,"Und eines Morgens, über Nacht, besaß Paris die besten Autostraßen unter allen Städten Europas.",Nacht,Non-MRW,Non-MRW
2586,5,"Und eines Morgens, über Nacht, besaß Paris die besten Autostraßen unter allen Städten Europas.",besaß,MRW,indirect
2586,6,"Und eines Morgens, über Nacht, besaß Paris die besten Autostraßen unter allen Städten Europas.",Paris,Non-MRW,Non-MRW
2586,7,"Und eines Morgens, über Nacht, besaß Paris die besten Autostraßen unter allen Städten Europas.",die,Non-MRW,Non-MRW
2586,8,"Und eines Morgens, über Nacht, besaß Paris die besten Autostraßen unter allen Städten Europas.",besten,Non-MRW,Non-MRW
2586,9,"Und eines Morgens, über Nacht, besaß Paris die besten Autostraßen unter allen Städten Europas.",Autostraßen,Non-MRW,Non-MRW
2586,10,"Und eines Morgens, über Nacht, besaß Paris die besten Autostraßen unter allen Städten Europas.",unter,MRW,indirect
2586,11,"Und eines Morgens, über Nacht, besaß Paris die besten Autostraßen unter allen Städten Europas.",allen,Non-MRW,Non-MRW
2586,12,"Und eines Morgens, über Nacht, besaß Paris die besten Autostraßen unter allen Städten Europas.",Städten,Non-MRW,Non-MRW
2586,13,"Und eines Morgens, über Nacht, besaß Paris die besten Autostraßen unter allen Städten Europas.",Europas,Non-MRW,Non-MRW
2586,0,"Die Straße glich einem langen Corridor neben einem Festsaal, wo sich die Gesellschaft zwischen den Tänzen in kühlerem Zwielicht ergeht.",Die,Non-MRW,Non-MRW
2586,1,"Die Straße glich einem langen Corridor neben einem Festsaal, wo sich die Gesellschaft zwischen den Tänzen in kühlerem Zwielicht ergeht.",Straße,Non-MRW,Non-MRW
2658,2,"Die Straße glich einem langen Corridor neben einem Festsaal, wo sich die Gesellschaft zwischen den Tänzen in kühlerem Zwielicht ergeht.",glich,Mflag,Mflag
2658,3,"Die Straße glich einem langen Corridor neben einem Festsaal, wo sich die Gesellschaft zwischen den Tänzen in kühlerem Zwielicht ergeht.",einem,MRW,STOPWORD
2658,4,"Die Straße glich einem langen Corridor neben einem Festsaal, wo sich die Gesellschaft zwischen den Tänzen in kühlerem Zwielicht ergeht.",langen,MRW,direct
2658,5,"Die Straße glich einem langen Corridor neben einem Festsaal, wo sich die Gesellschaft zwischen den Tänzen in kühlerem Zwielicht ergeht.",Corridor,MRW,direct
2658,6,"Die Straße glich einem langen Corridor neben einem Festsaal, wo sich die Gesellschaft zwischen den Tänzen in kühlerem Zwielicht ergeht.",neben,MRW,STOPWORD
2658,7,"Die Straße glich einem langen Corridor neben einem Festsaal, wo sich die Gesellschaft zwischen den Tänzen in kühlerem Zwielicht ergeht.",einem,MRW,STOPWORD
2658,8,"Die Straße glich einem langen Corridor neben einem Festsaal, wo sich die Gesellschaft zwischen den Tänzen in kühlerem Zwielicht ergeht.",Festsaal,MRW,direct
2658,9,"Die Straße glich einem langen Corridor neben einem Festsaal, wo sich die Gesellschaft zwischen den Tänzen in kühlerem Zwielicht ergeht.",wo,MRW,STOPWORD
2658,10,"Die Straße glich einem langen Corridor neben einem Festsaal, wo sich die Gesellschaft zwischen den Tänzen in kühlerem Zwielicht ergeht.",sich,MRW,STOPWORD
2658,11,"Die Straße glich einem langen Corridor neben einem Festsaal, wo sich die Gesellschaft zwischen den Tänzen in kühlerem Zwielicht ergeht.",die,MRW,STOPWORD
2658,12,"Die Straße glich einem langen Corridor neben einem Festsaal, wo sich die Gesellschaft zwischen den Tänzen in kühlerem Zwielicht ergeht.",Gesellschaft,MRW,direct
2658,13,"Die Straße glich einem langen Corridor neben einem Festsaal, wo sich die Gesellschaft zwischen den Tänzen in kühlerem Zwielicht ergeht.",zwischen,MRW,indirect
2658,14,"Die Straße glich einem langen Corridor neben einem Festsaal, wo sich die Gesellschaft zwischen den Tänzen in kühlerem Zwielicht ergeht.",den,MRW,STOPWORD
2658,15,"Die Straße glich einem langen Corridor neben einem Festsaal, wo sich die Gesellschaft zwischen den Tänzen in kühlerem Zwielicht ergeht.",Tänzen,MRW,direct
2658,16,"Die Straße glich einem langen Corridor neben einem Festsaal, wo sich die Gesellschaft zwischen den Tänzen in kühlerem Zwielicht ergeht.",in,MRW,indirect
2658,17,"Die Straße glich einem langen Corridor neben einem Festsaal, wo sich die Gesellschaft zwischen den Tänzen in kühlerem Zwielicht ergeht.",kühlerem,MRW,direct
2658,18,"Die Straße glich einem langen Corridor neben einem Festsaal, wo sich die Gesellschaft zwischen den Tänzen in kühlerem Zwielicht ergeht.",Zwielicht,MRW,direct
2658,19,"Die Straße glich einem langen Corridor neben einem Festsaal, wo sich die Gesellschaft zwischen den Tänzen in kühlerem Zwielicht ergeht.",ergeht,MRW,direct
2658,0,"Ein dreibeiniger Tisch, der ohne Zweifel einst unter die Quadrupeden gehört hatte, war an diese Lagerstatt gezogen; ein leerer Bierkrug, eine halbgeleerte Zigarrenkiste, Tuschnäpfchen, bekritzelte Papiere und andere heterogene Gegenstände bedeckten ihn im reizendsten Mischmasch.",Ein,Non-MRW,Non-MRW
2658,1,"Ein dreibeiniger Tisch, der ohne Zweifel einst unter die Quadrupeden gehört hatte, war an diese Lagerstatt gezogen; ein leerer Bierkrug, eine halbgeleerte Zigarrenkiste, Tuschnäpfchen, bekritzelte Papiere und andere heterogene Gegenstände bedeckten ihn im reizendsten Mischmasch.",dreibeiniger,Non-MRW,Non-MRW
2685,2,"Ein dreibeiniger Tisch, der ohne Zweifel einst unter die Quadrupeden gehört hatte, war an diese Lagerstatt gezogen; ein leerer Bierkrug, eine halbgeleerte Zigarrenkiste, Tuschnäpfchen, bekritzelte Papiere und andere heterogene Gegenstände bedeckten ihn im reizendsten Mischmasch.",Tisch,Non-MRW,Non-MRW
2685,3,"Ein dreibeiniger Tisch, der ohne Zweifel einst unter die Quadrupeden gehört hatte, war an diese Lagerstatt gezogen; ein leerer Bierkrug, eine halbgeleerte Zigarrenkiste, Tuschnäpfchen, bekritzelte Papiere und andere heterogene Gegenstände bedeckten ihn im reizendsten Mischmasch.",der,Non-MRW,Non-MRW
2685,4,"Ein dreibeiniger Tisch, der ohne Zweifel einst unter die Quadrupeden gehört hatte, war an diese Lagerstatt gezogen; ein leerer Bierkrug, eine halbgeleerte Zigarrenkiste, Tuschnäpfchen, bekritzelte Papiere und andere heterogene Gegenstände bedeckten ihn im reizendsten Mischmasch.",ohne,Non-MRW,Non-MRW
2685,5,"Ein dreibeiniger Tisch, der ohne Zweifel einst unter die Quadrupeden gehört hatte, war an diese Lagerstatt gezogen; ein leerer Bierkrug, eine halbgeleerte Zigarrenkiste, Tuschnäpfchen, bekritzelte Papiere und andere heterogene Gegenstände bedeckten ihn im reizendsten Mischmasch.",Zweifel,Non-MRW,Non-MRW
2685,6,"Ein dreibeiniger Tisch, der ohne Zweifel einst unter die Quadrupeden gehört hatte, war an diese Lagerstatt gezogen; ein leerer Bierkrug, eine halbgeleerte Zigarrenkiste, Tuschnäpfchen, bekritzelte Papiere und andere heterogene Gegenstände bedeckten ihn im reizendsten Mischmasch.",einst,Non-MRW,Non-MRW
2685,7,"Ein dreibeiniger Tisch, der ohne Zweifel einst unter die Quadrupeden gehört hatte, war an diese Lagerstatt gezogen; ein leerer Bierkrug, eine halbgeleerte Zigarrenkiste, Tuschnäpfchen, bekritzelte Papiere und andere heterogene Gegenstände bedeckten ihn im reizendsten Mischmasch.",unter,MRW,indirect
2685,8,"Ein dreibeiniger Tisch, der ohne Zweifel einst unter die Quadrupeden gehört hatte, war an diese Lagerstatt gezogen; ein leerer Bierkrug, eine halbgeleerte Zigarrenkiste, Tuschnäpfchen, bekritzelte Papiere und andere heterogene Gegenstände bedeckten ihn im reizendsten Mischmasch.",die,Non-MRW,Non-MRW
2685,9,"Ein dreibeiniger Tisch, der ohne Zweifel einst unter die Quadrupeden gehört hatte, war an diese Lagerstatt gezogen; ein leerer Bierkrug, eine halbgeleerte Zigarrenkiste, Tuschnäpfchen, bekritzelte Papiere und andere heterogene Gegenstände bedeckten ihn im reizendsten Mischmasch.",Quadrupeden,MRW,indirect
2685,10,"Ein dreibeiniger Tisch, der ohne Zweifel einst unter die Quadrupeden gehört hatte, war an diese Lagerstatt gezogen; ein leerer Bierkrug, eine halbgeleerte Zigarrenkiste, Tuschnäpfchen, bekritzelte Papiere und andere heterogene Gegenstände bedeckten ihn im reizendsten Mischmasch.",gehört,MRW,indirect
2685,11,"Ein dreibeiniger Tisch, der ohne Zweifel einst unter die Quadrupeden gehört hatte, war an diese Lagerstatt gezogen; ein leerer Bierkrug, eine halbgeleerte Zigarrenkiste, Tuschnäpfchen, bekritzelte Papiere und andere heterogene Gegenstände bedeckten ihn im reizendsten Mischmasch.",hatte,Non-MRW,Non-MRW
2685,12,"Ein dreibeiniger Tisch, der ohne Zweifel einst unter die Quadrupeden gehört hatte, war an diese Lagerstatt gezogen; ein leerer Bierkrug, eine halbgeleerte Zigarrenkiste, Tuschnäpfchen, bekritzelte Papiere und andere heterogene Gegenstände bedeckten ihn im reizendsten Mischmasch.",war,Non-MRW,Non-MRW
2685,13,"Ein dreibeiniger Tisch, der ohne Zweifel einst unter die Quadrupeden gehört hatte, war an diese Lagerstatt gezogen; ein leerer Bierkrug, eine halbgeleerte Zigarrenkiste, Tuschnäpfchen, bekritzelte Papiere und andere heterogene Gegenstände bedeckten ihn im reizendsten Mischmasch.",an,Non-MRW,Non-MRW
2685,14,"Ein dreibeiniger Tisch, der ohne Zweifel einst unter die Quadrupeden gehört hatte, war an diese Lagerstatt gezogen; ein leerer Bierkrug, eine halbgeleerte Zigarrenkiste, Tuschnäpfchen, bekritzelte Papiere und andere heterogene Gegenstände bedeckten ihn im reizendsten Mischmasch.",diese,Non-MRW,Non-MRW
2685,15,"Ein dreibeiniger Tisch, der ohne Zweifel einst unter die Quadrupeden gehört hatte, war an diese Lagerstatt gezogen; ein leerer Bierkrug, eine halbgeleerte Zigarrenkiste, Tuschnäpfchen, bekritzelte Papiere und andere heterogene Gegenstände bedeckten ihn im reizendsten Mischmasch.",Lagerstatt,Non-MRW,Non-MRW
2685,16,"Ein dreibeiniger Tisch, der ohne Zweifel einst unter die Quadrupeden gehört hatte, war an diese Lagerstatt gezogen; ein leerer Bierkrug, eine halbgeleerte Zigarrenkiste, Tuschnäpfchen, bekritzelte Papiere und andere heterogene Gegenstände bedeckten ihn im reizendsten Mischmasch.",gezogen,MRW,indirect
2685,17,"Ein dreibeiniger Tisch, der ohne Zweifel einst unter die Quadrupeden gehört hatte, war an diese Lagerstatt gezogen; ein leerer Bierkrug, eine halbgeleerte Zigarrenkiste, Tuschnäpfchen, bekritzelte Papiere und andere heterogene Gegenstände bedeckten ihn im reizendsten Mischmasch.",ein,Non-MRW,Non-MRW
2685,18,"Ein dreibeiniger Tisch, der ohne Zweifel einst unter die Quadrupeden gehört hatte, war an diese Lagerstatt gezogen; ein leerer Bierkrug, eine halbgeleerte Zigarrenkiste, Tuschnäpfchen, bekritzelte Papiere und andere heterogene Gegenstände bedeckten ihn im reizendsten Mischmasch.",leerer,Non-MRW,Non-MRW
2685,19,"Ein dreibeiniger Tisch, der ohne Zweifel einst unter die Quadrupeden gehört hatte, war an diese Lagerstatt gezogen; ein leerer Bierkrug, eine halbgeleerte Zigarrenkiste, Tuschnäpfchen, bekritzelte Papiere und andere heterogene Gegenstände bedeckten ihn im reizendsten Mischmasch.",Bierkrug,Non-MRW,Non-MRW
2685,20,"Ein dreibeiniger Tisch, der ohne Zweifel einst unter die Quadrupeden gehört hatte, war an diese Lagerstatt gezogen; ein leerer Bierkrug, eine halbgeleerte Zigarrenkiste, Tuschnäpfchen, bekritzelte Papiere und andere heterogene Gegenstände bedeckten ihn im reizendsten Mischmasch.",eine,Non-MRW,Non-MRW
2685,21,"Ein dreibeiniger Tisch, der ohne Zweifel einst unter die Quadrupeden gehört hatte, war an diese Lagerstatt gezogen; ein leerer Bierkrug, eine halbgeleerte Zigarrenkiste, Tuschnäpfchen, bekritzelte Papiere und andere heterogene Gegenstände bedeckten ihn im reizendsten Mischmasch.",halbgeleerte,Non-MRW,Non-MRW
2685,22,"Ein dreibeiniger Tisch, der ohne Zweifel einst unter die Quadrupeden gehört hatte, war an diese Lagerstatt gezogen; ein leerer Bierkrug, eine halbgeleerte Zigarrenkiste, Tuschnäpfchen, bekritzelte Papiere und andere heterogene Gegenstände bedeckten ihn im reizendsten Mischmasch.",Zigarrenkiste,Non-MRW,Non-MRW
2685,23,"Ein dreibeiniger Tisch, der ohne Zweifel einst unter die Quadrupeden gehört hatte, war an diese Lagerstatt gezogen; ein leerer Bierkrug, eine halbgeleerte Zigarrenkiste, Tuschnäpfchen, bekritzelte Papiere und andere heterogene Gegenstände bedeckten ihn im reizendsten Mischmasch.",Tuschnäpfchen,Non-MRW,Non-MRW
2685,24,"Ein dreibeiniger Tisch, der ohne Zweifel einst unter die Quadrupeden gehört hatte, war an diese Lagerstatt gezogen; ein leerer Bierkrug, eine halbgeleerte Zigarrenkiste, Tuschnäpfchen, bekritzelte Papiere und andere heterogene Gegenstände bedeckten ihn im reizendsten Mischmasch.",bekritzelte,Non-MRW,Non-MRW
2685,25,"Ein dreibeiniger Tisch, der ohne Zweifel einst unter die Quadrupeden gehört hatte, war an diese Lagerstatt gezogen; ein leerer Bierkrug, eine halbgeleerte Zigarrenkiste, Tuschnäpfchen, bekritzelte Papiere und andere heterogene Gegenstände bedeckten ihn im reizendsten Mischmasch.",Papiere,Non-MRW,Non-MRW
2685,26,"Ein dreibeiniger Tisch, der ohne Zweifel einst unter die Quadrupeden gehört hatte, war an diese Lagerstatt gezogen; ein leerer Bierkrug, eine halbgeleerte Zigarrenkiste, Tuschnäpfchen, bekritzelte Papiere und andere heterogene Gegenstände bedeckten ihn im reizendsten Mischmasch.",und,Non-MRW,Non-MRW
2685,27,"Ein dreibeiniger Tisch, der ohne Zweifel einst unter die Quadrupeden gehört hatte, war an diese Lagerstatt gezogen; ein leerer Bierkrug, eine halbgeleerte Zigarrenkiste, Tuschnäpfchen, bekritzelte Papiere und andere heterogene Gegenstände bedeckten ihn im reizendsten Mischmasch.",andere,Non-MRW,Non-MRW
2685,28,"Ein dreibeiniger Tisch, der ohne Zweifel einst unter die Quadrupeden gehört hatte, war an diese Lagerstatt gezogen; ein leerer Bierkrug, eine halbgeleerte Zigarrenkiste, Tuschnäpfchen, bekritzelte Papiere und andere heterogene Gegenstände bedeckten ihn im reizendsten Mischmasch.",heterogene,Non-MRW,Non-MRW
2685,29,"Ein dreibeiniger Tisch, der ohne Zweifel einst unter die Quadrupeden gehört hatte, war an diese Lagerstatt gezogen; ein leerer Bierkrug, eine halbgeleerte Zigarrenkiste, Tuschnäpfchen, bekritzelte Papiere und andere heterogene Gegenstände bedeckten ihn im reizendsten Mischmasch.",Gegenstände,Non-MRW,Non-MRW
2685,30,"Ein dreibeiniger Tisch, der ohne Zweifel einst unter die Quadrupeden gehört hatte, war an diese Lagerstatt gezogen; ein leerer Bierkrug, eine halbgeleerte Zigarrenkiste, Tuschnäpfchen, bekritzelte Papiere und andere heterogene Gegenstände bedeckten ihn im reizendsten Mischmasch.",bedeckten,Non-MRW,Non-MRW
2685,31,"Ein dreibeiniger Tisch, der ohne Zweifel einst unter die Quadrupeden gehört hatte, war an diese Lagerstatt gezogen; ein leerer Bierkrug, eine halbgeleerte Zigarrenkiste, Tuschnäpfchen, bekritzelte Papiere und andere heterogene Gegenstände bedeckten ihn im reizendsten Mischmasch.",ihn,Non-MRW,Non-MRW
2685,32,"Ein dreibeiniger Tisch, der ohne Zweifel einst unter die Quadrupeden gehört hatte, war an diese Lagerstatt gezogen; ein leerer Bierkrug, eine halbgeleerte Zigarrenkiste, Tuschnäpfchen, bekritzelte Papiere und andere heterogene Gegenstände bedeckten ihn im reizendsten Mischmasch.",im,Non-MRW,Non-MRW
2685,33,"Ein dreibeiniger Tisch, der ohne Zweifel einst unter die Quadrupeden gehört hatte, war an diese Lagerstatt gezogen; ein leerer Bierkrug, eine halbgeleerte Zigarrenkiste, Tuschnäpfchen, bekritzelte Papiere und andere heterogene Gegenstände bedeckten ihn im reizendsten Mischmasch.",reizendsten,Non-MRW,Non-MRW
2685,34,"Ein dreibeiniger Tisch, der ohne Zweifel einst unter die Quadrupeden gehört hatte, war an diese Lagerstatt gezogen; ein leerer Bierkrug, eine halbgeleerte Zigarrenkiste, Tuschnäpfchen, bekritzelte Papiere und andere heterogene Gegenstände bedeckten ihn im reizendsten Mischmasch.",Mischmasch,Non-MRW,Non-MRW
2685,0,"Hie und da stiegen die Lianen wie Stangen senkrecht oder wie Seile um einander gedreht in den seltsamsten Verschlingungen zur Erde herab, und an ihnen rankte sich ein Dickicht von Passifloren bis zur Krone des Ceiba empor, mit Millionen und Abermillionen von roten, blauen und violetten Passionsblumen besetzt.",Hie,MRW,indirect
2685,1,"Hie und da stiegen die Lianen wie Stangen senkrecht oder wie Seile um einander gedreht in den seltsamsten Verschlingungen zur Erde herab, und an ihnen rankte sich ein Dickicht von Passifloren bis zur Krone des Ceiba empor, mit Millionen und Abermillionen von roten, blauen und violetten Passionsblumen besetzt.",und,MWE,MWE
2776,2,"Hie und da stiegen die Lianen wie Stangen senkrecht oder wie Seile um einander gedreht in den seltsamsten Verschlingungen zur Erde herab, und an ihnen rankte sich ein Dickicht von Passifloren bis zur Krone des Ceiba empor, mit Millionen und Abermillionen von roten, blauen und violetten Passionsblumen besetzt.",da,MWE,MWE
2776,3,"Hie und da stiegen die Lianen wie Stangen senkrecht oder wie Seile um einander gedreht in den seltsamsten Verschlingungen zur Erde herab, und an ihnen rankte sich ein Dickicht von Passifloren bis zur Krone des Ceiba empor, mit Millionen und Abermillionen von roten, blauen und violetten Passionsblumen besetzt.",stiegen,MRW,indirect
2776,4,"Hie und da stiegen die Lianen wie Stangen senkrecht oder wie Seile um einander gedreht in den seltsamsten Verschlingungen zur Erde herab, und an ihnen rankte sich ein Dickicht von Passifloren bis zur Krone des Ceiba empor, mit Millionen und Abermillionen von roten, blauen und violetten Passionsblumen besetzt.",die,Non-MRW,Non-MRW
2776,5,"Hie und da stiegen die Lianen wie Stangen senkrecht oder wie Seile um einander gedreht in den seltsamsten Verschlingungen zur Erde herab, und an ihnen rankte sich ein Dickicht von Passifloren bis zur Krone des Ceiba empor, mit Millionen und Abermillionen von roten, blauen und violetten Passionsblumen besetzt.",Lianen,Non-MRW,Non-MRW
2776,6,"Hie und da stiegen die Lianen wie Stangen senkrecht oder wie Seile um einander gedreht in den seltsamsten Verschlingungen zur Erde herab, und an ihnen rankte sich ein Dickicht von Passifloren bis zur Krone des Ceiba empor, mit Millionen und Abermillionen von roten, blauen und violetten Passionsblumen besetzt.",wie,Mflag,Mflag
2776,7,"Hie und da stiegen die Lianen wie Stangen senkrecht oder wie Seile um einander gedreht in den seltsamsten Verschlingungen zur Erde herab, und an ihnen rankte sich ein Dickicht von Passifloren bis zur Krone des Ceiba empor, mit Millionen und Abermillionen von roten, blauen und violetten Passionsblumen besetzt.",Stangen,MRW,direct
2776,8,"Hie und da stiegen die Lianen wie Stangen senkrecht oder wie Seile um einander gedreht in den seltsamsten Verschlingungen zur Erde herab, und an ihnen rankte sich ein Dickicht von Passifloren bis zur Krone des Ceiba empor, mit Millionen und Abermillionen von roten, blauen und violetten Passionsblumen besetzt.",senkrecht,MRW,direct
2776,9,"Hie und da stiegen die Lianen wie Stangen senkrecht oder wie Seile um einander gedreht in den seltsamsten Verschlingungen zur Erde herab, und an ihnen rankte sich ein Dickicht von Passifloren bis zur Krone des Ceiba empor, mit Millionen und Abermillionen von roten, blauen und violetten Passionsblumen besetzt.",oder,Non-MRW,Non-MRW
2776,10,"Hie und da stiegen die Lianen wie Stangen senkrecht oder wie Seile um einander gedreht in den seltsamsten Verschlingungen zur Erde herab, und an ihnen rankte sich ein Dickicht von Passifloren bis zur Krone des Ceiba empor, mit Millionen und Abermillionen von roten, blauen und violetten Passionsblumen besetzt.",wie,Mflag,Mflag
2776,11,"Hie und da stiegen die Lianen wie Stangen senkrecht oder wie Seile um einander gedreht in den seltsamsten Verschlingungen zur Erde herab, und an ihnen rankte sich ein Dickicht von Passifloren bis zur Krone des Ceiba empor, mit Millionen und Abermillionen von roten, blauen und violetten Passionsblumen besetzt.",Seile,MRW,direct
2776,12,"Hie und da stiegen die Lianen wie Stangen senkrecht oder wie Seile um einander gedreht in den seltsamsten Verschlingungen zur Erde herab, und an ihnen rankte sich ein Dickicht von Passifloren bis zur Krone des Ceiba empor, mit Millionen und Abermillionen von roten, blauen und violetten Passionsblumen besetzt.",um,MWE,MWE
2776,13,"Hie und da stiegen die Lianen wie Stangen senkrecht oder wie Seile um einander gedreht in den seltsamsten Verschlingungen zur Erde herab, und an ihnen rankte sich ein Dickicht von Passifloren bis zur Krone des Ceiba empor, mit Millionen und Abermillionen von roten, blauen und violetten Passionsblumen besetzt.",einander,MWE,MWE
2776,14,"Hie und da stiegen die Lianen wie Stangen senkrecht oder wie Seile um einander gedreht in den seltsamsten Verschlingungen zur Erde herab, und an ihnen rankte sich ein Dickicht von Passifloren bis zur Krone des Ceiba empor, mit Millionen und Abermillionen von roten, blauen und violetten Passionsblumen besetzt.",gedreht,MRW,direct
2776,15,"Hie und da stiegen die Lianen wie Stangen senkrecht oder wie Seile um einander gedreht in den seltsamsten Verschlingungen zur Erde herab, und an ihnen rankte sich ein Dickicht von Passifloren bis zur Krone des Ceiba empor, mit Millionen und Abermillionen von roten, blauen und violetten Passionsblumen besetzt.",in,MRW,indirect
2776,16,"Hie und da stiegen die Lianen wie Stangen senkrecht oder wie Seile um einander gedreht in den seltsamsten Verschlingungen zur Erde herab, und an ihnen rankte sich ein Dickicht von Passifloren bis zur Krone des Ceiba empor, mit Millionen und Abermillionen von roten, blauen und violetten Passionsblumen besetzt.",den,Non-MRW,Non-MRW
2776,17,"Hie und da stiegen die Lianen wie Stangen senkrecht oder wie Seile um einander gedreht in den seltsamsten Verschlingungen zur Erde herab, und an ihnen rankte sich ein Dickicht von Passifloren bis zur Krone des Ceiba empor, mit Millionen und Abermillionen von roten, blauen und violetten Passionsblumen besetzt.",seltsamsten,Non-MRW,Non-MRW
2776,18,"Hie und da stiegen die Lianen wie Stangen senkrecht oder wie Seile um einander gedreht in den seltsamsten Verschlingungen zur Erde herab, und an ihnen rankte sich ein Dickicht von Passifloren bis zur Krone des Ceiba empor, mit Millionen und Abermillionen von roten, blauen und violetten Passionsblumen besetzt.",Verschlingungen,Non-MRW,Non-MRW
2776,19,"Hie und da stiegen die Lianen wie Stangen senkrecht oder wie Seile um einander gedreht in den seltsamsten Verschlingungen zur Erde herab, und an ihnen rankte sich ein Dickicht von Passifloren bis zur Krone des Ceiba empor, mit Millionen und Abermillionen von roten, blauen und violetten Passionsblumen besetzt.",zur,Non-MRW,Non-MRW
2776,20,"Hie und da stiegen die Lianen wie Stangen senkrecht oder wie Seile um einander gedreht in den seltsamsten Verschlingungen zur Erde herab, und an ihnen rankte sich ein Dickicht von Passifloren bis zur Krone des Ceiba empor, mit Millionen und Abermillionen von roten, blauen und violetten Passionsblumen besetzt.",Erde,WIDLII,WIDLII
2776,21,"Hie und da stiegen die Lianen wie Stangen senkrecht oder wie Seile um einander gedreht in den seltsamsten Verschlingungen zur Erde herab, und an ihnen rankte sich ein Dickicht von Passifloren bis zur Krone des Ceiba empor, mit Millionen und Abermillionen von roten, blauen und violetten Passionsblumen besetzt.",herab,MWE,MWE
2776,22,"Hie und da stiegen die Lianen wie Stangen senkrecht oder wie Seile um einander gedreht in den seltsamsten Verschlingungen zur Erde herab, und an ihnen rankte sich ein Dickicht von Passifloren bis zur Krone des Ceiba empor, mit Millionen und Abermillionen von roten, blauen und violetten Passionsblumen besetzt.",und,Non-MRW,Non-MRW
2776,23,"Hie und da stiegen die Lianen wie Stangen senkrecht oder wie Seile um einander gedreht in den seltsamsten Verschlingungen zur Erde herab, und an ihnen rankte sich ein Dickicht von Passifloren bis zur Krone des Ceiba empor, mit Millionen und Abermillionen von roten, blauen und violetten Passionsblumen besetzt.",an,Non-MRW,Non-MRW
2776,24,"Hie und da stiegen die Lianen wie Stangen senkrecht oder wie Seile um einander gedreht in den seltsamsten Verschlingungen zur Erde herab, und an ihnen rankte sich ein Dickicht von Passifloren bis zur Krone des Ceiba empor, mit Millionen und Abermillionen von roten, blauen und violetten Passionsblumen besetzt.",ihnen,Non-MRW,Non-MRW
2776,25,"Hie und da stiegen die Lianen wie Stangen senkrecht oder wie Seile um einander gedreht in den seltsamsten Verschlingungen zur Erde herab, und an ihnen rankte sich ein Dickicht von Passifloren bis zur Krone des Ceiba empor, mit Millionen und Abermillionen von roten, blauen und violetten Passionsblumen besetzt.",rankte,Non-MRW,Non-MRW
2776,26,"Hie und da stiegen die Lianen wie Stangen senkrecht oder wie Seile um einander gedreht in den seltsamsten Verschlingungen zur Erde herab, und an ihnen rankte sich ein Dickicht von Passifloren bis zur Krone des Ceiba empor, mit Millionen und Abermillionen von roten, blauen und violetten Passionsblumen besetzt.",sich,MWE,MWE
2776,27,"Hie und da stiegen die Lianen wie Stangen senkrecht oder wie Seile um einander gedreht in den seltsamsten Verschlingungen zur Erde herab, und an ihnen rankte sich ein Dickicht von Passifloren bis zur Krone des Ceiba empor, mit Millionen und Abermillionen von roten, blauen und violetten Passionsblumen besetzt.",ein,Non-MRW,Non-MRW
2776,28,"Hie und da stiegen die Lianen wie Stangen senkrecht oder wie Seile um einander gedreht in den seltsamsten Verschlingungen zur Erde herab, und an ihnen rankte sich ein Dickicht von Passifloren bis zur Krone des Ceiba empor, mit Millionen und Abermillionen von roten, blauen und violetten Passionsblumen besetzt.",Dickicht,MRW,indirect
2776,29,"Hie und da stiegen die Lianen wie Stangen senkrecht oder wie Seile um einander gedreht in den seltsamsten Verschlingungen zur Erde herab, und an ihnen rankte sich ein Dickicht von Passifloren bis zur Krone des Ceiba empor, mit Millionen und Abermillionen von roten, blauen und violetten Passionsblumen besetzt.",von,MRW,indirect
2776,30,"Hie und da stiegen die Lianen wie Stangen senkrecht oder wie Seile um einander gedreht in den seltsamsten Verschlingungen zur Erde herab, und an ihnen rankte sich ein Dickicht von Passifloren bis zur Krone des Ceiba empor, mit Millionen und Abermillionen von roten, blauen und violetten Passionsblumen besetzt.",Passifloren,Non-MRW,Non-MRW
2776,31,"Hie und da stiegen die Lianen wie Stangen senkrecht oder wie Seile um einander gedreht in den seltsamsten Verschlingungen zur Erde herab, und an ihnen rankte sich ein Dickicht von Passifloren bis zur Krone des Ceiba empor, mit Millionen und Abermillionen von roten, blauen und violetten Passionsblumen besetzt.",bis,Non-MRW,Non-MRW
2776,32,"Hie und da stiegen die Lianen wie Stangen senkrecht oder wie Seile um einander gedreht in den seltsamsten Verschlingungen zur Erde herab, und an ihnen rankte sich ein Dickicht von Passifloren bis zur Krone des Ceiba empor, mit Millionen und Abermillionen von roten, blauen und violetten Passionsblumen besetzt.",zur,Non-MRW,Non-MRW
2776,33,"Hie und da stiegen die Lianen wie Stangen senkrecht oder wie Seile um einander gedreht in den seltsamsten Verschlingungen zur Erde herab, und an ihnen rankte sich ein Dickicht von Passifloren bis zur Krone des Ceiba empor, mit Millionen und Abermillionen von roten, blauen und violetten Passionsblumen besetzt.",Krone,MRW,indirect
2776,34,"Hie und da stiegen die Lianen wie Stangen senkrecht oder wie Seile um einander gedreht in den seltsamsten Verschlingungen zur Erde herab, und an ihnen rankte sich ein Dickicht von Passifloren bis zur Krone des Ceiba empor, mit Millionen und Abermillionen von roten, blauen und violetten Passionsblumen besetzt.",des,Non-MRW,Non-MRW
2776,35,"Hie und da stiegen die Lianen wie Stangen senkrecht oder wie Seile um einander gedreht in den seltsamsten Verschlingungen zur Erde herab, und an ihnen rankte sich ein Dickicht von Passifloren bis zur Krone des Ceiba empor, mit Millionen und Abermillionen von roten, blauen und violetten Passionsblumen besetzt.",Ceiba,Non-MRW,Non-MRW
2776,36,"Hie und da stiegen die Lianen wie Stangen senkrecht oder wie Seile um einander gedreht in den seltsamsten Verschlingungen zur Erde herab, und an ihnen rankte sich ein Dickicht von Passifloren bis zur Krone des Ceiba empor, mit Millionen und Abermillionen von roten, blauen und violetten Passionsblumen besetzt.",empor,MWE,MWE
2776,37,"Hie und da stiegen die Lianen wie Stangen senkrecht oder wie Seile um einander gedreht in den seltsamsten Verschlingungen zur Erde herab, und an ihnen rankte sich ein Dickicht von Passifloren bis zur Krone des Ceiba empor, mit Millionen und Abermillionen von roten, blauen und violetten Passionsblumen besetzt.",mit,Non-MRW,Non-MRW
2776,38,"Hie und da stiegen die Lianen wie Stangen senkrecht oder wie Seile um einander gedreht in den seltsamsten Verschlingungen zur Erde herab, und an ihnen rankte sich ein Dickicht von Passifloren bis zur Krone des Ceiba empor, mit Millionen und Abermillionen von roten, blauen und violetten Passionsblumen besetzt.",Millionen,MRW,indirect
2776,39,"Hie und da stiegen die Lianen wie Stangen senkrecht oder wie Seile um einander gedreht in den seltsamsten Verschlingungen zur Erde herab, und an ihnen rankte sich ein Dickicht von Passifloren bis zur Krone des Ceiba empor, mit Millionen und Abermillionen von roten, blauen und violetten Passionsblumen besetzt.",und,Non-MRW,Non-MRW
2776,40,"Hie und da stiegen die Lianen wie Stangen senkrecht oder wie Seile um einander gedreht in den seltsamsten Verschlingungen zur Erde herab, und an ihnen rankte sich ein Dickicht von Passifloren bis zur Krone des Ceiba empor, mit Millionen und Abermillionen von roten, blauen und violetten Passionsblumen besetzt.",Abermillionen,MRW,indirect
2776,41,"Hie und da stiegen die Lianen wie Stangen senkrecht oder wie Seile um einander gedreht in den seltsamsten Verschlingungen zur Erde herab, und an ihnen rankte sich ein Dickicht von Passifloren bis zur Krone des Ceiba empor, mit Millionen und Abermillionen von roten, blauen und violetten Passionsblumen besetzt.",von,MRW,indirect
2776,42,"Hie und da stiegen die Lianen wie Stangen senkrecht oder wie Seile um einander gedreht in den seltsamsten Verschlingungen zur Erde herab, und an ihnen rankte sich ein Dickicht von Passifloren bis zur Krone des Ceiba empor, mit Millionen und Abermillionen von roten, blauen und violetten Passionsblumen besetzt.",roten,Non-MRW,Non-MRW
2776,43,"Hie und da stiegen die Lianen wie Stangen senkrecht oder wie Seile um einander gedreht in den seltsamsten Verschlingungen zur Erde herab, und an ihnen rankte sich ein Dickicht von Passifloren bis zur Krone des Ceiba empor, mit Millionen und Abermillionen von roten, blauen und violetten Passionsblumen besetzt.",blauen,Non-MRW,Non-MRW
2776,44,"Hie und da stiegen die Lianen wie Stangen senkrecht oder wie Seile um einander gedreht in den seltsamsten Verschlingungen zur Erde herab, und an ihnen rankte sich ein Dickicht von Passifloren bis zur Krone des Ceiba empor, mit Millionen und Abermillionen von roten, blauen und violetten Passionsblumen besetzt.",und,Non-MRW,Non-MRW
2776,45,"Hie und da stiegen die Lianen wie Stangen senkrecht oder wie Seile um einander gedreht in den seltsamsten Verschlingungen zur Erde herab, und an ihnen rankte sich ein Dickicht von Passifloren bis zur Krone des Ceiba empor, mit Millionen und Abermillionen von roten, blauen und violetten Passionsblumen besetzt.",violetten,Non-MRW,Non-MRW
2776,46,"Hie und da stiegen die Lianen wie Stangen senkrecht oder wie Seile um einander gedreht in den seltsamsten Verschlingungen zur Erde herab, und an ihnen rankte sich ein Dickicht von Passifloren bis zur Krone des Ceiba empor, mit Millionen und Abermillionen von roten, blauen und violetten Passionsblumen besetzt.",Passionsblumen,Non-MRW,Non-MRW
2776,47,"Hie und da stiegen die Lianen wie Stangen senkrecht oder wie Seile um einander gedreht in den seltsamsten Verschlingungen zur Erde herab, und an ihnen rankte sich ein Dickicht von Passifloren bis zur Krone des Ceiba empor, mit Millionen und Abermillionen von roten, blauen und violetten Passionsblumen besetzt.",besetzt,MRW,indirect
2776,0,"Aber in dieser Straße, in welcher mehr Menschen zu wohnen schienen, als im ganzen Trenschiner Komitat, gab es nur ein Fenster, hinter welchem ein rotgrüner Papagei""Marie"" schrie.",Aber,Non-MRW,Non-MRW
2776,1,"Aber in dieser Straße, in welcher mehr Menschen zu wohnen schienen, als im ganzen Trenschiner Komitat, gab es nur ein Fenster, hinter welchem ein rotgrüner Papagei""Marie"" schrie.",in,MRW,indirect
2846,2,"Aber in dieser Straße, in welcher mehr Menschen zu wohnen schienen, als im ganzen Trenschiner Komitat, gab es nur ein Fenster, hinter welchem ein rotgrüner Papagei""Marie"" schrie.",dieser,Non-MRW,Non-MRW
2846,3,"Aber in dieser Straße, in welcher mehr Menschen zu wohnen schienen, als im ganzen Trenschiner Komitat, gab es nur ein Fenster, hinter welchem ein rotgrüner Papagei""Marie"" schrie.",Straße,Non-MRW,Non-MRW
2846,4,"Aber in dieser Straße, in welcher mehr Menschen zu wohnen schienen, als im ganzen Trenschiner Komitat, gab es nur ein Fenster, hinter welchem ein rotgrüner Papagei""Marie"" schrie.",in,MRW,indirect
2846,5,"Aber in dieser Straße, in welcher mehr Menschen zu wohnen schienen, als im ganzen Trenschiner Komitat, gab es nur ein Fenster, hinter welchem ein rotgrüner Papagei""Marie"" schrie.",welcher,Non-MRW,Non-MRW
2846,6,"Aber in dieser Straße, in welcher mehr Menschen zu wohnen schienen, als im ganzen Trenschiner Komitat, gab es nur ein Fenster, hinter welchem ein rotgrüner Papagei""Marie"" schrie.",mehr,Non-MRW,Non-MRW
2846,7,"Aber in dieser Straße, in welcher mehr Menschen zu wohnen schienen, als im ganzen Trenschiner Komitat, gab es nur ein Fenster, hinter welchem ein rotgrüner Papagei""Marie"" schrie.",Menschen,Non-MRW,Non-MRW
2846,8,"Aber in dieser Straße, in welcher mehr Menschen zu wohnen schienen, als im ganzen Trenschiner Komitat, gab es nur ein Fenster, hinter welchem ein rotgrüner Papagei""Marie"" schrie.",zu,Non-MRW,Non-MRW
2846,9,"Aber in dieser Straße, in welcher mehr Menschen zu wohnen schienen, als im ganzen Trenschiner Komitat, gab es nur ein Fenster, hinter welchem ein rotgrüner Papagei""Marie"" schrie.",wohnen,Non-MRW,Non-MRW
2846,10,"Aber in dieser Straße, in welcher mehr Menschen zu wohnen schienen, als im ganzen Trenschiner Komitat, gab es nur ein Fenster, hinter welchem ein rotgrüner Papagei""Marie"" schrie.",schienen,Non-MRW,Non-MRW
2846,11,"Aber in dieser Straße, in welcher mehr Menschen zu wohnen schienen, als im ganzen Trenschiner Komitat, gab es nur ein Fenster, hinter welchem ein rotgrüner Papagei""Marie"" schrie.",als,Mflag,Mflag
2846,12,"Aber in dieser Straße, in welcher mehr Menschen zu wohnen schienen, als im ganzen Trenschiner Komitat, gab es nur ein Fenster, hinter welchem ein rotgrüner Papagei""Marie"" schrie.",im,MRW,indirect
2846,13,"Aber in dieser Straße, in welcher mehr Menschen zu wohnen schienen, als im ganzen Trenschiner Komitat, gab es nur ein Fenster, hinter welchem ein rotgrüner Papagei""Marie"" schrie.",ganzen,MRW,STOPWORD
2846,14,"Aber in dieser Straße, in welcher mehr Menschen zu wohnen schienen, als im ganzen Trenschiner Komitat, gab es nur ein Fenster, hinter welchem ein rotgrüner Papagei""Marie"" schrie.",Trenschiner,MWE,MWE
2846,15,"Aber in dieser Straße, in welcher mehr Menschen zu wohnen schienen, als im ganzen Trenschiner Komitat, gab es nur ein Fenster, hinter welchem ein rotgrüner Papagei""Marie"" schrie.",Komitat,MRW,direct
2846,16,"Aber in dieser Straße, in welcher mehr Menschen zu wohnen schienen, als im ganzen Trenschiner Komitat, gab es nur ein Fenster, hinter welchem ein rotgrüner Papagei""Marie"" schrie.",gab,Non-MRW,Non-MRW
2846,17,"Aber in dieser Straße, in welcher mehr Menschen zu wohnen schienen, als im ganzen Trenschiner Komitat, gab es nur ein Fenster, hinter welchem ein rotgrüner Papagei""Marie"" schrie.",es,Non-MRW,Non-MRW
2846,18,"Aber in dieser Straße, in welcher mehr Menschen zu wohnen schienen, als im ganzen Trenschiner Komitat, gab es nur ein Fenster, hinter welchem ein rotgrüner Papagei""Marie"" schrie.",nur,Non-MRW,Non-MRW
2846,19,"Aber in dieser Straße, in welcher mehr Menschen zu wohnen schienen, als im ganzen Trenschiner Komitat, gab es nur ein Fenster, hinter welchem ein rotgrüner Papagei""Marie"" schrie.",ein,Non-MRW,Non-MRW
2846,20,"Aber in dieser Straße, in welcher mehr Menschen zu wohnen schienen, als im ganzen Trenschiner Komitat, gab es nur ein Fenster, hinter welchem ein rotgrüner Papagei""Marie"" schrie.",Fenster,Non-MRW,Non-MRW
2846,21,"Aber in dieser Straße, in welcher mehr Menschen zu wohnen schienen, als im ganzen Trenschiner Komitat, gab es nur ein Fenster, hinter welchem ein rotgrüner Papagei""Marie"" schrie.",hinter,Non-MRW,Non-MRW
2846,22,"Aber in dieser Straße, in welcher mehr Menschen zu wohnen schienen, als im ganzen Trenschiner Komitat, gab es nur ein Fenster, hinter welchem ein rotgrüner Papagei""Marie"" schrie.",welchem,Non-MRW,Non-MRW
2846,23,"Aber in dieser Straße, in welcher mehr Menschen zu wohnen schienen, als im ganzen Trenschiner Komitat, gab es nur ein Fenster, hinter welchem ein rotgrüner Papagei""Marie"" schrie.",ein,Non-MRW,Non-MRW
2846,24,"Aber in dieser Straße, in welcher mehr Menschen zu wohnen schienen, als im ganzen Trenschiner Komitat, gab es nur ein Fenster, hinter welchem ein rotgrüner Papagei""Marie"" schrie.",rotgrüner,Non-MRW,Non-MRW
2846,25,"Aber in dieser Straße, in welcher mehr Menschen zu wohnen schienen, als im ganzen Trenschiner Komitat, gab es nur ein Fenster, hinter welchem ein rotgrüner Papagei ""Marie"" schrie.",PapageiMarie,Non-MRW,Non-MRW
2846,26,"Aber in dieser Straße, in welcher mehr Menschen zu wohnen schienen, als im ganzen Trenschiner Komitat, gab es nur ein Fenster, hinter welchem ein rotgrüner Papagei""Marie"" schrie.",schrie,Non-MRW,Non-MRW
2846,0,"Der Makik-Natun ist eigentlich mehr ein Hügel als ein Berg, denn hier gibt es keine wirklichen Berge, ein kurzer, niedriger Höhenzug, welcher seinen Namen der hellen Farbe des dortigen Bodens verdankt.",Der,Non-MRW,Non-MRW
2846,1,"Der Makik-Natun ist eigentlich mehr ein Hügel als ein Berg, denn hier gibt es keine wirklichen Berge, ein kurzer, niedriger Höhenzug, welcher seinen Namen der hellen Farbe des dortigen Bodens verdankt.",MakikNatun,Non-MRW,Non-MRW
2949,2,"Der Makik-Natun ist eigentlich mehr ein Hügel als ein Berg, denn hier gibt es keine wirklichen Berge, ein kurzer, niedriger Höhenzug, welcher seinen Namen der hellen Farbe des dortigen Bodens verdankt.",ist,Non-MRW,Non-MRW
2949,3,"Der Makik-Natun ist eigentlich mehr ein Hügel als ein Berg, denn hier gibt es keine wirklichen Berge, ein kurzer, niedriger Höhenzug, welcher seinen Namen der hellen Farbe des dortigen Bodens verdankt.",eigentlich,Non-MRW,Non-MRW
2949,4,"Der Makik-Natun ist eigentlich mehr ein Hügel als ein Berg, denn hier gibt es keine wirklichen Berge, ein kurzer, niedriger Höhenzug, welcher seinen Namen der hellen Farbe des dortigen Bodens verdankt.",mehr,Non-MRW,Non-MRW
2949,5,"Der Makik-Natun ist eigentlich mehr ein Hügel als ein Berg, denn hier gibt es keine wirklichen Berge, ein kurzer, niedriger Höhenzug, welcher seinen Namen der hellen Farbe des dortigen Bodens verdankt.",ein,Non-MRW,Non-MRW
2949,6,"Der Makik-Natun ist eigentlich mehr ein Hügel als ein Berg, denn hier gibt es keine wirklichen Berge, ein kurzer, niedriger Höhenzug, welcher seinen Namen der hellen Farbe des dortigen Bodens verdankt.",Hügel,Non-MRW,Non-MRW
2949,7,"Der Makik-Natun ist eigentlich mehr ein Hügel als ein Berg, denn hier gibt es keine wirklichen Berge, ein kurzer, niedriger Höhenzug, welcher seinen Namen der hellen Farbe des dortigen Bodens verdankt.",als,Non-MRW,Non-MRW
2949,8,"Der Makik-Natun ist eigentlich mehr ein Hügel als ein Berg, denn hier gibt es keine wirklichen Berge, ein kurzer, niedriger Höhenzug, welcher seinen Namen der hellen Farbe des dortigen Bodens verdankt.",ein,Non-MRW,Non-MRW
2949,9,"Der Makik-Natun ist eigentlich mehr ein Hügel als ein Berg, denn hier gibt es keine wirklichen Berge, ein kurzer, niedriger Höhenzug, welcher seinen Namen der hellen Farbe des dortigen Bodens verdankt.",Berg,Non-MRW,Non-MRW
2949,10,"Der Makik-Natun ist eigentlich mehr ein Hügel als ein Berg, denn hier gibt es keine wirklichen Berge, ein kurzer, niedriger Höhenzug, welcher seinen Namen der hellen Farbe des dortigen Bodens verdankt.",denn,Non-MRW,Non-MRW
2949,11,"Der Makik-Natun ist eigentlich mehr ein Hügel als ein Berg, denn hier gibt es keine wirklichen Berge, ein kurzer, niedriger Höhenzug, welcher seinen Namen der hellen Farbe des dortigen Bodens verdankt.",hier,Non-MRW,Non-MRW
2949,12,"Der Makik-Natun ist eigentlich mehr ein Hügel als ein Berg, denn hier gibt es keine wirklichen Berge, ein kurzer, niedriger Höhenzug, welcher seinen Namen der hellen Farbe des dortigen Bodens verdankt.",gibt,Non-MRW,Non-MRW
2949,13,"Der Makik-Natun ist eigentlich mehr ein Hügel als ein Berg, denn hier gibt es keine wirklichen Berge, ein kurzer, niedriger Höhenzug, welcher seinen Namen der hellen Farbe des dortigen Bodens verdankt.",es,Non-MRW,Non-MRW
2949,14,"Der Makik-Natun ist eigentlich mehr ein Hügel als ein Berg, denn hier gibt es keine wirklichen Berge, ein kurzer, niedriger Höhenzug, welcher seinen Namen der hellen Farbe des dortigen Bodens verdankt.",keine,Non-MRW,Non-MRW
2949,15,"Der Makik-Natun ist eigentlich mehr ein Hügel als ein Berg, denn hier gibt es keine wirklichen Berge, ein kurzer, niedriger Höhenzug, welcher seinen Namen der hellen Farbe des dortigen Bodens verdankt.",wirklichen,Non-MRW,Non-MRW
2949,16,"Der Makik-Natun ist eigentlich mehr ein Hügel als ein Berg, denn hier gibt es keine wirklichen Berge, ein kurzer, niedriger Höhenzug, welcher seinen Namen der hellen Farbe des dortigen Bodens verdankt.",Berge,Non-MRW,Non-MRW
2949,17,"Der Makik-Natun ist eigentlich mehr ein Hügel als ein Berg, denn hier gibt es keine wirklichen Berge, ein kurzer, niedriger Höhenzug, welcher seinen Namen der hellen Farbe des dortigen Bodens verdankt.",ein,Non-MRW,Non-MRW
2949,18,"Der Makik-Natun ist eigentlich mehr ein Hügel als ein Berg, denn hier gibt es keine wirklichen Berge, ein kurzer, niedriger Höhenzug, welcher seinen Namen der hellen Farbe des dortigen Bodens verdankt.",kurzer,Non-MRW,Non-MRW
2949,19,"Der Makik-Natun ist eigentlich mehr ein Hügel als ein Berg, denn hier gibt es keine wirklichen Berge, ein kurzer, niedriger Höhenzug, welcher seinen Namen der hellen Farbe des dortigen Bodens verdankt.",niedriger,Non-MRW,Non-MRW
2949,20,"Der Makik-Natun ist eigentlich mehr ein Hügel als ein Berg, denn hier gibt es keine wirklichen Berge, ein kurzer, niedriger Höhenzug, welcher seinen Namen der hellen Farbe des dortigen Bodens verdankt.",Höhenzug,Non-MRW,Non-MRW
2949,21,"Der Makik-Natun ist eigentlich mehr ein Hügel als ein Berg, denn hier gibt es keine wirklichen Berge, ein kurzer, niedriger Höhenzug, welcher seinen Namen der hellen Farbe des dortigen Bodens verdankt.",welcher,Non-MRW,Non-MRW
2949,22,"Der Makik-Natun ist eigentlich mehr ein Hügel als ein Berg, denn hier gibt es keine wirklichen Berge, ein kurzer, niedriger Höhenzug, welcher seinen Namen der hellen Farbe des dortigen Bodens verdankt.",seinen,Non-MRW,Non-MRW
2949,23,"Der Makik-Natun ist eigentlich mehr ein Hügel als ein Berg, denn hier gibt es keine wirklichen Berge, ein kurzer, niedriger Höhenzug, welcher seinen Namen der hellen Farbe des dortigen Bodens verdankt.",Namen,Non-MRW,Non-MRW
2949,24,"Der Makik-Natun ist eigentlich mehr ein Hügel als ein Berg, denn hier gibt es keine wirklichen Berge, ein kurzer, niedriger Höhenzug, welcher seinen Namen der hellen Farbe des dortigen Bodens verdankt.",der,Non-MRW,Non-MRW
2949,25,"Der Makik-Natun ist eigentlich mehr ein Hügel als ein Berg, denn hier gibt es keine wirklichen Berge, ein kurzer, niedriger Höhenzug, welcher seinen Namen der hellen Farbe des dortigen Bodens verdankt.",hellen,Non-MRW,Non-MRW
2949,26,"Der Makik-Natun ist eigentlich mehr ein Hügel als ein Berg, denn hier gibt es keine wirklichen Berge, ein kurzer, niedriger Höhenzug, welcher seinen Namen der hellen Farbe des dortigen Bodens verdankt.",Farbe,Non-MRW,Non-MRW
2949,27,"Der Makik-Natun ist eigentlich mehr ein Hügel als ein Berg, denn hier gibt es keine wirklichen Berge, ein kurzer, niedriger Höhenzug, welcher seinen Namen der hellen Farbe des dortigen Bodens verdankt.",des,Non-MRW,Non-MRW
2949,28,"Der Makik-Natun ist eigentlich mehr ein Hügel als ein Berg, denn hier gibt es keine wirklichen Berge, ein kurzer, niedriger Höhenzug, welcher seinen Namen der hellen Farbe des dortigen Bodens verdankt.",dortigen,Non-MRW,Non-MRW
2949,29,"Der Makik-Natun ist eigentlich mehr ein Hügel als ein Berg, denn hier gibt es keine wirklichen Berge, ein kurzer, niedriger Höhenzug, welcher seinen Namen der hellen Farbe des dortigen Bodens verdankt.",Bodens,Non-MRW,Non-MRW
2949,30,"Der Makik-Natun ist eigentlich mehr ein Hügel als ein Berg, denn hier gibt es keine wirklichen Berge, ein kurzer, niedriger Höhenzug, welcher seinen Namen der hellen Farbe des dortigen Bodens verdankt.",verdankt,MRW,indirect
2949,0,"Der Himmel war bedeckt, so daß es früher als gewöhnlich dämmerte; es hatte geregnet und die Erde duftete.",Der,Non-MRW,Non-MRW
2949,1,"Der Himmel war bedeckt, so daß es früher als gewöhnlich dämmerte; es hatte geregnet und die Erde duftete.",Himmel,Non-MRW,Non-MRW
2989,2,"Der Himmel war bedeckt, so daß es früher als gewöhnlich dämmerte; es hatte geregnet und die Erde duftete.",war,Non-MRW,Non-MRW
2989,3,"Der Himmel war bedeckt, so daß es früher als gewöhnlich dämmerte; es hatte geregnet und die Erde duftete.",bedeckt,Non-MRW,Non-MRW
2989,4,"Der Himmel war bedeckt, so daß es früher als gewöhnlich dämmerte; es hatte geregnet und die Erde duftete.",so,Non-MRW,Non-MRW
2989,5,"Der Himmel war bedeckt, so daß es früher als gewöhnlich dämmerte; es hatte geregnet und die Erde duftete.",daß,Non-MRW,Non-MRW
2989,6,"Der Himmel war bedeckt, so daß es früher als gewöhnlich dämmerte; es hatte geregnet und die Erde duftete.",es,Non-MRW,Non-MRW
2989,7,"Der Himmel war bedeckt, so daß es früher als gewöhnlich dämmerte; es hatte geregnet und die Erde duftete.",früher,Non-MRW,Non-MRW
2989,8,"Der Himmel war bedeckt, so daß es früher als gewöhnlich dämmerte; es hatte geregnet und die Erde duftete.",als,Non-MRW,Non-MRW
2989,9,"Der Himmel war bedeckt, so daß es früher als gewöhnlich dämmerte; es hatte geregnet und die Erde duftete.",gewöhnlich,Non-MRW,Non-MRW
2989,10,"Der Himmel war bedeckt, so daß es früher als gewöhnlich dämmerte; es hatte geregnet und die Erde duftete.",dämmerte,Non-MRW,Non-MRW
2989,11,"Der Himmel war bedeckt, so daß es früher als gewöhnlich dämmerte; es hatte geregnet und die Erde duftete.",es,Non-MRW,Non-MRW
2989,12,"Der Himmel war bedeckt, so daß es früher als gewöhnlich dämmerte; es hatte geregnet und die Erde duftete.",hatte,Non-MRW,Non-MRW
2989,13,"Der Himmel war bedeckt, so daß es früher als gewöhnlich dämmerte; es hatte geregnet und die Erde duftete.",geregnet,Non-MRW,Non-MRW
2989,14,"Der Himmel war bedeckt, so daß es früher als gewöhnlich dämmerte; es hatte geregnet und die Erde duftete.",und,Non-MRW,Non-MRW
2989,15,"Der Himmel war bedeckt, so daß es früher als gewöhnlich dämmerte; es hatte geregnet und die Erde duftete.",die,Non-MRW,Non-MRW
2989,16,"Der Himmel war bedeckt, so daß es früher als gewöhnlich dämmerte; es hatte geregnet und die Erde duftete.",Erde,Non-MRW,Non-MRW
2989,17,"Der Himmel war bedeckt, so daß es früher als gewöhnlich dämmerte; es hatte geregnet und die Erde duftete.",duftete,Non-MRW,Non-MRW
2989,0,"Man hätte glauben können: eine Pariserin in ihrem Heim, wären nicht die vergitterten Fenster und die auf kostbaren Seidenstoffen gestickten Inschriften des Islams gewesen, die hier und da die Füllungen der Wandflächen schmückten: der Name Allahs und einige Sprüche des Korans.",Man,Non-MRW,Non-MRW
2989,1,"Man hätte glauben können: eine Pariserin in ihrem Heim, wären nicht die vergitterten Fenster und die auf kostbaren Seidenstoffen gestickten Inschriften des Islams gewesen, die hier und da die Füllungen der Wandflächen schmückten: der Name Allahs und einige Sprüche des Korans.",hätte,Non-MRW,Non-MRW
3015,2,"Man hätte glauben können: eine Pariserin in ihrem Heim, wären nicht die vergitterten Fenster und die auf kostbaren Seidenstoffen gestickten Inschriften des Islams gewesen, die hier und da die Füllungen der Wandflächen schmückten: der Name Allahs und einige Sprüche des Korans.",glauben,Non-MRW,Non-MRW
3015,3,"Man hätte glauben können: eine Pariserin in ihrem Heim, wären nicht die vergitterten Fenster und die auf kostbaren Seidenstoffen gestickten Inschriften des Islams gewesen, die hier und da die Füllungen der Wandflächen schmückten: der Name Allahs und einige Sprüche des Korans.",können,Non-MRW,Non-MRW
3015,4,"Man hätte glauben können: eine Pariserin in ihrem Heim, wären nicht die vergitterten Fenster und die auf kostbaren Seidenstoffen gestickten Inschriften des Islams gewesen, die hier und da die Füllungen der Wandflächen schmückten: der Name Allahs und einige Sprüche des Korans.",eine,Non-MRW,Non-MRW
3015,5,"Man hätte glauben können: eine Pariserin in ihrem Heim, wären nicht die vergitterten Fenster und die auf kostbaren Seidenstoffen gestickten Inschriften des Islams gewesen, die hier und da die Füllungen der Wandflächen schmückten: der Name Allahs und einige Sprüche des Korans.",Pariserin,MRW,indirect
3015,6,"Man hätte glauben können: eine Pariserin in ihrem Heim, wären nicht die vergitterten Fenster und die auf kostbaren Seidenstoffen gestickten Inschriften des Islams gewesen, die hier und da die Füllungen der Wandflächen schmückten: der Name Allahs und einige Sprüche des Korans.",in,Non-MRW,Non-MRW
3015,7,"Man hätte glauben können: eine Pariserin in ihrem Heim, wären nicht die vergitterten Fenster und die auf kostbaren Seidenstoffen gestickten Inschriften des Islams gewesen, die hier und da die Füllungen der Wandflächen schmückten: der Name Allahs und einige Sprüche des Korans.",ihrem,Non-MRW,Non-MRW
3015,8,"Man hätte glauben können: eine Pariserin in ihrem Heim, wären nicht die vergitterten Fenster und die auf kostbaren Seidenstoffen gestickten Inschriften des Islams gewesen, die hier und da die Füllungen der Wandflächen schmückten: der Name Allahs und einige Sprüche des Korans.",Heim,Non-MRW,Non-MRW
3015,9,"Man hätte glauben können: eine Pariserin in ihrem Heim, wären nicht die vergitterten Fenster und die auf kostbaren Seidenstoffen gestickten Inschriften des Islams gewesen, die hier und da die Füllungen der Wandflächen schmückten: der Name Allahs und einige Sprüche des Korans.",wären,Non-MRW,Non-MRW
3015,10,"Man hätte glauben können: eine Pariserin in ihrem Heim, wären nicht die vergitterten Fenster und die auf kostbaren Seidenstoffen gestickten Inschriften des Islams gewesen, die hier und da die Füllungen der Wandflächen schmückten: der Name Allahs und einige Sprüche des Korans.",nicht,Non-MRW,Non-MRW
3015,11,"Man hätte glauben können: eine Pariserin in ihrem Heim, wären nicht die vergitterten Fenster und die auf kostbaren Seidenstoffen gestickten Inschriften des Islams gewesen, die hier und da die Füllungen der Wandflächen schmückten: der Name Allahs und einige Sprüche des Korans.",die,Non-MRW,Non-MRW
3015,12,"Man hätte glauben können: eine Pariserin in ihrem Heim, wären nicht die vergitterten Fenster und die auf kostbaren Seidenstoffen gestickten Inschriften des Islams gewesen, die hier und da die Füllungen der Wandflächen schmückten: der Name Allahs und einige Sprüche des Korans.",vergitterten,Non-MRW,Non-MRW
3015,13,"Man hätte glauben können: eine Pariserin in ihrem Heim, wären nicht die vergitterten Fenster und die auf kostbaren Seidenstoffen gestickten Inschriften des Islams gewesen, die hier und da die Füllungen der Wandflächen schmückten: der Name Allahs und einige Sprüche des Korans.",Fenster,Non-MRW,Non-MRW
3015,14,"Man hätte glauben können: eine Pariserin in ihrem Heim, wären nicht die vergitterten Fenster und die auf kostbaren Seidenstoffen gestickten Inschriften des Islams gewesen, die hier und da die Füllungen der Wandflächen schmückten: der Name Allahs und einige Sprüche des Korans.",und,Non-MRW,Non-MRW
3015,15,"Man hätte glauben können: eine Pariserin in ihrem Heim, wären nicht die vergitterten Fenster und die auf kostbaren Seidenstoffen gestickten Inschriften des Islams gewesen, die hier und da die Füllungen der Wandflächen schmückten: der Name Allahs und einige Sprüche des Korans.",die,Non-MRW,Non-MRW
3015,16,"Man hätte glauben können: eine Pariserin in ihrem Heim, wären nicht die vergitterten Fenster und die auf kostbaren Seidenstoffen gestickten Inschriften des Islams gewesen, die hier und da die Füllungen der Wandflächen schmückten: der Name Allahs und einige Sprüche des Korans.",auf,Non-MRW,Non-MRW
3015,17,"Man hätte glauben können: eine Pariserin in ihrem Heim, wären nicht die vergitterten Fenster und die auf kostbaren Seidenstoffen gestickten Inschriften des Islams gewesen, die hier und da die Füllungen der Wandflächen schmückten: der Name Allahs und einige Sprüche des Korans.",kostbaren,Non-MRW,Non-MRW
3015,18,"Man hätte glauben können: eine Pariserin in ihrem Heim, wären nicht die vergitterten Fenster und die auf kostbaren Seidenstoffen gestickten Inschriften des Islams gewesen, die hier und da die Füllungen der Wandflächen schmückten: der Name Allahs und einige Sprüche des Korans.",Seidenstoffen,Non-MRW,Non-MRW
3015,19,"Man hätte glauben können: eine Pariserin in ihrem Heim, wären nicht die vergitterten Fenster und die auf kostbaren Seidenstoffen gestickten Inschriften des Islams gewesen, die hier und da die Füllungen der Wandflächen schmückten: der Name Allahs und einige Sprüche des Korans.",gestickten,Non-MRW,Non-MRW
3015,20,"Man hätte glauben können: eine Pariserin in ihrem Heim, wären nicht die vergitterten Fenster und die auf kostbaren Seidenstoffen gestickten Inschriften des Islams gewesen, die hier und da die Füllungen der Wandflächen schmückten: der Name Allahs und einige Sprüche des Korans.",Inschriften,Non-MRW,Non-MRW
3015,21,"Man hätte glauben können: eine Pariserin in ihrem Heim, wären nicht die vergitterten Fenster und die auf kostbaren Seidenstoffen gestickten Inschriften des Islams gewesen, die hier und da die Füllungen der Wandflächen schmückten: der Name Allahs und einige Sprüche des Korans.",des,Non-MRW,Non-MRW
3015,22,"Man hätte glauben können: eine Pariserin in ihrem Heim, wären nicht die vergitterten Fenster und die auf kostbaren Seidenstoffen gestickten Inschriften des Islams gewesen, die hier und da die Füllungen der Wandflächen schmückten: der Name Allahs und einige Sprüche des Korans.",Islams,Non-MRW,Non-MRW
3015,23,"Man hätte glauben können: eine Pariserin in ihrem Heim, wären nicht die vergitterten Fenster und die auf kostbaren Seidenstoffen gestickten Inschriften des Islams gewesen, die hier und da die Füllungen der Wandflächen schmückten: der Name Allahs und einige Sprüche des Korans.",gewesen,Non-MRW,Non-MRW
3015,24,"Man hätte glauben können: eine Pariserin in ihrem Heim, wären nicht die vergitterten Fenster und die auf kostbaren Seidenstoffen gestickten Inschriften des Islams gewesen, die hier und da die Füllungen der Wandflächen schmückten: der Name Allahs und einige Sprüche des Korans.",die,Non-MRW,Non-MRW
3015,25,"Man hätte glauben können: eine Pariserin in ihrem Heim, wären nicht die vergitterten Fenster und die auf kostbaren Seidenstoffen gestickten Inschriften des Islams gewesen, die hier und da die Füllungen der Wandflächen schmückten: der Name Allahs und einige Sprüche des Korans.",hier,MRW,indirect
3015,26,"Man hätte glauben können: eine Pariserin in ihrem Heim, wären nicht die vergitterten Fenster und die auf kostbaren Seidenstoffen gestickten Inschriften des Islams gewesen, die hier und da die Füllungen der Wandflächen schmückten: der Name Allahs und einige Sprüche des Korans.",und,MWE,MWE
3015,27,"Man hätte glauben können: eine Pariserin in ihrem Heim, wären nicht die vergitterten Fenster und die auf kostbaren Seidenstoffen gestickten Inschriften des Islams gewesen, die hier und da die Füllungen der Wandflächen schmückten: der Name Allahs und einige Sprüche des Korans.",da,MWE,MWE
3015,28,"Man hätte glauben können: eine Pariserin in ihrem Heim, wären nicht die vergitterten Fenster und die auf kostbaren Seidenstoffen gestickten Inschriften des Islams gewesen, die hier und da die Füllungen der Wandflächen schmückten: der Name Allahs und einige Sprüche des Korans.",die,Non-MRW,Non-MRW
3015,29,"Man hätte glauben können: eine Pariserin in ihrem Heim, wären nicht die vergitterten Fenster und die auf kostbaren Seidenstoffen gestickten Inschriften des Islams gewesen, die hier und da die Füllungen der Wandflächen schmückten: der Name Allahs und einige Sprüche des Korans.",Füllungen,Non-MRW,Non-MRW
3015,30,"Man hätte glauben können: eine Pariserin in ihrem Heim, wären nicht die vergitterten Fenster und die auf kostbaren Seidenstoffen gestickten Inschriften des Islams gewesen, die hier und da die Füllungen der Wandflächen schmückten: der Name Allahs und einige Sprüche des Korans.",der,Non-MRW,Non-MRW
3015,31,"Man hätte glauben können: eine Pariserin in ihrem Heim, wären nicht die vergitterten Fenster und die auf kostbaren Seidenstoffen gestickten Inschriften des Islams gewesen, die hier und da die Füllungen der Wandflächen schmückten: der Name Allahs und einige Sprüche des Korans.",Wandflächen,Non-MRW,Non-MRW
3015,32,"Man hätte glauben können: eine Pariserin in ihrem Heim, wären nicht die vergitterten Fenster und die auf kostbaren Seidenstoffen gestickten Inschriften des Islams gewesen, die hier und da die Füllungen der Wandflächen schmückten: der Name Allahs und einige Sprüche des Korans.",schmückten,Non-MRW,Non-MRW
3015,33,"Man hätte glauben können: eine Pariserin in ihrem Heim, wären nicht die vergitterten Fenster und die auf kostbaren Seidenstoffen gestickten Inschriften des Islams gewesen, die hier und da die Füllungen der Wandflächen schmückten: der Name Allahs und einige Sprüche des Korans.",der,Non-MRW,Non-MRW
3015,34,"Man hätte glauben können: eine Pariserin in ihrem Heim, wären nicht die vergitterten Fenster und die auf kostbaren Seidenstoffen gestickten Inschriften des Islams gewesen, die hier und da die Füllungen der Wandflächen schmückten: der Name Allahs und einige Sprüche des Korans.",Name,Non-MRW,Non-MRW
3015,35,"Man hätte glauben können: eine Pariserin in ihrem Heim, wären nicht die vergitterten Fenster und die auf kostbaren Seidenstoffen gestickten Inschriften des Islams gewesen, die hier und da die Füllungen der Wandflächen schmückten: der Name Allahs und einige Sprüche des Korans.",Allahs,Non-MRW,Non-MRW
3015,36,"Man hätte glauben können: eine Pariserin in ihrem Heim, wären nicht die vergitterten Fenster und die auf kostbaren Seidenstoffen gestickten Inschriften des Islams gewesen, die hier und da die Füllungen der Wandflächen schmückten: der Name Allahs und einige Sprüche des Korans.",und,Non-MRW,Non-MRW
3015,37,"Man hätte glauben können: eine Pariserin in ihrem Heim, wären nicht die vergitterten Fenster und die auf kostbaren Seidenstoffen gestickten Inschriften des Islams gewesen, die hier und da die Füllungen der Wandflächen schmückten: der Name Allahs und einige Sprüche des Korans.",einige,Non-MRW,Non-MRW
3015,38,"Man hätte glauben können: eine Pariserin in ihrem Heim, wären nicht die vergitterten Fenster und die auf kostbaren Seidenstoffen gestickten Inschriften des Islams gewesen, die hier und da die Füllungen der Wandflächen schmückten: der Name Allahs und einige Sprüche des Korans.",Sprüche,Non-MRW,Non-MRW
3015,39,"Man hätte glauben können: eine Pariserin in ihrem Heim, wären nicht die vergitterten Fenster und die auf kostbaren Seidenstoffen gestickten Inschriften des Islams gewesen, die hier und da die Füllungen der Wandflächen schmückten: der Name Allahs und einige Sprüche des Korans.",des,Non-MRW,Non-MRW
3015,40,"Man hätte glauben können: eine Pariserin in ihrem Heim, wären nicht die vergitterten Fenster und die auf kostbaren Seidenstoffen gestickten Inschriften des Islams gewesen, die hier und da die Füllungen der Wandflächen schmückten: der Name Allahs und einige Sprüche des Korans.",Korans,Non-MRW,Non-MRW
3015,0,"Es roch nach Ölfarbe, Mauerstaub lag auf dem Geländer, die Treppen hatten keine Läufer, und in den feuchten, ungemütlichen Dunst des Baumeisterfabrikats grinsten aus den Flurfenstern bunte, pausbäckige Engel, die in jeder Etage Pauke und Triangel schlugen.",Es,Non-MRW,Non-MRW
3015,1,"Es roch nach Ölfarbe, Mauerstaub lag auf dem Geländer, die Treppen hatten keine Läufer, und in den feuchten, ungemütlichen Dunst des Baumeisterfabrikats grinsten aus den Flurfenstern bunte, pausbäckige Engel, die in jeder Etage Pauke und Triangel schlugen.",roch,Non-MRW,Non-MRW
3076,2,"Es roch nach Ölfarbe, Mauerstaub lag auf dem Geländer, die Treppen hatten keine Läufer, und in den feuchten, ungemütlichen Dunst des Baumeisterfabrikats grinsten aus den Flurfenstern bunte, pausbäckige Engel, die in jeder Etage Pauke und Triangel schlugen.",nach,MRW,indirect
3076,3,"Es roch nach Ölfarbe, Mauerstaub lag auf dem Geländer, die Treppen hatten keine Läufer, und in den feuchten, ungemütlichen Dunst des Baumeisterfabrikats grinsten aus den Flurfenstern bunte, pausbäckige Engel, die in jeder Etage Pauke und Triangel schlugen.",Ölfarbe,Non-MRW,Non-MRW
3076,4,"Es roch nach Ölfarbe, Mauerstaub lag auf dem Geländer, die Treppen hatten keine Läufer, und in den feuchten, ungemütlichen Dunst des Baumeisterfabrikats grinsten aus den Flurfenstern bunte, pausbäckige Engel, die in jeder Etage Pauke und Triangel schlugen.",Mauerstaub,Non-MRW,Non-MRW
3076,5,"Es roch nach Ölfarbe, Mauerstaub lag auf dem Geländer, die Treppen hatten keine Läufer, und in den feuchten, ungemütlichen Dunst des Baumeisterfabrikats grinsten aus den Flurfenstern bunte, pausbäckige Engel, die in jeder Etage Pauke und Triangel schlugen.",lag,MRW,indirect
3076,6,"Es roch nach Ölfarbe, Mauerstaub lag auf dem Geländer, die Treppen hatten keine Läufer, und in den feuchten, ungemütlichen Dunst des Baumeisterfabrikats grinsten aus den Flurfenstern bunte, pausbäckige Engel, die in jeder Etage Pauke und Triangel schlugen.",auf,Non-MRW,Non-MRW
3076,7,"Es roch nach Ölfarbe, Mauerstaub lag auf dem Geländer, die Treppen hatten keine Läufer, und in den feuchten, ungemütlichen Dunst des Baumeisterfabrikats grinsten aus den Flurfenstern bunte, pausbäckige Engel, die in jeder Etage Pauke und Triangel schlugen.",dem,Non-MRW,Non-MRW
3076,8,"Es roch nach Ölfarbe, Mauerstaub lag auf dem Geländer, die Treppen hatten keine Läufer, und in den feuchten, ungemütlichen Dunst des Baumeisterfabrikats grinsten aus den Flurfenstern bunte, pausbäckige Engel, die in jeder Etage Pauke und Triangel schlugen.",Geländer,Non-MRW,Non-MRW
3076,9,"Es roch nach Ölfarbe, Mauerstaub lag auf dem Geländer, die Treppen hatten keine Läufer, und in den feuchten, ungemütlichen Dunst des Baumeisterfabrikats grinsten aus den Flurfenstern bunte, pausbäckige Engel, die in jeder Etage Pauke und Triangel schlugen.",die,Non-MRW,Non-MRW
3076,10,"Es roch nach Ölfarbe, Mauerstaub lag auf dem Geländer, die Treppen hatten keine Läufer, und in den feuchten, ungemütlichen Dunst des Baumeisterfabrikats grinsten aus den Flurfenstern bunte, pausbäckige Engel, die in jeder Etage Pauke und Triangel schlugen.",Treppen,Non-MRW,Non-MRW
3076,11,"Es roch nach Ölfarbe, Mauerstaub lag auf dem Geländer, die Treppen hatten keine Läufer, und in den feuchten, ungemütlichen Dunst des Baumeisterfabrikats grinsten aus den Flurfenstern bunte, pausbäckige Engel, die in jeder Etage Pauke und Triangel schlugen.",hatten,Non-MRW,Non-MRW
3076,12,"Es roch nach Ölfarbe, Mauerstaub lag auf dem Geländer, die Treppen hatten keine Läufer, und in den feuchten, ungemütlichen Dunst des Baumeisterfabrikats grinsten aus den Flurfenstern bunte, pausbäckige Engel, die in jeder Etage Pauke und Triangel schlugen.",keine,Non-MRW,Non-MRW
3076,13,"Es roch nach Ölfarbe, Mauerstaub lag auf dem Geländer, die Treppen hatten keine Läufer, und in den feuchten, ungemütlichen Dunst des Baumeisterfabrikats grinsten aus den Flurfenstern bunte, pausbäckige Engel, die in jeder Etage Pauke und Triangel schlugen.",Läufer,Non-MRW,Non-MRW
3076,14,"Es roch nach Ölfarbe, Mauerstaub lag auf dem Geländer, die Treppen hatten keine Läufer, und in den feuchten, ungemütlichen Dunst des Baumeisterfabrikats grinsten aus den Flurfenstern bunte, pausbäckige Engel, die in jeder Etage Pauke und Triangel schlugen.",und,Non-MRW,Non-MRW
3076,15,"Es roch nach Ölfarbe, Mauerstaub lag auf dem Geländer, die Treppen hatten keine Läufer, und in den feuchten, ungemütlichen Dunst des Baumeisterfabrikats grinsten aus den Flurfenstern bunte, pausbäckige Engel, die in jeder Etage Pauke und Triangel schlugen.",in,Non-MRW,Non-MRW
3076,16,"Es roch nach Ölfarbe, Mauerstaub lag auf dem Geländer, die Treppen hatten keine Läufer, und in den feuchten, ungemütlichen Dunst des Baumeisterfabrikats grinsten aus den Flurfenstern bunte, pausbäckige Engel, die in jeder Etage Pauke und Triangel schlugen.",den,Non-MRW,Non-MRW
3076,17,"Es roch nach Ölfarbe, Mauerstaub lag auf dem Geländer, die Treppen hatten keine Läufer, und in den feuchten, ungemütlichen Dunst des Baumeisterfabrikats grinsten aus den Flurfenstern bunte, pausbäckige Engel, die in jeder Etage Pauke und Triangel schlugen.",feuchten,Non-MRW,Non-MRW
3076,18,"Es roch nach Ölfarbe, Mauerstaub lag auf dem Geländer, die Treppen hatten keine Läufer, und in den feuchten, ungemütlichen Dunst des Baumeisterfabrikats grinsten aus den Flurfenstern bunte, pausbäckige Engel, die in jeder Etage Pauke und Triangel schlugen.",ungemütlichen,WIDLII,WIDLII
3076,19,"Es roch nach Ölfarbe, Mauerstaub lag auf dem Geländer, die Treppen hatten keine Läufer, und in den feuchten, ungemütlichen Dunst des Baumeisterfabrikats grinsten aus den Flurfenstern bunte, pausbäckige Engel, die in jeder Etage Pauke und Triangel schlugen.",Dunst,Non-MRW,Non-MRW
3076,20,"Es roch nach Ölfarbe, Mauerstaub lag auf dem Geländer, die Treppen hatten keine Läufer, und in den feuchten, ungemütlichen Dunst des Baumeisterfabrikats grinsten aus den Flurfenstern bunte, pausbäckige Engel, die in jeder Etage Pauke und Triangel schlugen.",des,Non-MRW,Non-MRW
3076,21,"Es roch nach Ölfarbe, Mauerstaub lag auf dem Geländer, die Treppen hatten keine Läufer, und in den feuchten, ungemütlichen Dunst des Baumeisterfabrikats grinsten aus den Flurfenstern bunte, pausbäckige Engel, die in jeder Etage Pauke und Triangel schlugen.",Baumeisterfabrikats,Non-MRW,Non-MRW
3076,22,"Es roch nach Ölfarbe, Mauerstaub lag auf dem Geländer, die Treppen hatten keine Läufer, und in den feuchten, ungemütlichen Dunst des Baumeisterfabrikats grinsten aus den Flurfenstern bunte, pausbäckige Engel, die in jeder Etage Pauke und Triangel schlugen.",grinsten,Non-MRW,Non-MRW
3076,23,"Es roch nach Ölfarbe, Mauerstaub lag auf dem Geländer, die Treppen hatten keine Läufer, und in den feuchten, ungemütlichen Dunst des Baumeisterfabrikats grinsten aus den Flurfenstern bunte, pausbäckige Engel, die in jeder Etage Pauke und Triangel schlugen.",aus,Non-MRW,Non-MRW
3076,24,"Es roch nach Ölfarbe, Mauerstaub lag auf dem Geländer, die Treppen hatten keine Läufer, und in den feuchten, ungemütlichen Dunst des Baumeisterfabrikats grinsten aus den Flurfenstern bunte, pausbäckige Engel, die in jeder Etage Pauke und Triangel schlugen.",den,Non-MRW,Non-MRW
3076,25,"Es roch nach Ölfarbe, Mauerstaub lag auf dem Geländer, die Treppen hatten keine Läufer, und in den feuchten, ungemütlichen Dunst des Baumeisterfabrikats grinsten aus den Flurfenstern bunte, pausbäckige Engel, die in jeder Etage Pauke und Triangel schlugen.",Flurfenstern,Non-MRW,Non-MRW
3076,26,"Es roch nach Ölfarbe, Mauerstaub lag auf dem Geländer, die Treppen hatten keine Läufer, und in den feuchten, ungemütlichen Dunst des Baumeisterfabrikats grinsten aus den Flurfenstern bunte, pausbäckige Engel, die in jeder Etage Pauke und Triangel schlugen.",bunte,Non-MRW,Non-MRW
3076,27,"Es roch nach Ölfarbe, Mauerstaub lag auf dem Geländer, die Treppen hatten keine Läufer, und in den feuchten, ungemütlichen Dunst des Baumeisterfabrikats grinsten aus den Flurfenstern bunte, pausbäckige Engel, die in jeder Etage Pauke und Triangel schlugen.",pausbäckige,Non-MRW,Non-MRW
3076,28,"Es roch nach Ölfarbe, Mauerstaub lag auf dem Geländer, die Treppen hatten keine Läufer, und in den feuchten, ungemütlichen Dunst des Baumeisterfabrikats grinsten aus den Flurfenstern bunte, pausbäckige Engel, die in jeder Etage Pauke und Triangel schlugen.",Engel,WIDLII,WIDLII
3076,29,"Es roch nach Ölfarbe, Mauerstaub lag auf dem Geländer, die Treppen hatten keine Läufer, und in den feuchten, ungemütlichen Dunst des Baumeisterfabrikats grinsten aus den Flurfenstern bunte, pausbäckige Engel, die in jeder Etage Pauke und Triangel schlugen.",die,Non-MRW,Non-MRW
3076,30,"Es roch nach Ölfarbe, Mauerstaub lag auf dem Geländer, die Treppen hatten keine Läufer, und in den feuchten, ungemütlichen Dunst des Baumeisterfabrikats grinsten aus den Flurfenstern bunte, pausbäckige Engel, die in jeder Etage Pauke und Triangel schlugen.",in,Non-MRW,Non-MRW
3076,31,"Es roch nach Ölfarbe, Mauerstaub lag auf dem Geländer, die Treppen hatten keine Läufer, und in den feuchten, ungemütlichen Dunst des Baumeisterfabrikats grinsten aus den Flurfenstern bunte, pausbäckige Engel, die in jeder Etage Pauke und Triangel schlugen.",jeder,Non-MRW,Non-MRW
3076,32,"Es roch nach Ölfarbe, Mauerstaub lag auf dem Geländer, die Treppen hatten keine Läufer, und in den feuchten, ungemütlichen Dunst des Baumeisterfabrikats grinsten aus den Flurfenstern bunte, pausbäckige Engel, die in jeder Etage Pauke und Triangel schlugen.",Etage,Non-MRW,Non-MRW
3076,33,"Es roch nach Ölfarbe, Mauerstaub lag auf dem Geländer, die Treppen hatten keine Läufer, und in den feuchten, ungemütlichen Dunst des Baumeisterfabrikats grinsten aus den Flurfenstern bunte, pausbäckige Engel, die in jeder Etage Pauke und Triangel schlugen.",Pauke,WIDLII,WIDLII
3076,34,"Es roch nach Ölfarbe, Mauerstaub lag auf dem Geländer, die Treppen hatten keine Läufer, und in den feuchten, ungemütlichen Dunst des Baumeisterfabrikats grinsten aus den Flurfenstern bunte, pausbäckige Engel, die in jeder Etage Pauke und Triangel schlugen.",und,Non-MRW,Non-MRW
3076,35,"Es roch nach Ölfarbe, Mauerstaub lag auf dem Geländer, die Treppen hatten keine Läufer, und in den feuchten, ungemütlichen Dunst des Baumeisterfabrikats grinsten aus den Flurfenstern bunte, pausbäckige Engel, die in jeder Etage Pauke und Triangel schlugen.",Triangel,WIDLII,WIDLII
3076,36,"Es roch nach Ölfarbe, Mauerstaub lag auf dem Geländer, die Treppen hatten keine Läufer, und in den feuchten, ungemütlichen Dunst des Baumeisterfabrikats grinsten aus den Flurfenstern bunte, pausbäckige Engel, die in jeder Etage Pauke und Triangel schlugen.",schlugen,WIDLII,WIDLII
3076,0,"Ein flacher Stein, der sich in der Mitte der Hütte befand, diente als Tisch und auf diesem befand sich ein kleines Stoffbündel – dasselbe, ohne Zweifel, das ich durch das Teleskop auf der Schulter des Jungen gesehen hatte.",Ein,Non-MRW,Non-MRW
3076,1,"Ein flacher Stein, der sich in der Mitte der Hütte befand, diente als Tisch und auf diesem befand sich ein kleines Stoffbündel – dasselbe, ohne Zweifel, das ich durch das Teleskop auf der Schulter des Jungen gesehen hatte.",flacher,Non-MRW,Non-MRW
3158,2,"Ein flacher Stein, der sich in der Mitte der Hütte befand, diente als Tisch und auf diesem befand sich ein kleines Stoffbündel – dasselbe, ohne Zweifel, das ich durch das Teleskop auf der Schulter des Jungen gesehen hatte.",Stein,Non-MRW,Non-MRW
3158,3,"Ein flacher Stein, der sich in der Mitte der Hütte befand, diente als Tisch und auf diesem befand sich ein kleines Stoffbündel – dasselbe, ohne Zweifel, das ich durch das Teleskop auf der Schulter des Jungen gesehen hatte.",der,Non-MRW,Non-MRW
3158,4,"Ein flacher Stein, der sich in der Mitte der Hütte befand, diente als Tisch und auf diesem befand sich ein kleines Stoffbündel – dasselbe, ohne Zweifel, das ich durch das Teleskop auf der Schulter des Jungen gesehen hatte.",sich,MWE,MWE
3158,5,"Ein flacher Stein, der sich in der Mitte der Hütte befand, diente als Tisch und auf diesem befand sich ein kleines Stoffbündel – dasselbe, ohne Zweifel, das ich durch das Teleskop auf der Schulter des Jungen gesehen hatte.",in,Non-MRW,Non-MRW
3158,6,"Ein flacher Stein, der sich in der Mitte der Hütte befand, diente als Tisch und auf diesem befand sich ein kleines Stoffbündel – dasselbe, ohne Zweifel, das ich durch das Teleskop auf der Schulter des Jungen gesehen hatte.",der,Non-MRW,Non-MRW
3158,7,"Ein flacher Stein, der sich in der Mitte der Hütte befand, diente als Tisch und auf diesem befand sich ein kleines Stoffbündel – dasselbe, ohne Zweifel, das ich durch das Teleskop auf der Schulter des Jungen gesehen hatte.",Mitte,Non-MRW,Non-MRW
3158,8,"Ein flacher Stein, der sich in der Mitte der Hütte befand, diente als Tisch und auf diesem befand sich ein kleines Stoffbündel – dasselbe, ohne Zweifel, das ich durch das Teleskop auf der Schulter des Jungen gesehen hatte.",der,Non-MRW,Non-MRW
3158,9,"Ein flacher Stein, der sich in der Mitte der Hütte befand, diente als Tisch und auf diesem befand sich ein kleines Stoffbündel – dasselbe, ohne Zweifel, das ich durch das Teleskop auf der Schulter des Jungen gesehen hatte.",Hütte,Non-MRW,Non-MRW
3158,10,"Ein flacher Stein, der sich in der Mitte der Hütte befand, diente als Tisch und auf diesem befand sich ein kleines Stoffbündel – dasselbe, ohne Zweifel, das ich durch das Teleskop auf der Schulter des Jungen gesehen hatte.",befand,Non-MRW,Non-MRW
3158,11,"Ein flacher Stein, der sich in der Mitte der Hütte befand, diente als Tisch und auf diesem befand sich ein kleines Stoffbündel – dasselbe, ohne Zweifel, das ich durch das Teleskop auf der Schulter des Jungen gesehen hatte.",diente,MRW,indirect
3158,12,"Ein flacher Stein, der sich in der Mitte der Hütte befand, diente als Tisch und auf diesem befand sich ein kleines Stoffbündel – dasselbe, ohne Zweifel, das ich durch das Teleskop auf der Schulter des Jungen gesehen hatte.",als,Non-MRW,Non-MRW
3158,13,"Ein flacher Stein, der sich in der Mitte der Hütte befand, diente als Tisch und auf diesem befand sich ein kleines Stoffbündel – dasselbe, ohne Zweifel, das ich durch das Teleskop auf der Schulter des Jungen gesehen hatte.",Tisch,Non-MRW,Non-MRW
3158,14,"Ein flacher Stein, der sich in der Mitte der Hütte befand, diente als Tisch und auf diesem befand sich ein kleines Stoffbündel – dasselbe, ohne Zweifel, das ich durch das Teleskop auf der Schulter des Jungen gesehen hatte.",und,Non-MRW,Non-MRW
3158,15,"Ein flacher Stein, der sich in der Mitte der Hütte befand, diente als Tisch und auf diesem befand sich ein kleines Stoffbündel – dasselbe, ohne Zweifel, das ich durch das Teleskop auf der Schulter des Jungen gesehen hatte.",auf,Non-MRW,Non-MRW
3158,16,"Ein flacher Stein, der sich in der Mitte der Hütte befand, diente als Tisch und auf diesem befand sich ein kleines Stoffbündel – dasselbe, ohne Zweifel, das ich durch das Teleskop auf der Schulter des Jungen gesehen hatte.",diesem,Non-MRW,Non-MRW
3158,17,"Ein flacher Stein, der sich in der Mitte der Hütte befand, diente als Tisch und auf diesem befand sich ein kleines Stoffbündel – dasselbe, ohne Zweifel, das ich durch das Teleskop auf der Schulter des Jungen gesehen hatte.",befand,Non-MRW,Non-MRW
3158,18,"Ein flacher Stein, der sich in der Mitte der Hütte befand, diente als Tisch und auf diesem befand sich ein kleines Stoffbündel – dasselbe, ohne Zweifel, das ich durch das Teleskop auf der Schulter des Jungen gesehen hatte.",sich,MWE,MWE
3158,19,"Ein flacher Stein, der sich in der Mitte der Hütte befand, diente als Tisch und auf diesem befand sich ein kleines Stoffbündel – dasselbe, ohne Zweifel, das ich durch das Teleskop auf der Schulter des Jungen gesehen hatte.",ein,Non-MRW,Non-MRW
3158,20,"Ein flacher Stein, der sich in der Mitte der Hütte befand, diente als Tisch und auf diesem befand sich ein kleines Stoffbündel – dasselbe, ohne Zweifel, das ich durch das Teleskop auf der Schulter des Jungen gesehen hatte.",kleines,Non-MRW,Non-MRW
3158,21,"Ein flacher Stein, der sich in der Mitte der Hütte befand, diente als Tisch und auf diesem befand sich ein kleines Stoffbündel – dasselbe, ohne Zweifel, das ich durch das Teleskop auf der Schulter des Jungen gesehen hatte.",Stoffbündel,Non-MRW,Non-MRW
3158,23,"Ein flacher Stein, der sich in der Mitte der Hütte befand, diente als Tisch und auf diesem befand sich ein kleines Stoffbündel – dasselbe, ohne Zweifel, das ich durch das Teleskop auf der Schulter des Jungen gesehen hatte.",dasselbe,Non-MRW,Non-MRW
3158,24,"Ein flacher Stein, der sich in der Mitte der Hütte befand, diente als Tisch und auf diesem befand sich ein kleines Stoffbündel – dasselbe, ohne Zweifel, das ich durch das Teleskop auf der Schulter des Jungen gesehen hatte.",ohne,Non-MRW,Non-MRW
3158,25,"Ein flacher Stein, der sich in der Mitte der Hütte befand, diente als Tisch und auf diesem befand sich ein kleines Stoffbündel – dasselbe, ohne Zweifel, das ich durch das Teleskop auf der Schulter des Jungen gesehen hatte.",Zweifel,Non-MRW,Non-MRW
3158,26,"Ein flacher Stein, der sich in der Mitte der Hütte befand, diente als Tisch und auf diesem befand sich ein kleines Stoffbündel – dasselbe, ohne Zweifel, das ich durch das Teleskop auf der Schulter des Jungen gesehen hatte.",das,Non-MRW,Non-MRW
3158,27,"Ein flacher Stein, der sich in der Mitte der Hütte befand, diente als Tisch und auf diesem befand sich ein kleines Stoffbündel – dasselbe, ohne Zweifel, das ich durch das Teleskop auf der Schulter des Jungen gesehen hatte.",ich,Non-MRW,Non-MRW
3158,28,"Ein flacher Stein, der sich in der Mitte der Hütte befand, diente als Tisch und auf diesem befand sich ein kleines Stoffbündel – dasselbe, ohne Zweifel, das ich durch das Teleskop auf der Schulter des Jungen gesehen hatte.",durch,Non-MRW,Non-MRW
3158,29,"Ein flacher Stein, der sich in der Mitte der Hütte befand, diente als Tisch und auf diesem befand sich ein kleines Stoffbündel – dasselbe, ohne Zweifel, das ich durch das Teleskop auf der Schulter des Jungen gesehen hatte.",das,Non-MRW,Non-MRW
3158,30,"Ein flacher Stein, der sich in der Mitte der Hütte befand, diente als Tisch und auf diesem befand sich ein kleines Stoffbündel – dasselbe, ohne Zweifel, das ich durch das Teleskop auf der Schulter des Jungen gesehen hatte.",Teleskop,Non-MRW,Non-MRW
3158,31,"Ein flacher Stein, der sich in der Mitte der Hütte befand, diente als Tisch und auf diesem befand sich ein kleines Stoffbündel – dasselbe, ohne Zweifel, das ich durch das Teleskop auf der Schulter des Jungen gesehen hatte.",auf,Non-MRW,Non-MRW
3158,32,"Ein flacher Stein, der sich in der Mitte der Hütte befand, diente als Tisch und auf diesem befand sich ein kleines Stoffbündel – dasselbe, ohne Zweifel, das ich durch das Teleskop auf der Schulter des Jungen gesehen hatte.",der,Non-MRW,Non-MRW
3158,33,"Ein flacher Stein, der sich in der Mitte der Hütte befand, diente als Tisch und auf diesem befand sich ein kleines Stoffbündel – dasselbe, ohne Zweifel, das ich durch das Teleskop auf der Schulter des Jungen gesehen hatte.",Schulter,Non-MRW,Non-MRW
3158,34,"Ein flacher Stein, der sich in der Mitte der Hütte befand, diente als Tisch und auf diesem befand sich ein kleines Stoffbündel – dasselbe, ohne Zweifel, das ich durch das Teleskop auf der Schulter des Jungen gesehen hatte.",des,Non-MRW,Non-MRW
3158,35,"Ein flacher Stein, der sich in der Mitte der Hütte befand, diente als Tisch und auf diesem befand sich ein kleines Stoffbündel – dasselbe, ohne Zweifel, das ich durch das Teleskop auf der Schulter des Jungen gesehen hatte.",Jungen,Non-MRW,Non-MRW
3158,36,"Ein flacher Stein, der sich in der Mitte der Hütte befand, diente als Tisch und auf diesem befand sich ein kleines Stoffbündel – dasselbe, ohne Zweifel, das ich durch das Teleskop auf der Schulter des Jungen gesehen hatte.",gesehen,Non-MRW,Non-MRW
3158,37,"Ein flacher Stein, der sich in der Mitte der Hütte befand, diente als Tisch und auf diesem befand sich ein kleines Stoffbündel – dasselbe, ohne Zweifel, das ich durch das Teleskop auf der Schulter des Jungen gesehen hatte.",hatte,Non-MRW,Non-MRW
3158,0,Vom Weg zum Weinberg kam ein guter stiller Schein aus der alten Laterne an der Ecke her.,Vom,Non-MRW,Non-MRW
3158,1,Vom Weg zum Weinberg kam ein guter stiller Schein aus der alten Laterne an der Ecke her.,Weg,Non-MRW,Non-MRW
3264,2,Vom Weg zum Weinberg kam ein guter stiller Schein aus der alten Laterne an der Ecke her.,zum,Non-MRW,Non-MRW
3264,3,Vom Weg zum Weinberg kam ein guter stiller Schein aus der alten Laterne an der Ecke her.,Weinberg,Non-MRW,Non-MRW
3264,4,Vom Weg zum Weinberg kam ein guter stiller Schein aus der alten Laterne an der Ecke her.,kam,Non-MRW,Non-MRW
3264,5,Vom Weg zum Weinberg kam ein guter stiller Schein aus der alten Laterne an der Ecke her.,ein,Non-MRW,Non-MRW
3264,6,Vom Weg zum Weinberg kam ein guter stiller Schein aus der alten Laterne an der Ecke her.,guter,MRW,indirect
3264,7,Vom Weg zum Weinberg kam ein guter stiller Schein aus der alten Laterne an der Ecke her.,stiller,MRW,indirect
3264,8,Vom Weg zum Weinberg kam ein guter stiller Schein aus der alten Laterne an der Ecke her.,Schein,Non-MRW,Non-MRW
3264,9,Vom Weg zum Weinberg kam ein guter stiller Schein aus der alten Laterne an der Ecke her.,aus,Non-MRW,Non-MRW
3264,10,Vom Weg zum Weinberg kam ein guter stiller Schein aus der alten Laterne an der Ecke her.,der,Non-MRW,Non-MRW
3264,11,Vom Weg zum Weinberg kam ein guter stiller Schein aus der alten Laterne an der Ecke her.,alten,Non-MRW,Non-MRW
3264,12,Vom Weg zum Weinberg kam ein guter stiller Schein aus der alten Laterne an der Ecke her.,Laterne,Non-MRW,Non-MRW
3264,13,Vom Weg zum Weinberg kam ein guter stiller Schein aus der alten Laterne an der Ecke her.,an,Non-MRW,Non-MRW
3264,14,Vom Weg zum Weinberg kam ein guter stiller Schein aus der alten Laterne an der Ecke her.,der,Non-MRW,Non-MRW
3264,15,Vom Weg zum Weinberg kam ein guter stiller Schein aus der alten Laterne an der Ecke her.,Ecke,Non-MRW,Non-MRW
3264,16,Vom Weg zum Weinberg kam ein guter stiller Schein aus der alten Laterne an der Ecke her.,her,Non-MRW,Non-MRW
3264,0,"Ihr kennt mein Zimmer, ich habe schlechtere Möbel als ihr.",Ihr,Non-MRW,Non-MRW
3264,1,"Ihr kennt mein Zimmer, ich habe schlechtere Möbel als ihr.",kennt,Non-MRW,Non-MRW
3295,2,"Ihr kennt mein Zimmer, ich habe schlechtere Möbel als ihr.",mein,Non-MRW,Non-MRW
3295,3,"Ihr kennt mein Zimmer, ich habe schlechtere Möbel als ihr.",Zimmer,Non-MRW,Non-MRW
3295,4,"Ihr kennt mein Zimmer, ich habe schlechtere Möbel als ihr.",ich,Non-MRW,Non-MRW
3295,5,"Ihr kennt mein Zimmer, ich habe schlechtere Möbel als ihr.",habe,Non-MRW,Non-MRW
3295,6,"Ihr kennt mein Zimmer, ich habe schlechtere Möbel als ihr.",schlechtere,Non-MRW,Non-MRW
3295,7,"Ihr kennt mein Zimmer, ich habe schlechtere Möbel als ihr.",Möbel,Non-MRW,Non-MRW
3295,8,"Ihr kennt mein Zimmer, ich habe schlechtere Möbel als ihr.",als,Non-MRW,Non-MRW
3295,9,"Ihr kennt mein Zimmer, ich habe schlechtere Möbel als ihr.",ihr,Non-MRW,Non-MRW
3295,0,"Dahingestreckt am Waldessaum in’s Leichenbett aus moosigem Flaum, gemordet liegt der urälteste Baum.",Dahingestreckt,MRW,indirect
3295,1,"Dahingestreckt am Waldessaum in’s Leichenbett aus moosigem Flaum, gemordet liegt der urälteste Baum.",am,Non-MRW,Non-MRW
3318,2,"Dahingestreckt am Waldessaum in’s Leichenbett aus moosigem Flaum, gemordet liegt der urälteste Baum.",Waldessaum,Non-MRW,Non-MRW
3318,3,"Dahingestreckt am Waldessaum in’s Leichenbett aus moosigem Flaum, gemordet liegt der urälteste Baum.",ins,Non-MRW,Non-MRW
3318,4,"Dahingestreckt am Waldessaum in’s Leichenbett aus moosigem Flaum, gemordet liegt der urälteste Baum.",Leichenbett,MRW,indirect
3318,5,"Dahingestreckt am Waldessaum in’s Leichenbett aus moosigem Flaum, gemordet liegt der urälteste Baum.",aus,Non-MRW,Non-MRW
3318,6,"Dahingestreckt am Waldessaum in’s Leichenbett aus moosigem Flaum, gemordet liegt der urälteste Baum.",moosigem,Non-MRW,Non-MRW
3318,7,"Dahingestreckt am Waldessaum in’s Leichenbett aus moosigem Flaum, gemordet liegt der urälteste Baum.",Flaum,MRW,indirect
3318,8,"Dahingestreckt am Waldessaum in’s Leichenbett aus moosigem Flaum, gemordet liegt der urälteste Baum.",gemordet,MRW,indirect
3318,9,"Dahingestreckt am Waldessaum in’s Leichenbett aus moosigem Flaum, gemordet liegt der urälteste Baum.",liegt,Non-MRW,Non-MRW
3318,10,"Dahingestreckt am Waldessaum in’s Leichenbett aus moosigem Flaum, gemordet liegt der urälteste Baum.",der,Non-MRW,Non-MRW
3318,11,"Dahingestreckt am Waldessaum in’s Leichenbett aus moosigem Flaum, gemordet liegt der urälteste Baum.",urälteste,Non-MRW,Non-MRW
3318,12,"Dahingestreckt am Waldessaum in’s Leichenbett aus moosigem Flaum, gemordet liegt der urälteste Baum.",Baum,Non-MRW,Non-MRW
3318,0,Bloß aus den Fenstern der kleinen efeubewachsenen Dorfkirche schimmerte Licht.,Bloß,Non-MRW,Non-MRW
3318,1,Bloß aus den Fenstern der kleinen efeubewachsenen Dorfkirche schimmerte Licht.,aus,Non-MRW,Non-MRW
3343,2,Bloß aus den Fenstern der kleinen efeubewachsenen Dorfkirche schimmerte Licht.,den,Non-MRW,Non-MRW
3343,3,Bloß aus den Fenstern der kleinen efeubewachsenen Dorfkirche schimmerte Licht.,Fenstern,Non-MRW,Non-MRW
3343,4,Bloß aus den Fenstern der kleinen efeubewachsenen Dorfkirche schimmerte Licht.,der,Non-MRW,Non-MRW
3343,5,Bloß aus den Fenstern der kleinen efeubewachsenen Dorfkirche schimmerte Licht.,kleinen,Non-MRW,Non-MRW
3343,6,Bloß aus den Fenstern der kleinen efeubewachsenen Dorfkirche schimmerte Licht.,efeubewachsenen,Non-MRW,Non-MRW
3343,7,Bloß aus den Fenstern der kleinen efeubewachsenen Dorfkirche schimmerte Licht.,Dorfkirche,Non-MRW,Non-MRW
3343,8,Bloß aus den Fenstern der kleinen efeubewachsenen Dorfkirche schimmerte Licht.,schimmerte,Non-MRW,Non-MRW
3343,9,Bloß aus den Fenstern der kleinen efeubewachsenen Dorfkirche schimmerte Licht.,Licht,Non-MRW,Non-MRW
3343,0,Die Schenke zur Fortuna lag einige hundert Schritte vor der Stadt und zu dieser Stunde der Siesta war wenig Leben in ihr.,Die,Non-MRW,Non-MRW
3343,1,Die Schenke zur Fortuna lag einige hundert Schritte vor der Stadt und zu dieser Stunde der Siesta war wenig Leben in ihr.,Schenke,Non-MRW,Non-MRW
3350,2,Die Schenke zur Fortuna lag einige hundert Schritte vor der Stadt und zu dieser Stunde der Siesta war wenig Leben in ihr.,zur,MWE,MWE
3350,3,Die Schenke zur Fortuna lag einige hundert Schritte vor der Stadt und zu dieser Stunde der Siesta war wenig Leben in ihr.,Fortuna,MWE,MWE
3350,4,Die Schenke zur Fortuna lag einige hundert Schritte vor der Stadt und zu dieser Stunde der Siesta war wenig Leben in ihr.,lag,MRW,indirect
3350,5,Die Schenke zur Fortuna lag einige hundert Schritte vor der Stadt und zu dieser Stunde der Siesta war wenig Leben in ihr.,einige,Non-MRW,Non-MRW
3350,6,Die Schenke zur Fortuna lag einige hundert Schritte vor der Stadt und zu dieser Stunde der Siesta war wenig Leben in ihr.,hundert,WIDLII,WIDLII
3350,7,Die Schenke zur Fortuna lag einige hundert Schritte vor der Stadt und zu dieser Stunde der Siesta war wenig Leben in ihr.,Schritte,WIDLII,WIDLII
3350,8,Die Schenke zur Fortuna lag einige hundert Schritte vor der Stadt und zu dieser Stunde der Siesta war wenig Leben in ihr.,vor,Non-MRW,Non-MRW
3350,9,Die Schenke zur Fortuna lag einige hundert Schritte vor der Stadt und zu dieser Stunde der Siesta war wenig Leben in ihr.,der,Non-MRW,Non-MRW
3350,10,Die Schenke zur Fortuna lag einige hundert Schritte vor der Stadt und zu dieser Stunde der Siesta war wenig Leben in ihr.,Stadt,Non-MRW,Non-MRW
3350,11,Die Schenke zur Fortuna lag einige hundert Schritte vor der Stadt und zu dieser Stunde der Siesta war wenig Leben in ihr.,und,Non-MRW,Non-MRW
3350,12,Die Schenke zur Fortuna lag einige hundert Schritte vor der Stadt und zu dieser Stunde der Siesta war wenig Leben in ihr.,zu,MRW,indirect
3350,13,Die Schenke zur Fortuna lag einige hundert Schritte vor der Stadt und zu dieser Stunde der Siesta war wenig Leben in ihr.,dieser,Non-MRW,Non-MRW
3350,14,Die Schenke zur Fortuna lag einige hundert Schritte vor der Stadt und zu dieser Stunde der Siesta war wenig Leben in ihr.,Stunde,WIDLII,WIDLII
3350,15,Die Schenke zur Fortuna lag einige hundert Schritte vor der Stadt und zu dieser Stunde der Siesta war wenig Leben in ihr.,der,Non-MRW,Non-MRW
3350,16,Die Schenke zur Fortuna lag einige hundert Schritte vor der Stadt und zu dieser Stunde der Siesta war wenig Leben in ihr.,Siesta,Non-MRW,Non-MRW
3350,17,Die Schenke zur Fortuna lag einige hundert Schritte vor der Stadt und zu dieser Stunde der Siesta war wenig Leben in ihr.,war,Non-MRW,Non-MRW
3350,18,Die Schenke zur Fortuna lag einige hundert Schritte vor der Stadt und zu dieser Stunde der Siesta war wenig Leben in ihr.,wenig,Non-MRW,Non-MRW
3350,19,Die Schenke zur Fortuna lag einige hundert Schritte vor der Stadt und zu dieser Stunde der Siesta war wenig Leben in ihr.,Leben,MRW,indirect
3350,20,Die Schenke zur Fortuna lag einige hundert Schritte vor der Stadt und zu dieser Stunde der Siesta war wenig Leben in ihr.,in,Non-MRW,Non-MRW
3350,21,Die Schenke zur Fortuna lag einige hundert Schritte vor der Stadt und zu dieser Stunde der Siesta war wenig Leben in ihr.,ihr,Non-MRW,Non-MRW
3350,0,"Das Logierhaus selbst war ein ziemlich fragwürdiger Aufenthalt – eine zweistöckige alte Baracke mit giebelartigem Aufbau stand es am Abhang unweit des Meerufers und hatte infolge irgendwelcher Terraineigentümlichkeiten die Gewohnheit, von Jahr zu Jahr tiefer einzusinken, so dass die Fenster des Erdgeschosses sich immer mehr dem Boden näherten.",Das,Non-MRW,Non-MRW
3350,1,"Das Logierhaus selbst war ein ziemlich fragwürdiger Aufenthalt – eine zweistöckige alte Baracke mit giebelartigem Aufbau stand es am Abhang unweit des Meerufers und hatte infolge irgendwelcher Terraineigentümlichkeiten die Gewohnheit, von Jahr zu Jahr tiefer einzusinken, so dass die Fenster des Erdgeschosses sich immer mehr dem Boden näherten.",Logierhaus,Non-MRW,Non-MRW
3355,2,"Das Logierhaus selbst war ein ziemlich fragwürdiger Aufenthalt – eine zweistöckige alte Baracke mit giebelartigem Aufbau stand es am Abhang unweit des Meerufers und hatte infolge irgendwelcher Terraineigentümlichkeiten die Gewohnheit, von Jahr zu Jahr tiefer einzusinken, so dass die Fenster des Erdgeschosses sich immer mehr dem Boden näherten.",selbst,Non-MRW,Non-MRW
3355,3,"Das Logierhaus selbst war ein ziemlich fragwürdiger Aufenthalt – eine zweistöckige alte Baracke mit giebelartigem Aufbau stand es am Abhang unweit des Meerufers und hatte infolge irgendwelcher Terraineigentümlichkeiten die Gewohnheit, von Jahr zu Jahr tiefer einzusinken, so dass die Fenster des Erdgeschosses sich immer mehr dem Boden näherten.",war,Non-MRW,Non-MRW
3355,4,"Das Logierhaus selbst war ein ziemlich fragwürdiger Aufenthalt – eine zweistöckige alte Baracke mit giebelartigem Aufbau stand es am Abhang unweit des Meerufers und hatte infolge irgendwelcher Terraineigentümlichkeiten die Gewohnheit, von Jahr zu Jahr tiefer einzusinken, so dass die Fenster des Erdgeschosses sich immer mehr dem Boden näherten.",ein,Non-MRW,Non-MRW
3355,5,"Das Logierhaus selbst war ein ziemlich fragwürdiger Aufenthalt – eine zweistöckige alte Baracke mit giebelartigem Aufbau stand es am Abhang unweit des Meerufers und hatte infolge irgendwelcher Terraineigentümlichkeiten die Gewohnheit, von Jahr zu Jahr tiefer einzusinken, so dass die Fenster des Erdgeschosses sich immer mehr dem Boden näherten.",ziemlich,Non-MRW,Non-MRW
3355,6,"Das Logierhaus selbst war ein ziemlich fragwürdiger Aufenthalt – eine zweistöckige alte Baracke mit giebelartigem Aufbau stand es am Abhang unweit des Meerufers und hatte infolge irgendwelcher Terraineigentümlichkeiten die Gewohnheit, von Jahr zu Jahr tiefer einzusinken, so dass die Fenster des Erdgeschosses sich immer mehr dem Boden näherten.",fragwürdiger,Non-MRW,Non-MRW
3355,7,"Das Logierhaus selbst war ein ziemlich fragwürdiger Aufenthalt – eine zweistöckige alte Baracke mit giebelartigem Aufbau stand es am Abhang unweit des Meerufers und hatte infolge irgendwelcher Terraineigentümlichkeiten die Gewohnheit, von Jahr zu Jahr tiefer einzusinken, so dass die Fenster des Erdgeschosses sich immer mehr dem Boden näherten.",Aufenthalt,Non-MRW,Non-MRW
3355,9,"Das Logierhaus selbst war ein ziemlich fragwürdiger Aufenthalt – eine zweistöckige alte Baracke mit giebelartigem Aufbau stand es am Abhang unweit des Meerufers und hatte infolge irgendwelcher Terraineigentümlichkeiten die Gewohnheit, von Jahr zu Jahr tiefer einzusinken, so dass die Fenster des Erdgeschosses sich immer mehr dem Boden näherten.",eine,Non-MRW,Non-MRW
3355,10,"Das Logierhaus selbst war ein ziemlich fragwürdiger Aufenthalt – eine zweistöckige alte Baracke mit giebelartigem Aufbau stand es am Abhang unweit des Meerufers und hatte infolge irgendwelcher Terraineigentümlichkeiten die Gewohnheit, von Jahr zu Jahr tiefer einzusinken, so dass die Fenster des Erdgeschosses sich immer mehr dem Boden näherten.",zweistöckige,Non-MRW,Non-MRW
3355,11,"Das Logierhaus selbst war ein ziemlich fragwürdiger Aufenthalt – eine zweistöckige alte Baracke mit giebelartigem Aufbau stand es am Abhang unweit des Meerufers und hatte infolge irgendwelcher Terraineigentümlichkeiten die Gewohnheit, von Jahr zu Jahr tiefer einzusinken, so dass die Fenster des Erdgeschosses sich immer mehr dem Boden näherten.",alte,Non-MRW,Non-MRW
3355,12,"Das Logierhaus selbst war ein ziemlich fragwürdiger Aufenthalt – eine zweistöckige alte Baracke mit giebelartigem Aufbau stand es am Abhang unweit des Meerufers und hatte infolge irgendwelcher Terraineigentümlichkeiten die Gewohnheit, von Jahr zu Jahr tiefer einzusinken, so dass die Fenster des Erdgeschosses sich immer mehr dem Boden näherten.",Baracke,Non-MRW,Non-MRW
3355,13,"Das Logierhaus selbst war ein ziemlich fragwürdiger Aufenthalt – eine zweistöckige alte Baracke mit giebelartigem Aufbau stand es am Abhang unweit des Meerufers und hatte infolge irgendwelcher Terraineigentümlichkeiten die Gewohnheit, von Jahr zu Jahr tiefer einzusinken, so dass die Fenster des Erdgeschosses sich immer mehr dem Boden näherten.",mit,Non-MRW,Non-MRW
3355,14,"Das Logierhaus selbst war ein ziemlich fragwürdiger Aufenthalt – eine zweistöckige alte Baracke mit giebelartigem Aufbau stand es am Abhang unweit des Meerufers und hatte infolge irgendwelcher Terraineigentümlichkeiten die Gewohnheit, von Jahr zu Jahr tiefer einzusinken, so dass die Fenster des Erdgeschosses sich immer mehr dem Boden näherten.",giebelartigem,Non-MRW,Non-MRW
3355,15,"Das Logierhaus selbst war ein ziemlich fragwürdiger Aufenthalt – eine zweistöckige alte Baracke mit giebelartigem Aufbau stand es am Abhang unweit des Meerufers und hatte infolge irgendwelcher Terraineigentümlichkeiten die Gewohnheit, von Jahr zu Jahr tiefer einzusinken, so dass die Fenster des Erdgeschosses sich immer mehr dem Boden näherten.",Aufbau,Non-MRW,Non-MRW
3355,16,"Das Logierhaus selbst war ein ziemlich fragwürdiger Aufenthalt – eine zweistöckige alte Baracke mit giebelartigem Aufbau stand es am Abhang unweit des Meerufers und hatte infolge irgendwelcher Terraineigentümlichkeiten die Gewohnheit, von Jahr zu Jahr tiefer einzusinken, so dass die Fenster des Erdgeschosses sich immer mehr dem Boden näherten.",stand,MRW,indirect
3355,17,"Das Logierhaus selbst war ein ziemlich fragwürdiger Aufenthalt – eine zweistöckige alte Baracke mit giebelartigem Aufbau stand es am Abhang unweit des Meerufers und hatte infolge irgendwelcher Terraineigentümlichkeiten die Gewohnheit, von Jahr zu Jahr tiefer einzusinken, so dass die Fenster des Erdgeschosses sich immer mehr dem Boden näherten.",es,Non-MRW,Non-MRW
3355,18,"Das Logierhaus selbst war ein ziemlich fragwürdiger Aufenthalt – eine zweistöckige alte Baracke mit giebelartigem Aufbau stand es am Abhang unweit des Meerufers und hatte infolge irgendwelcher Terraineigentümlichkeiten die Gewohnheit, von Jahr zu Jahr tiefer einzusinken, so dass die Fenster des Erdgeschosses sich immer mehr dem Boden näherten.",am,Non-MRW,Non-MRW
3355,19,"Das Logierhaus selbst war ein ziemlich fragwürdiger Aufenthalt – eine zweistöckige alte Baracke mit giebelartigem Aufbau stand es am Abhang unweit des Meerufers und hatte infolge irgendwelcher Terraineigentümlichkeiten die Gewohnheit, von Jahr zu Jahr tiefer einzusinken, so dass die Fenster des Erdgeschosses sich immer mehr dem Boden näherten.",Abhang,Non-MRW,Non-MRW
3355,20,"Das Logierhaus selbst war ein ziemlich fragwürdiger Aufenthalt – eine zweistöckige alte Baracke mit giebelartigem Aufbau stand es am Abhang unweit des Meerufers und hatte infolge irgendwelcher Terraineigentümlichkeiten die Gewohnheit, von Jahr zu Jahr tiefer einzusinken, so dass die Fenster des Erdgeschosses sich immer mehr dem Boden näherten.",unweit,Non-MRW,Non-MRW
3355,21,"Das Logierhaus selbst war ein ziemlich fragwürdiger Aufenthalt – eine zweistöckige alte Baracke mit giebelartigem Aufbau stand es am Abhang unweit des Meerufers und hatte infolge irgendwelcher Terraineigentümlichkeiten die Gewohnheit, von Jahr zu Jahr tiefer einzusinken, so dass die Fenster des Erdgeschosses sich immer mehr dem Boden näherten.",des,Non-MRW,Non-MRW
3355,22,"Das Logierhaus selbst war ein ziemlich fragwürdiger Aufenthalt – eine zweistöckige alte Baracke mit giebelartigem Aufbau stand es am Abhang unweit des Meerufers und hatte infolge irgendwelcher Terraineigentümlichkeiten die Gewohnheit, von Jahr zu Jahr tiefer einzusinken, so dass die Fenster des Erdgeschosses sich immer mehr dem Boden näherten.",Meerufers,Non-MRW,Non-MRW
3355,23,"Das Logierhaus selbst war ein ziemlich fragwürdiger Aufenthalt – eine zweistöckige alte Baracke mit giebelartigem Aufbau stand es am Abhang unweit des Meerufers und hatte infolge irgendwelcher Terraineigentümlichkeiten die Gewohnheit, von Jahr zu Jahr tiefer einzusinken, so dass die Fenster des Erdgeschosses sich immer mehr dem Boden näherten.",und,Non-MRW,Non-MRW
3355,24,"Das Logierhaus selbst war ein ziemlich fragwürdiger Aufenthalt – eine zweistöckige alte Baracke mit giebelartigem Aufbau stand es am Abhang unweit des Meerufers und hatte infolge irgendwelcher Terraineigentümlichkeiten die Gewohnheit, von Jahr zu Jahr tiefer einzusinken, so dass die Fenster des Erdgeschosses sich immer mehr dem Boden näherten.",hatte,Non-MRW,Non-MRW
3355,25,"Das Logierhaus selbst war ein ziemlich fragwürdiger Aufenthalt – eine zweistöckige alte Baracke mit giebelartigem Aufbau stand es am Abhang unweit des Meerufers und hatte infolge irgendwelcher Terraineigentümlichkeiten die Gewohnheit, von Jahr zu Jahr tiefer einzusinken, so dass die Fenster des Erdgeschosses sich immer mehr dem Boden näherten.",infolge,Non-MRW,Non-MRW
3355,26,"Das Logierhaus selbst war ein ziemlich fragwürdiger Aufenthalt – eine zweistöckige alte Baracke mit giebelartigem Aufbau stand es am Abhang unweit des Meerufers und hatte infolge irgendwelcher Terraineigentümlichkeiten die Gewohnheit, von Jahr zu Jahr tiefer einzusinken, so dass die Fenster des Erdgeschosses sich immer mehr dem Boden näherten.",irgendwelcher,Non-MRW,Non-MRW
3355,27,"Das Logierhaus selbst war ein ziemlich fragwürdiger Aufenthalt – eine zweistöckige alte Baracke mit giebelartigem Aufbau stand es am Abhang unweit des Meerufers und hatte infolge irgendwelcher Terraineigentümlichkeiten die Gewohnheit, von Jahr zu Jahr tiefer einzusinken, so dass die Fenster des Erdgeschosses sich immer mehr dem Boden näherten.",Terraineigentümlichkeiten,Non-MRW,Non-MRW
3355,28,"Das Logierhaus selbst war ein ziemlich fragwürdiger Aufenthalt – eine zweistöckige alte Baracke mit giebelartigem Aufbau stand es am Abhang unweit des Meerufers und hatte infolge irgendwelcher Terraineigentümlichkeiten die Gewohnheit, von Jahr zu Jahr tiefer einzusinken, so dass die Fenster des Erdgeschosses sich immer mehr dem Boden näherten.",die,Non-MRW,Non-MRW
3355,29,"Das Logierhaus selbst war ein ziemlich fragwürdiger Aufenthalt – eine zweistöckige alte Baracke mit giebelartigem Aufbau stand es am Abhang unweit des Meerufers und hatte infolge irgendwelcher Terraineigentümlichkeiten die Gewohnheit, von Jahr zu Jahr tiefer einzusinken, so dass die Fenster des Erdgeschosses sich immer mehr dem Boden näherten.",Gewohnheit,MRW,indirect
3355,30,"Das Logierhaus selbst war ein ziemlich fragwürdiger Aufenthalt – eine zweistöckige alte Baracke mit giebelartigem Aufbau stand es am Abhang unweit des Meerufers und hatte infolge irgendwelcher Terraineigentümlichkeiten die Gewohnheit, von Jahr zu Jahr tiefer einzusinken, so dass die Fenster des Erdgeschosses sich immer mehr dem Boden näherten.",von,MRW,indirect
3355,31,"Das Logierhaus selbst war ein ziemlich fragwürdiger Aufenthalt – eine zweistöckige alte Baracke mit giebelartigem Aufbau stand es am Abhang unweit des Meerufers und hatte infolge irgendwelcher Terraineigentümlichkeiten die Gewohnheit, von Jahr zu Jahr tiefer einzusinken, so dass die Fenster des Erdgeschosses sich immer mehr dem Boden näherten.",Jahr,MWE,MWE
3355,32,"Das Logierhaus selbst war ein ziemlich fragwürdiger Aufenthalt – eine zweistöckige alte Baracke mit giebelartigem Aufbau stand es am Abhang unweit des Meerufers und hatte infolge irgendwelcher Terraineigentümlichkeiten die Gewohnheit, von Jahr zu Jahr tiefer einzusinken, so dass die Fenster des Erdgeschosses sich immer mehr dem Boden näherten.",zu,MRW,indirect
3355,33,"Das Logierhaus selbst war ein ziemlich fragwürdiger Aufenthalt – eine zweistöckige alte Baracke mit giebelartigem Aufbau stand es am Abhang unweit des Meerufers und hatte infolge irgendwelcher Terraineigentümlichkeiten die Gewohnheit, von Jahr zu Jahr tiefer einzusinken, so dass die Fenster des Erdgeschosses sich immer mehr dem Boden näherten.",Jahr,MWE,MWE
3355,34,"Das Logierhaus selbst war ein ziemlich fragwürdiger Aufenthalt – eine zweistöckige alte Baracke mit giebelartigem Aufbau stand es am Abhang unweit des Meerufers und hatte infolge irgendwelcher Terraineigentümlichkeiten die Gewohnheit, von Jahr zu Jahr tiefer einzusinken, so dass die Fenster des Erdgeschosses sich immer mehr dem Boden näherten.",tiefer,Non-MRW,Non-MRW
3355,35,"Das Logierhaus selbst war ein ziemlich fragwürdiger Aufenthalt – eine zweistöckige alte Baracke mit giebelartigem Aufbau stand es am Abhang unweit des Meerufers und hatte infolge irgendwelcher Terraineigentümlichkeiten die Gewohnheit, von Jahr zu Jahr tiefer einzusinken, so dass die Fenster des Erdgeschosses sich immer mehr dem Boden näherten.",einzusinken,Non-MRW,Non-MRW
3355,36,"Das Logierhaus selbst war ein ziemlich fragwürdiger Aufenthalt – eine zweistöckige alte Baracke mit giebelartigem Aufbau stand es am Abhang unweit des Meerufers und hatte infolge irgendwelcher Terraineigentümlichkeiten die Gewohnheit, von Jahr zu Jahr tiefer einzusinken, so dass die Fenster des Erdgeschosses sich immer mehr dem Boden näherten.",so,Non-MRW,Non-MRW
3355,37,"Das Logierhaus selbst war ein ziemlich fragwürdiger Aufenthalt – eine zweistöckige alte Baracke mit giebelartigem Aufbau stand es am Abhang unweit des Meerufers und hatte infolge irgendwelcher Terraineigentümlichkeiten die Gewohnheit, von Jahr zu Jahr tiefer einzusinken, so dass die Fenster des Erdgeschosses sich immer mehr dem Boden näherten.",dass,Non-MRW,Non-MRW
3355,38,"Das Logierhaus selbst war ein ziemlich fragwürdiger Aufenthalt – eine zweistöckige alte Baracke mit giebelartigem Aufbau stand es am Abhang unweit des Meerufers und hatte infolge irgendwelcher Terraineigentümlichkeiten die Gewohnheit, von Jahr zu Jahr tiefer einzusinken, so dass die Fenster des Erdgeschosses sich immer mehr dem Boden näherten.",die,Non-MRW,Non-MRW
3355,39,"Das Logierhaus selbst war ein ziemlich fragwürdiger Aufenthalt – eine zweistöckige alte Baracke mit giebelartigem Aufbau stand es am Abhang unweit des Meerufers und hatte infolge irgendwelcher Terraineigentümlichkeiten die Gewohnheit, von Jahr zu Jahr tiefer einzusinken, so dass die Fenster des Erdgeschosses sich immer mehr dem Boden näherten.",Fenster,Non-MRW,Non-MRW
3355,40,"Das Logierhaus selbst war ein ziemlich fragwürdiger Aufenthalt – eine zweistöckige alte Baracke mit giebelartigem Aufbau stand es am Abhang unweit des Meerufers und hatte infolge irgendwelcher Terraineigentümlichkeiten die Gewohnheit, von Jahr zu Jahr tiefer einzusinken, so dass die Fenster des Erdgeschosses sich immer mehr dem Boden näherten.",des,Non-MRW,Non-MRW
3355,41,"Das Logierhaus selbst war ein ziemlich fragwürdiger Aufenthalt – eine zweistöckige alte Baracke mit giebelartigem Aufbau stand es am Abhang unweit des Meerufers und hatte infolge irgendwelcher Terraineigentümlichkeiten die Gewohnheit, von Jahr zu Jahr tiefer einzusinken, so dass die Fenster des Erdgeschosses sich immer mehr dem Boden näherten.",Erdgeschosses,Non-MRW,Non-MRW
3355,42,"Das Logierhaus selbst war ein ziemlich fragwürdiger Aufenthalt – eine zweistöckige alte Baracke mit giebelartigem Aufbau stand es am Abhang unweit des Meerufers und hatte infolge irgendwelcher Terraineigentümlichkeiten die Gewohnheit, von Jahr zu Jahr tiefer einzusinken, so dass die Fenster des Erdgeschosses sich immer mehr dem Boden näherten.",sich,MWE,MWE
3355,43,"Das Logierhaus selbst war ein ziemlich fragwürdiger Aufenthalt – eine zweistöckige alte Baracke mit giebelartigem Aufbau stand es am Abhang unweit des Meerufers und hatte infolge irgendwelcher Terraineigentümlichkeiten die Gewohnheit, von Jahr zu Jahr tiefer einzusinken, so dass die Fenster des Erdgeschosses sich immer mehr dem Boden näherten.",immer,Non-MRW,Non-MRW
3355,44,"Das Logierhaus selbst war ein ziemlich fragwürdiger Aufenthalt – eine zweistöckige alte Baracke mit giebelartigem Aufbau stand es am Abhang unweit des Meerufers und hatte infolge irgendwelcher Terraineigentümlichkeiten die Gewohnheit, von Jahr zu Jahr tiefer einzusinken, so dass die Fenster des Erdgeschosses sich immer mehr dem Boden näherten.",mehr,Non-MRW,Non-MRW
3355,45,"Das Logierhaus selbst war ein ziemlich fragwürdiger Aufenthalt – eine zweistöckige alte Baracke mit giebelartigem Aufbau stand es am Abhang unweit des Meerufers und hatte infolge irgendwelcher Terraineigentümlichkeiten die Gewohnheit, von Jahr zu Jahr tiefer einzusinken, so dass die Fenster des Erdgeschosses sich immer mehr dem Boden näherten.",dem,Non-MRW,Non-MRW
3355,46,"Das Logierhaus selbst war ein ziemlich fragwürdiger Aufenthalt – eine zweistöckige alte Baracke mit giebelartigem Aufbau stand es am Abhang unweit des Meerufers und hatte infolge irgendwelcher Terraineigentümlichkeiten die Gewohnheit, von Jahr zu Jahr tiefer einzusinken, so dass die Fenster des Erdgeschosses sich immer mehr dem Boden näherten.",Boden,Non-MRW,Non-MRW
3355,47,"Das Logierhaus selbst war ein ziemlich fragwürdiger Aufenthalt – eine zweistöckige alte Baracke mit giebelartigem Aufbau stand es am Abhang unweit des Meerufers und hatte infolge irgendwelcher Terraineigentümlichkeiten die Gewohnheit, von Jahr zu Jahr tiefer einzusinken, so dass die Fenster des Erdgeschosses sich immer mehr dem Boden näherten.",näherten,MRW,indirect
3355,0,"Aber es bildete sich eine Gasse, durch die hindurch die drei in ruhigere Straßen und zum Haus der verwitweten Frau von Ottersleben gelangen konnten.",Aber,Non-MRW,Non-MRW
3355,1,"Aber es bildete sich eine Gasse, durch die hindurch die drei in ruhigere Straßen und zum Haus der verwitweten Frau von Ottersleben gelangen konnten.",es,Non-MRW,Non-MRW
3402,2,"Aber es bildete sich eine Gasse, durch die hindurch die drei in ruhigere Straßen und zum Haus der verwitweten Frau von Ottersleben gelangen konnten.",bildete,MRW,indirect
3402,3,"Aber es bildete sich eine Gasse, durch die hindurch die drei in ruhigere Straßen und zum Haus der verwitweten Frau von Ottersleben gelangen konnten.",sich,MWE,MWE
3402,4,"Aber es bildete sich eine Gasse, durch die hindurch die drei in ruhigere Straßen und zum Haus der verwitweten Frau von Ottersleben gelangen konnten.",eine,Non-MRW,Non-MRW
3402,5,"Aber es bildete sich eine Gasse, durch die hindurch die drei in ruhigere Straßen und zum Haus der verwitweten Frau von Ottersleben gelangen konnten.",Gasse,WIDLII,WIDLII
3402,6,"Aber es bildete sich eine Gasse, durch die hindurch die drei in ruhigere Straßen und zum Haus der verwitweten Frau von Ottersleben gelangen konnten.",durch,Non-MRW,Non-MRW
3402,7,"Aber es bildete sich eine Gasse, durch die hindurch die drei in ruhigere Straßen und zum Haus der verwitweten Frau von Ottersleben gelangen konnten.",die,Non-MRW,Non-MRW
3402,8,"Aber es bildete sich eine Gasse, durch die hindurch die drei in ruhigere Straßen und zum Haus der verwitweten Frau von Ottersleben gelangen konnten.",hindurch,Non-MRW,Non-MRW
3402,9,"Aber es bildete sich eine Gasse, durch die hindurch die drei in ruhigere Straßen und zum Haus der verwitweten Frau von Ottersleben gelangen konnten.",die,Non-MRW,Non-MRW
3402,10,"Aber es bildete sich eine Gasse, durch die hindurch die drei in ruhigere Straßen und zum Haus der verwitweten Frau von Ottersleben gelangen konnten.",drei,Non-MRW,Non-MRW
3402,11,"Aber es bildete sich eine Gasse, durch die hindurch die drei in ruhigere Straßen und zum Haus der verwitweten Frau von Ottersleben gelangen konnten.",in,Non-MRW,Non-MRW
3402,12,"Aber es bildete sich eine Gasse, durch die hindurch die drei in ruhigere Straßen und zum Haus der verwitweten Frau von Ottersleben gelangen konnten.",ruhigere,MRW,indirect
3402,13,"Aber es bildete sich eine Gasse, durch die hindurch die drei in ruhigere Straßen und zum Haus der verwitweten Frau von Ottersleben gelangen konnten.",Straßen,Non-MRW,Non-MRW
3402,14,"Aber es bildete sich eine Gasse, durch die hindurch die drei in ruhigere Straßen und zum Haus der verwitweten Frau von Ottersleben gelangen konnten.",und,Non-MRW,Non-MRW
3402,15,"Aber es bildete sich eine Gasse, durch die hindurch die drei in ruhigere Straßen und zum Haus der verwitweten Frau von Ottersleben gelangen konnten.",zum,Non-MRW,Non-MRW
3402,16,"Aber es bildete sich eine Gasse, durch die hindurch die drei in ruhigere Straßen und zum Haus der verwitweten Frau von Ottersleben gelangen konnten.",Haus,Non-MRW,Non-MRW
3402,17,"Aber es bildete sich eine Gasse, durch die hindurch die drei in ruhigere Straßen und zum Haus der verwitweten Frau von Ottersleben gelangen konnten.",der,Non-MRW,Non-MRW
3402,18,"Aber es bildete sich eine Gasse, durch die hindurch die drei in ruhigere Straßen und zum Haus der verwitweten Frau von Ottersleben gelangen konnten.",verwitweten,Non-MRW,Non-MRW
3402,19,"Aber es bildete sich eine Gasse, durch die hindurch die drei in ruhigere Straßen und zum Haus der verwitweten Frau von Ottersleben gelangen konnten.",Frau,Non-MRW,Non-MRW
3402,20,"Aber es bildete sich eine Gasse, durch die hindurch die drei in ruhigere Straßen und zum Haus der verwitweten Frau von Ottersleben gelangen konnten.",von,MWE,MWE
3402,21,"Aber es bildete sich eine Gasse, durch die hindurch die drei in ruhigere Straßen und zum Haus der verwitweten Frau von Ottersleben gelangen konnten.",Ottersleben,MWE,MWE
3402,22,"Aber es bildete sich eine Gasse, durch die hindurch die drei in ruhigere Straßen und zum Haus der verwitweten Frau von Ottersleben gelangen konnten.",gelangen,Non-MRW,Non-MRW
3402,23,"Aber es bildete sich eine Gasse, durch die hindurch die drei in ruhigere Straßen und zum Haus der verwitweten Frau von Ottersleben gelangen konnten.",konnten,Non-MRW,Non-MRW
3402,0,"Haus Twieflingen, an der Straße zwischen Braunschweig und Magdeburg gelegen, war ursprünglich eine lüneburgische Enklave im Wolfenbütteler Gebiet, aber bei der Entfernung des Landesherrn war es längst zu einem Zufluchtsort ritterlichen Raubgesindels geworden, welches auf der belebten Handelsstraße fette Weide fand.",Haus,Non-MRW,Non-MRW
3402,1,"Haus Twieflingen, an der Straße zwischen Braunschweig und Magdeburg gelegen, war ursprünglich eine lüneburgische Enklave im Wolfenbütteler Gebiet, aber bei der Entfernung des Landesherrn war es längst zu einem Zufluchtsort ritterlichen Raubgesindels geworden, welches auf der belebten Handelsstraße fette Weide fand.",Twieflingen,MWE,MWE
3436,2,"Haus Twieflingen, an der Straße zwischen Braunschweig und Magdeburg gelegen, war ursprünglich eine lüneburgische Enklave im Wolfenbütteler Gebiet, aber bei der Entfernung des Landesherrn war es längst zu einem Zufluchtsort ritterlichen Raubgesindels geworden, welches auf der belebten Handelsstraße fette Weide fand.",an,Non-MRW,Non-MRW
3436,3,"Haus Twieflingen, an der Straße zwischen Braunschweig und Magdeburg gelegen, war ursprünglich eine lüneburgische Enklave im Wolfenbütteler Gebiet, aber bei der Entfernung des Landesherrn war es längst zu einem Zufluchtsort ritterlichen Raubgesindels geworden, welches auf der belebten Handelsstraße fette Weide fand.",der,Non-MRW,Non-MRW
3436,4,"Haus Twieflingen, an der Straße zwischen Braunschweig und Magdeburg gelegen, war ursprünglich eine lüneburgische Enklave im Wolfenbütteler Gebiet, aber bei der Entfernung des Landesherrn war es längst zu einem Zufluchtsort ritterlichen Raubgesindels geworden, welches auf der belebten Handelsstraße fette Weide fand.",Straße,Non-MRW,Non-MRW
3436,5,"Haus Twieflingen, an der Straße zwischen Braunschweig und Magdeburg gelegen, war ursprünglich eine lüneburgische Enklave im Wolfenbütteler Gebiet, aber bei der Entfernung des Landesherrn war es längst zu einem Zufluchtsort ritterlichen Raubgesindels geworden, welches auf der belebten Handelsstraße fette Weide fand.",zwischen,Non-MRW,Non-MRW
3436,6,"Haus Twieflingen, an der Straße zwischen Braunschweig und Magdeburg gelegen, war ursprünglich eine lüneburgische Enklave im Wolfenbütteler Gebiet, aber bei der Entfernung des Landesherrn war es längst zu einem Zufluchtsort ritterlichen Raubgesindels geworden, welches auf der belebten Handelsstraße fette Weide fand.",Braunschweig,Non-MRW,Non-MRW
3436,7,"Haus Twieflingen, an der Straße zwischen Braunschweig und Magdeburg gelegen, war ursprünglich eine lüneburgische Enklave im Wolfenbütteler Gebiet, aber bei der Entfernung des Landesherrn war es längst zu einem Zufluchtsort ritterlichen Raubgesindels geworden, welches auf der belebten Handelsstraße fette Weide fand.",und,Non-MRW,Non-MRW
3436,8,"Haus Twieflingen, an der Straße zwischen Braunschweig und Magdeburg gelegen, war ursprünglich eine lüneburgische Enklave im Wolfenbütteler Gebiet, aber bei der Entfernung des Landesherrn war es längst zu einem Zufluchtsort ritterlichen Raubgesindels geworden, welches auf der belebten Handelsstraße fette Weide fand.",Magdeburg,Non-MRW,Non-MRW
3436,9,"Haus Twieflingen, an der Straße zwischen Braunschweig und Magdeburg gelegen, war ursprünglich eine lüneburgische Enklave im Wolfenbütteler Gebiet, aber bei der Entfernung des Landesherrn war es längst zu einem Zufluchtsort ritterlichen Raubgesindels geworden, welches auf der belebten Handelsstraße fette Weide fand.",gelegen,MRW,indirect
3436,10,"Haus Twieflingen, an der Straße zwischen Braunschweig und Magdeburg gelegen, war ursprünglich eine lüneburgische Enklave im Wolfenbütteler Gebiet, aber bei der Entfernung des Landesherrn war es längst zu einem Zufluchtsort ritterlichen Raubgesindels geworden, welches auf der belebten Handelsstraße fette Weide fand.",war,Non-MRW,Non-MRW
3436,11,"Haus Twieflingen, an der Straße zwischen Braunschweig und Magdeburg gelegen, war ursprünglich eine lüneburgische Enklave im Wolfenbütteler Gebiet, aber bei der Entfernung des Landesherrn war es längst zu einem Zufluchtsort ritterlichen Raubgesindels geworden, welches auf der belebten Handelsstraße fette Weide fand.",ursprünglich,Non-MRW,Non-MRW
3436,12,"Haus Twieflingen, an der Straße zwischen Braunschweig und Magdeburg gelegen, war ursprünglich eine lüneburgische Enklave im Wolfenbütteler Gebiet, aber bei der Entfernung des Landesherrn war es längst zu einem Zufluchtsort ritterlichen Raubgesindels geworden, welches auf der belebten Handelsstraße fette Weide fand.",eine,Non-MRW,Non-MRW
3436,13,"Haus Twieflingen, an der Straße zwischen Braunschweig und Magdeburg gelegen, war ursprünglich eine lüneburgische Enklave im Wolfenbütteler Gebiet, aber bei der Entfernung des Landesherrn war es längst zu einem Zufluchtsort ritterlichen Raubgesindels geworden, welches auf der belebten Handelsstraße fette Weide fand.",lüneburgische,Non-MRW,Non-MRW
3436,14,"Haus Twieflingen, an der Straße zwischen Braunschweig und Magdeburg gelegen, war ursprünglich eine lüneburgische Enklave im Wolfenbütteler Gebiet, aber bei der Entfernung des Landesherrn war es längst zu einem Zufluchtsort ritterlichen Raubgesindels geworden, welches auf der belebten Handelsstraße fette Weide fand.",Enklave,Non-MRW,Non-MRW
3436,15,"Haus Twieflingen, an der Straße zwischen Braunschweig und Magdeburg gelegen, war ursprünglich eine lüneburgische Enklave im Wolfenbütteler Gebiet, aber bei der Entfernung des Landesherrn war es längst zu einem Zufluchtsort ritterlichen Raubgesindels geworden, welches auf der belebten Handelsstraße fette Weide fand.",im,Non-MRW,Non-MRW
3436,16,"Haus Twieflingen, an der Straße zwischen Braunschweig und Magdeburg gelegen, war ursprünglich eine lüneburgische Enklave im Wolfenbütteler Gebiet, aber bei der Entfernung des Landesherrn war es längst zu einem Zufluchtsort ritterlichen Raubgesindels geworden, welches auf der belebten Handelsstraße fette Weide fand.",Wolfenbütteler,Non-MRW,Non-MRW
3436,17,"Haus Twieflingen, an der Straße zwischen Braunschweig und Magdeburg gelegen, war ursprünglich eine lüneburgische Enklave im Wolfenbütteler Gebiet, aber bei der Entfernung des Landesherrn war es längst zu einem Zufluchtsort ritterlichen Raubgesindels geworden, welches auf der belebten Handelsstraße fette Weide fand.",Gebiet,Non-MRW,Non-MRW
3436,18,"Haus Twieflingen, an der Straße zwischen Braunschweig und Magdeburg gelegen, war ursprünglich eine lüneburgische Enklave im Wolfenbütteler Gebiet, aber bei der Entfernung des Landesherrn war es längst zu einem Zufluchtsort ritterlichen Raubgesindels geworden, welches auf der belebten Handelsstraße fette Weide fand.",aber,Non-MRW,Non-MRW
3436,19,"Haus Twieflingen, an der Straße zwischen Braunschweig und Magdeburg gelegen, war ursprünglich eine lüneburgische Enklave im Wolfenbütteler Gebiet, aber bei der Entfernung des Landesherrn war es längst zu einem Zufluchtsort ritterlichen Raubgesindels geworden, welches auf der belebten Handelsstraße fette Weide fand.",bei,MRW,indirect
3436,20,"Haus Twieflingen, an der Straße zwischen Braunschweig und Magdeburg gelegen, war ursprünglich eine lüneburgische Enklave im Wolfenbütteler Gebiet, aber bei der Entfernung des Landesherrn war es längst zu einem Zufluchtsort ritterlichen Raubgesindels geworden, welches auf der belebten Handelsstraße fette Weide fand.",der,Non-MRW,Non-MRW
3436,21,"Haus Twieflingen, an der Straße zwischen Braunschweig und Magdeburg gelegen, war ursprünglich eine lüneburgische Enklave im Wolfenbütteler Gebiet, aber bei der Entfernung des Landesherrn war es längst zu einem Zufluchtsort ritterlichen Raubgesindels geworden, welches auf der belebten Handelsstraße fette Weide fand.",Entfernung,Non-MRW,Non-MRW
3436,22,"Haus Twieflingen, an der Straße zwischen Braunschweig und Magdeburg gelegen, war ursprünglich eine lüneburgische Enklave im Wolfenbütteler Gebiet, aber bei der Entfernung des Landesherrn war es längst zu einem Zufluchtsort ritterlichen Raubgesindels geworden, welches auf der belebten Handelsstraße fette Weide fand.",des,Non-MRW,Non-MRW
3436,23,"Haus Twieflingen, an der Straße zwischen Braunschweig und Magdeburg gelegen, war ursprünglich eine lüneburgische Enklave im Wolfenbütteler Gebiet, aber bei der Entfernung des Landesherrn war es längst zu einem Zufluchtsort ritterlichen Raubgesindels geworden, welches auf der belebten Handelsstraße fette Weide fand.",Landesherrn,Non-MRW,Non-MRW
3436,24,"Haus Twieflingen, an der Straße zwischen Braunschweig und Magdeburg gelegen, war ursprünglich eine lüneburgische Enklave im Wolfenbütteler Gebiet, aber bei der Entfernung des Landesherrn war es längst zu einem Zufluchtsort ritterlichen Raubgesindels geworden, welches auf der belebten Handelsstraße fette Weide fand.",war,Non-MRW,Non-MRW
3436,25,"Haus Twieflingen, an der Straße zwischen Braunschweig und Magdeburg gelegen, war ursprünglich eine lüneburgische Enklave im Wolfenbütteler Gebiet, aber bei der Entfernung des Landesherrn war es längst zu einem Zufluchtsort ritterlichen Raubgesindels geworden, welches auf der belebten Handelsstraße fette Weide fand.",es,Non-MRW,Non-MRW
3436,26,"Haus Twieflingen, an der Straße zwischen Braunschweig und Magdeburg gelegen, war ursprünglich eine lüneburgische Enklave im Wolfenbütteler Gebiet, aber bei der Entfernung des Landesherrn war es längst zu einem Zufluchtsort ritterlichen Raubgesindels geworden, welches auf der belebten Handelsstraße fette Weide fand.",längst,Non-MRW,Non-MRW
3436,27,"Haus Twieflingen, an der Straße zwischen Braunschweig und Magdeburg gelegen, war ursprünglich eine lüneburgische Enklave im Wolfenbütteler Gebiet, aber bei der Entfernung des Landesherrn war es längst zu einem Zufluchtsort ritterlichen Raubgesindels geworden, welches auf der belebten Handelsstraße fette Weide fand.",zu,MRW,indirect
3436,28,"Haus Twieflingen, an der Straße zwischen Braunschweig und Magdeburg gelegen, war ursprünglich eine lüneburgische Enklave im Wolfenbütteler Gebiet, aber bei der Entfernung des Landesherrn war es längst zu einem Zufluchtsort ritterlichen Raubgesindels geworden, welches auf der belebten Handelsstraße fette Weide fand.",einem,Non-MRW,Non-MRW
3436,29,"Haus Twieflingen, an der Straße zwischen Braunschweig und Magdeburg gelegen, war ursprünglich eine lüneburgische Enklave im Wolfenbütteler Gebiet, aber bei der Entfernung des Landesherrn war es längst zu einem Zufluchtsort ritterlichen Raubgesindels geworden, welches auf der belebten Handelsstraße fette Weide fand.",Zufluchtsort,Non-MRW,Non-MRW
3436,30,"Haus Twieflingen, an der Straße zwischen Braunschweig und Magdeburg gelegen, war ursprünglich eine lüneburgische Enklave im Wolfenbütteler Gebiet, aber bei der Entfernung des Landesherrn war es längst zu einem Zufluchtsort ritterlichen Raubgesindels geworden, welches auf der belebten Handelsstraße fette Weide fand.",ritterlichen,Non-MRW,Non-MRW
3436,31,"Haus Twieflingen, an der Straße zwischen Braunschweig und Magdeburg gelegen, war ursprünglich eine lüneburgische Enklave im Wolfenbütteler Gebiet, aber bei der Entfernung des Landesherrn war es längst zu einem Zufluchtsort ritterlichen Raubgesindels geworden, welches auf der belebten Handelsstraße fette Weide fand.",Raubgesindels,Non-MRW,Non-MRW
3436,32,"Haus Twieflingen, an der Straße zwischen Braunschweig und Magdeburg gelegen, war ursprünglich eine lüneburgische Enklave im Wolfenbütteler Gebiet, aber bei der Entfernung des Landesherrn war es längst zu einem Zufluchtsort ritterlichen Raubgesindels geworden, welches auf der belebten Handelsstraße fette Weide fand.",geworden,Non-MRW,Non-MRW
3436,33,"Haus Twieflingen, an der Straße zwischen Braunschweig und Magdeburg gelegen, war ursprünglich eine lüneburgische Enklave im Wolfenbütteler Gebiet, aber bei der Entfernung des Landesherrn war es längst zu einem Zufluchtsort ritterlichen Raubgesindels geworden, welches auf der belebten Handelsstraße fette Weide fand.",welches,Non-MRW,Non-MRW
3436,34,"Haus Twieflingen, an der Straße zwischen Braunschweig und Magdeburg gelegen, war ursprünglich eine lüneburgische Enklave im Wolfenbütteler Gebiet, aber bei der Entfernung des Landesherrn war es längst zu einem Zufluchtsort ritterlichen Raubgesindels geworden, welches auf der belebten Handelsstraße fette Weide fand.",auf,MRW,indirect
3436,35,"Haus Twieflingen, an der Straße zwischen Braunschweig und Magdeburg gelegen, war ursprünglich eine lüneburgische Enklave im Wolfenbütteler Gebiet, aber bei der Entfernung des Landesherrn war es längst zu einem Zufluchtsort ritterlichen Raubgesindels geworden, welches auf der belebten Handelsstraße fette Weide fand.",der,Non-MRW,Non-MRW
3436,36,"Haus Twieflingen, an der Straße zwischen Braunschweig und Magdeburg gelegen, war ursprünglich eine lüneburgische Enklave im Wolfenbütteler Gebiet, aber bei der Entfernung des Landesherrn war es längst zu einem Zufluchtsort ritterlichen Raubgesindels geworden, welches auf der belebten Handelsstraße fette Weide fand.",belebten,Non-MRW,Non-MRW
3436,37,"Haus Twieflingen, an der Straße zwischen Braunschweig und Magdeburg gelegen, war ursprünglich eine lüneburgische Enklave im Wolfenbütteler Gebiet, aber bei der Entfernung des Landesherrn war es längst zu einem Zufluchtsort ritterlichen Raubgesindels geworden, welches auf der belebten Handelsstraße fette Weide fand.",Handelsstraße,Non-MRW,Non-MRW
3436,38,"Haus Twieflingen, an der Straße zwischen Braunschweig und Magdeburg gelegen, war ursprünglich eine lüneburgische Enklave im Wolfenbütteler Gebiet, aber bei der Entfernung des Landesherrn war es längst zu einem Zufluchtsort ritterlichen Raubgesindels geworden, welches auf der belebten Handelsstraße fette Weide fand.",fette,MRW,indirect
3436,39,"Haus Twieflingen, an der Straße zwischen Braunschweig und Magdeburg gelegen, war ursprünglich eine lüneburgische Enklave im Wolfenbütteler Gebiet, aber bei der Entfernung des Landesherrn war es längst zu einem Zufluchtsort ritterlichen Raubgesindels geworden, welches auf der belebten Handelsstraße fette Weide fand.",Weide,MRW,indirect
3436,40,"Haus Twieflingen, an der Straße zwischen Braunschweig und Magdeburg gelegen, war ursprünglich eine lüneburgische Enklave im Wolfenbütteler Gebiet, aber bei der Entfernung des Landesherrn war es längst zu einem Zufluchtsort ritterlichen Raubgesindels geworden, welches auf der belebten Handelsstraße fette Weide fand.",fand,MRW,indirect
3436,0,"In ihrem Hotelzimmer war es schwül und roch nach dem Parfüm, das sie im Japanbazar gekauft hatte.",In,Non-MRW,Non-MRW
3436,1,"In ihrem Hotelzimmer war es schwül und roch nach dem Parfüm, das sie im Japanbazar gekauft hatte.",ihrem,Non-MRW,Non-MRW
3440,2,"In ihrem Hotelzimmer war es schwül und roch nach dem Parfüm, das sie im Japanbazar gekauft hatte.",Hotelzimmer,Non-MRW,Non-MRW
3440,3,"In ihrem Hotelzimmer war es schwül und roch nach dem Parfüm, das sie im Japanbazar gekauft hatte.",war,Non-MRW,Non-MRW
3440,4,"In ihrem Hotelzimmer war es schwül und roch nach dem Parfüm, das sie im Japanbazar gekauft hatte.",es,Non-MRW,Non-MRW
3440,5,"In ihrem Hotelzimmer war es schwül und roch nach dem Parfüm, das sie im Japanbazar gekauft hatte.",schwül,Non-MRW,Non-MRW
3440,6,"In ihrem Hotelzimmer war es schwül und roch nach dem Parfüm, das sie im Japanbazar gekauft hatte.",und,Non-MRW,Non-MRW
3440,7,"In ihrem Hotelzimmer war es schwül und roch nach dem Parfüm, das sie im Japanbazar gekauft hatte.",roch,Non-MRW,Non-MRW
3440,8,"In ihrem Hotelzimmer war es schwül und roch nach dem Parfüm, das sie im Japanbazar gekauft hatte.",nach,MRW,indirect
3440,9,"In ihrem Hotelzimmer war es schwül und roch nach dem Parfüm, das sie im Japanbazar gekauft hatte.",dem,Non-MRW,Non-MRW
3440,10,"In ihrem Hotelzimmer war es schwül und roch nach dem Parfüm, das sie im Japanbazar gekauft hatte.",Parfüm,Non-MRW,Non-MRW
3440,11,"In ihrem Hotelzimmer war es schwül und roch nach dem Parfüm, das sie im Japanbazar gekauft hatte.",das,Non-MRW,Non-MRW
3440,12,"In ihrem Hotelzimmer war es schwül und roch nach dem Parfüm, das sie im Japanbazar gekauft hatte.",sie,Non-MRW,Non-MRW
3440,13,"In ihrem Hotelzimmer war es schwül und roch nach dem Parfüm, das sie im Japanbazar gekauft hatte.",im,Non-MRW,Non-MRW
3440,14,"In ihrem Hotelzimmer war es schwül und roch nach dem Parfüm, das sie im Japanbazar gekauft hatte.",Japanbazar,Non-MRW,Non-MRW
3440,15,"In ihrem Hotelzimmer war es schwül und roch nach dem Parfüm, das sie im Japanbazar gekauft hatte.",gekauft,Non-MRW,Non-MRW
3440,16,"In ihrem Hotelzimmer war es schwül und roch nach dem Parfüm, das sie im Japanbazar gekauft hatte.",hatte,Non-MRW,Non-MRW
3440,0,Auf dem Platze waren zwei offene Verschläge aus Mattenflechtwerk errichtet.,Auf,Non-MRW,Non-MRW
3440,1,Auf dem Platze waren zwei offene Verschläge aus Mattenflechtwerk errichtet.,dem,Non-MRW,Non-MRW
3528,2,Auf dem Platze waren zwei offene Verschläge aus Mattenflechtwerk errichtet.,Platze,Non-MRW,Non-MRW
3528,3,Auf dem Platze waren zwei offene Verschläge aus Mattenflechtwerk errichtet.,waren,Non-MRW,Non-MRW
3528,4,Auf dem Platze waren zwei offene Verschläge aus Mattenflechtwerk errichtet.,zwei,Non-MRW,Non-MRW
3528,5,Auf dem Platze waren zwei offene Verschläge aus Mattenflechtwerk errichtet.,offene,Non-MRW,Non-MRW
3528,6,Auf dem Platze waren zwei offene Verschläge aus Mattenflechtwerk errichtet.,Verschläge,Non-MRW,Non-MRW
3528,7,Auf dem Platze waren zwei offene Verschläge aus Mattenflechtwerk errichtet.,aus,Non-MRW,Non-MRW
3528,8,Auf dem Platze waren zwei offene Verschläge aus Mattenflechtwerk errichtet.,Mattenflechtwerk,Non-MRW,Non-MRW
3528,9,Auf dem Platze waren zwei offene Verschläge aus Mattenflechtwerk errichtet.,errichtet,Non-MRW,Non-MRW
3528,0,"Einige Zimmer stehen noch ganz so da, wie sie die Czobors zurückgelassen, im Hof starren dem Eintretenden noch einige Kanonen entgegen, in den Gemächern sind großartige Waffen und besonders interessante Familienbilder zu sehen, darunter dasjenige eines kleinen Mädchens, der Katharine Czobor, die in ihrem siebten Jahr von Hause verschwunden ist.",Einige,Non-MRW,Non-MRW
3528,1,"Einige Zimmer stehen noch ganz so da, wie sie die Czobors zurückgelassen, im Hof starren dem Eintretenden noch einige Kanonen entgegen, in den Gemächern sind großartige Waffen und besonders interessante Familienbilder zu sehen, darunter dasjenige eines kleinen Mädchens, der Katharine Czobor, die in ihrem siebten Jahr von Hause verschwunden ist.",Zimmer,Non-MRW,Non-MRW
3546,2,"Einige Zimmer stehen noch ganz so da, wie sie die Czobors zurückgelassen, im Hof starren dem Eintretenden noch einige Kanonen entgegen, in den Gemächern sind großartige Waffen und besonders interessante Familienbilder zu sehen, darunter dasjenige eines kleinen Mädchens, der Katharine Czobor, die in ihrem siebten Jahr von Hause verschwunden ist.",stehen,MRW,indirect
3546,3,"Einige Zimmer stehen noch ganz so da, wie sie die Czobors zurückgelassen, im Hof starren dem Eintretenden noch einige Kanonen entgegen, in den Gemächern sind großartige Waffen und besonders interessante Familienbilder zu sehen, darunter dasjenige eines kleinen Mädchens, der Katharine Czobor, die in ihrem siebten Jahr von Hause verschwunden ist.",noch,Non-MRW,Non-MRW
3546,4,"Einige Zimmer stehen noch ganz so da, wie sie die Czobors zurückgelassen, im Hof starren dem Eintretenden noch einige Kanonen entgegen, in den Gemächern sind großartige Waffen und besonders interessante Familienbilder zu sehen, darunter dasjenige eines kleinen Mädchens, der Katharine Czobor, die in ihrem siebten Jahr von Hause verschwunden ist.",ganz,Non-MRW,Non-MRW
3546,5,"Einige Zimmer stehen noch ganz so da, wie sie die Czobors zurückgelassen, im Hof starren dem Eintretenden noch einige Kanonen entgegen, in den Gemächern sind großartige Waffen und besonders interessante Familienbilder zu sehen, darunter dasjenige eines kleinen Mädchens, der Katharine Czobor, die in ihrem siebten Jahr von Hause verschwunden ist.",so,Non-MRW,Non-MRW
3546,6,"Einige Zimmer stehen noch ganz so da, wie sie die Czobors zurückgelassen, im Hof starren dem Eintretenden noch einige Kanonen entgegen, in den Gemächern sind großartige Waffen und besonders interessante Familienbilder zu sehen, darunter dasjenige eines kleinen Mädchens, der Katharine Czobor, die in ihrem siebten Jahr von Hause verschwunden ist.",da,Non-MRW,Non-MRW
3546,7,"Einige Zimmer stehen noch ganz so da, wie sie die Czobors zurückgelassen, im Hof starren dem Eintretenden noch einige Kanonen entgegen, in den Gemächern sind großartige Waffen und besonders interessante Familienbilder zu sehen, darunter dasjenige eines kleinen Mädchens, der Katharine Czobor, die in ihrem siebten Jahr von Hause verschwunden ist.",wie,Non-MRW,Non-MRW
3546,8,"Einige Zimmer stehen noch ganz so da, wie sie die Czobors zurückgelassen, im Hof starren dem Eintretenden noch einige Kanonen entgegen, in den Gemächern sind großartige Waffen und besonders interessante Familienbilder zu sehen, darunter dasjenige eines kleinen Mädchens, der Katharine Czobor, die in ihrem siebten Jahr von Hause verschwunden ist.",sie,Non-MRW,Non-MRW
3546,9,"Einige Zimmer stehen noch ganz so da, wie sie die Czobors zurückgelassen, im Hof starren dem Eintretenden noch einige Kanonen entgegen, in den Gemächern sind großartige Waffen und besonders interessante Familienbilder zu sehen, darunter dasjenige eines kleinen Mädchens, der Katharine Czobor, die in ihrem siebten Jahr von Hause verschwunden ist.",die,Non-MRW,Non-MRW
3546,10,"Einige Zimmer stehen noch ganz so da, wie sie die Czobors zurückgelassen, im Hof starren dem Eintretenden noch einige Kanonen entgegen, in den Gemächern sind großartige Waffen und besonders interessante Familienbilder zu sehen, darunter dasjenige eines kleinen Mädchens, der Katharine Czobor, die in ihrem siebten Jahr von Hause verschwunden ist.",Czobors,Non-MRW,Non-MRW
3546,11,"Einige Zimmer stehen noch ganz so da, wie sie die Czobors zurückgelassen, im Hof starren dem Eintretenden noch einige Kanonen entgegen, in den Gemächern sind großartige Waffen und besonders interessante Familienbilder zu sehen, darunter dasjenige eines kleinen Mädchens, der Katharine Czobor, die in ihrem siebten Jahr von Hause verschwunden ist.",zurückgelassen,MRW,indirect
3546,12,"Einige Zimmer stehen noch ganz so da, wie sie die Czobors zurückgelassen, im Hof starren dem Eintretenden noch einige Kanonen entgegen, in den Gemächern sind großartige Waffen und besonders interessante Familienbilder zu sehen, darunter dasjenige eines kleinen Mädchens, der Katharine Czobor, die in ihrem siebten Jahr von Hause verschwunden ist.",im,Non-MRW,Non-MRW
3546,13,"Einige Zimmer stehen noch ganz so da, wie sie die Czobors zurückgelassen, im Hof starren dem Eintretenden noch einige Kanonen entgegen, in den Gemächern sind großartige Waffen und besonders interessante Familienbilder zu sehen, darunter dasjenige eines kleinen Mädchens, der Katharine Czobor, die in ihrem siebten Jahr von Hause verschwunden ist.",Hof,Non-MRW,Non-MRW
3546,14,"Einige Zimmer stehen noch ganz so da, wie sie die Czobors zurückgelassen, im Hof starren dem Eintretenden noch einige Kanonen entgegen, in den Gemächern sind großartige Waffen und besonders interessante Familienbilder zu sehen, darunter dasjenige eines kleinen Mädchens, der Katharine Czobor, die in ihrem siebten Jahr von Hause verschwunden ist.",starren,MRW,indirect
3546,15,"Einige Zimmer stehen noch ganz so da, wie sie die Czobors zurückgelassen, im Hof starren dem Eintretenden noch einige Kanonen entgegen, in den Gemächern sind großartige Waffen und besonders interessante Familienbilder zu sehen, darunter dasjenige eines kleinen Mädchens, der Katharine Czobor, die in ihrem siebten Jahr von Hause verschwunden ist.",dem,Non-MRW,Non-MRW
3546,16,"Einige Zimmer stehen noch ganz so da, wie sie die Czobors zurückgelassen, im Hof starren dem Eintretenden noch einige Kanonen entgegen, in den Gemächern sind großartige Waffen und besonders interessante Familienbilder zu sehen, darunter dasjenige eines kleinen Mädchens, der Katharine Czobor, die in ihrem siebten Jahr von Hause verschwunden ist.",Eintretenden,Non-MRW,Non-MRW
3546,17,"Einige Zimmer stehen noch ganz so da, wie sie die Czobors zurückgelassen, im Hof starren dem Eintretenden noch einige Kanonen entgegen, in den Gemächern sind großartige Waffen und besonders interessante Familienbilder zu sehen, darunter dasjenige eines kleinen Mädchens, der Katharine Czobor, die in ihrem siebten Jahr von Hause verschwunden ist.",noch,Non-MRW,Non-MRW
3546,18,"Einige Zimmer stehen noch ganz so da, wie sie die Czobors zurückgelassen, im Hof starren dem Eintretenden noch einige Kanonen entgegen, in den Gemächern sind großartige Waffen und besonders interessante Familienbilder zu sehen, darunter dasjenige eines kleinen Mädchens, der Katharine Czobor, die in ihrem siebten Jahr von Hause verschwunden ist.",einige,Non-MRW,Non-MRW
3546,19,"Einige Zimmer stehen noch ganz so da, wie sie die Czobors zurückgelassen, im Hof starren dem Eintretenden noch einige Kanonen entgegen, in den Gemächern sind großartige Waffen und besonders interessante Familienbilder zu sehen, darunter dasjenige eines kleinen Mädchens, der Katharine Czobor, die in ihrem siebten Jahr von Hause verschwunden ist.",Kanonen,Non-MRW,Non-MRW
3546,20,"Einige Zimmer stehen noch ganz so da, wie sie die Czobors zurückgelassen, im Hof starren dem Eintretenden noch einige Kanonen entgegen, in den Gemächern sind großartige Waffen und besonders interessante Familienbilder zu sehen, darunter dasjenige eines kleinen Mädchens, der Katharine Czobor, die in ihrem siebten Jahr von Hause verschwunden ist.",entgegen,MWE,MWE
3546,21,"Einige Zimmer stehen noch ganz so da, wie sie die Czobors zurückgelassen, im Hof starren dem Eintretenden noch einige Kanonen entgegen, in den Gemächern sind großartige Waffen und besonders interessante Familienbilder zu sehen, darunter dasjenige eines kleinen Mädchens, der Katharine Czobor, die in ihrem siebten Jahr von Hause verschwunden ist.",in,Non-MRW,Non-MRW
3546,22,"Einige Zimmer stehen noch ganz so da, wie sie die Czobors zurückgelassen, im Hof starren dem Eintretenden noch einige Kanonen entgegen, in den Gemächern sind großartige Waffen und besonders interessante Familienbilder zu sehen, darunter dasjenige eines kleinen Mädchens, der Katharine Czobor, die in ihrem siebten Jahr von Hause verschwunden ist.",den,Non-MRW,Non-MRW
3546,23,"Einige Zimmer stehen noch ganz so da, wie sie die Czobors zurückgelassen, im Hof starren dem Eintretenden noch einige Kanonen entgegen, in den Gemächern sind großartige Waffen und besonders interessante Familienbilder zu sehen, darunter dasjenige eines kleinen Mädchens, der Katharine Czobor, die in ihrem siebten Jahr von Hause verschwunden ist.",Gemächern,Non-MRW,Non-MRW
3546,24,"Einige Zimmer stehen noch ganz so da, wie sie die Czobors zurückgelassen, im Hof starren dem Eintretenden noch einige Kanonen entgegen, in den Gemächern sind großartige Waffen und besonders interessante Familienbilder zu sehen, darunter dasjenige eines kleinen Mädchens, der Katharine Czobor, die in ihrem siebten Jahr von Hause verschwunden ist.",sind,Non-MRW,Non-MRW
3546,25,"Einige Zimmer stehen noch ganz so da, wie sie die Czobors zurückgelassen, im Hof starren dem Eintretenden noch einige Kanonen entgegen, in den Gemächern sind großartige Waffen und besonders interessante Familienbilder zu sehen, darunter dasjenige eines kleinen Mädchens, der Katharine Czobor, die in ihrem siebten Jahr von Hause verschwunden ist.",großartige,Non-MRW,Non-MRW
3546,26,"Einige Zimmer stehen noch ganz so da, wie sie die Czobors zurückgelassen, im Hof starren dem Eintretenden noch einige Kanonen entgegen, in den Gemächern sind großartige Waffen und besonders interessante Familienbilder zu sehen, darunter dasjenige eines kleinen Mädchens, der Katharine Czobor, die in ihrem siebten Jahr von Hause verschwunden ist.",Waffen,Non-MRW,Non-MRW
3546,27,"Einige Zimmer stehen noch ganz so da, wie sie die Czobors zurückgelassen, im Hof starren dem Eintretenden noch einige Kanonen entgegen, in den Gemächern sind großartige Waffen und besonders interessante Familienbilder zu sehen, darunter dasjenige eines kleinen Mädchens, der Katharine Czobor, die in ihrem siebten Jahr von Hause verschwunden ist.",und,Non-MRW,Non-MRW
3546,28,"Einige Zimmer stehen noch ganz so da, wie sie die Czobors zurückgelassen, im Hof starren dem Eintretenden noch einige Kanonen entgegen, in den Gemächern sind großartige Waffen und besonders interessante Familienbilder zu sehen, darunter dasjenige eines kleinen Mädchens, der Katharine Czobor, die in ihrem siebten Jahr von Hause verschwunden ist.",besonders,Non-MRW,Non-MRW
3546,29,"Einige Zimmer stehen noch ganz so da, wie sie die Czobors zurückgelassen, im Hof starren dem Eintretenden noch einige Kanonen entgegen, in den Gemächern sind großartige Waffen und besonders interessante Familienbilder zu sehen, darunter dasjenige eines kleinen Mädchens, der Katharine Czobor, die in ihrem siebten Jahr von Hause verschwunden ist.",interessante,Non-MRW,Non-MRW
3546,30,"Einige Zimmer stehen noch ganz so da, wie sie die Czobors zurückgelassen, im Hof starren dem Eintretenden noch einige Kanonen entgegen, in den Gemächern sind großartige Waffen und besonders interessante Familienbilder zu sehen, darunter dasjenige eines kleinen Mädchens, der Katharine Czobor, die in ihrem siebten Jahr von Hause verschwunden ist.",Familienbilder,Non-MRW,Non-MRW
3546,31,"Einige Zimmer stehen noch ganz so da, wie sie die Czobors zurückgelassen, im Hof starren dem Eintretenden noch einige Kanonen entgegen, in den Gemächern sind großartige Waffen und besonders interessante Familienbilder zu sehen, darunter dasjenige eines kleinen Mädchens, der Katharine Czobor, die in ihrem siebten Jahr von Hause verschwunden ist.",zu,Non-MRW,Non-MRW
3546,32,"Einige Zimmer stehen noch ganz so da, wie sie die Czobors zurückgelassen, im Hof starren dem Eintretenden noch einige Kanonen entgegen, in den Gemächern sind großartige Waffen und besonders interessante Familienbilder zu sehen, darunter dasjenige eines kleinen Mädchens, der Katharine Czobor, die in ihrem siebten Jahr von Hause verschwunden ist.",sehen,Non-MRW,Non-MRW
3546,33,"Einige Zimmer stehen noch ganz so da, wie sie die Czobors zurückgelassen, im Hof starren dem Eintretenden noch einige Kanonen entgegen, in den Gemächern sind großartige Waffen und besonders interessante Familienbilder zu sehen, darunter dasjenige eines kleinen Mädchens, der Katharine Czobor, die in ihrem siebten Jahr von Hause verschwunden ist.",darunter,Non-MRW,Non-MRW
3546,34,"Einige Zimmer stehen noch ganz so da, wie sie die Czobors zurückgelassen, im Hof starren dem Eintretenden noch einige Kanonen entgegen, in den Gemächern sind großartige Waffen und besonders interessante Familienbilder zu sehen, darunter dasjenige eines kleinen Mädchens, der Katharine Czobor, die in ihrem siebten Jahr von Hause verschwunden ist.",dasjenige,Non-MRW,Non-MRW
3546,35,"Einige Zimmer stehen noch ganz so da, wie sie die Czobors zurückgelassen, im Hof starren dem Eintretenden noch einige Kanonen entgegen, in den Gemächern sind großartige Waffen und besonders interessante Familienbilder zu sehen, darunter dasjenige eines kleinen Mädchens, der Katharine Czobor, die in ihrem siebten Jahr von Hause verschwunden ist.",eines,Non-MRW,Non-MRW
3546,36,"Einige Zimmer stehen noch ganz so da, wie sie die Czobors zurückgelassen, im Hof starren dem Eintretenden noch einige Kanonen entgegen, in den Gemächern sind großartige Waffen und besonders interessante Familienbilder zu sehen, darunter dasjenige eines kleinen Mädchens, der Katharine Czobor, die in ihrem siebten Jahr von Hause verschwunden ist.",kleinen,Non-MRW,Non-MRW
3546,37,"Einige Zimmer stehen noch ganz so da, wie sie die Czobors zurückgelassen, im Hof starren dem Eintretenden noch einige Kanonen entgegen, in den Gemächern sind großartige Waffen und besonders interessante Familienbilder zu sehen, darunter dasjenige eines kleinen Mädchens, der Katharine Czobor, die in ihrem siebten Jahr von Hause verschwunden ist.",Mädchens,Non-MRW,Non-MRW
3546,38,"Einige Zimmer stehen noch ganz so da, wie sie die Czobors zurückgelassen, im Hof starren dem Eintretenden noch einige Kanonen entgegen, in den Gemächern sind großartige Waffen und besonders interessante Familienbilder zu sehen, darunter dasjenige eines kleinen Mädchens, der Katharine Czobor, die in ihrem siebten Jahr von Hause verschwunden ist.",der,Non-MRW,Non-MRW
3546,39,"Einige Zimmer stehen noch ganz so da, wie sie die Czobors zurückgelassen, im Hof starren dem Eintretenden noch einige Kanonen entgegen, in den Gemächern sind großartige Waffen und besonders interessante Familienbilder zu sehen, darunter dasjenige eines kleinen Mädchens, der Katharine Czobor, die in ihrem siebten Jahr von Hause verschwunden ist.",Katharine,Non-MRW,Non-MRW
3546,40,"Einige Zimmer stehen noch ganz so da, wie sie die Czobors zurückgelassen, im Hof starren dem Eintretenden noch einige Kanonen entgegen, in den Gemächern sind großartige Waffen und besonders interessante Familienbilder zu sehen, darunter dasjenige eines kleinen Mädchens, der Katharine Czobor, die in ihrem siebten Jahr von Hause verschwunden ist.",Czobor,Non-MRW,Non-MRW
3546,41,"Einige Zimmer stehen noch ganz so da, wie sie die Czobors zurückgelassen, im Hof starren dem Eintretenden noch einige Kanonen entgegen, in den Gemächern sind großartige Waffen und besonders interessante Familienbilder zu sehen, darunter dasjenige eines kleinen Mädchens, der Katharine Czobor, die in ihrem siebten Jahr von Hause verschwunden ist.",die,Non-MRW,Non-MRW
3546,42,"Einige Zimmer stehen noch ganz so da, wie sie die Czobors zurückgelassen, im Hof starren dem Eintretenden noch einige Kanonen entgegen, in den Gemächern sind großartige Waffen und besonders interessante Familienbilder zu sehen, darunter dasjenige eines kleinen Mädchens, der Katharine Czobor, die in ihrem siebten Jahr von Hause verschwunden ist.",in,MRW,indirect
3546,43,"Einige Zimmer stehen noch ganz so da, wie sie die Czobors zurückgelassen, im Hof starren dem Eintretenden noch einige Kanonen entgegen, in den Gemächern sind großartige Waffen und besonders interessante Familienbilder zu sehen, darunter dasjenige eines kleinen Mädchens, der Katharine Czobor, die in ihrem siebten Jahr von Hause verschwunden ist.",ihrem,Non-MRW,Non-MRW
3546,44,"Einige Zimmer stehen noch ganz so da, wie sie die Czobors zurückgelassen, im Hof starren dem Eintretenden noch einige Kanonen entgegen, in den Gemächern sind großartige Waffen und besonders interessante Familienbilder zu sehen, darunter dasjenige eines kleinen Mädchens, der Katharine Czobor, die in ihrem siebten Jahr von Hause verschwunden ist.",siebten,Non-MRW,Non-MRW
3546,45,"Einige Zimmer stehen noch ganz so da, wie sie die Czobors zurückgelassen, im Hof starren dem Eintretenden noch einige Kanonen entgegen, in den Gemächern sind großartige Waffen und besonders interessante Familienbilder zu sehen, darunter dasjenige eines kleinen Mädchens, der Katharine Czobor, die in ihrem siebten Jahr von Hause verschwunden ist.",Jahr,Non-MRW,Non-MRW
3546,46,"Einige Zimmer stehen noch ganz so da, wie sie die Czobors zurückgelassen, im Hof starren dem Eintretenden noch einige Kanonen entgegen, in den Gemächern sind großartige Waffen und besonders interessante Familienbilder zu sehen, darunter dasjenige eines kleinen Mädchens, der Katharine Czobor, die in ihrem siebten Jahr von Hause verschwunden ist.",von,Non-MRW,Non-MRW
3546,47,"Einige Zimmer stehen noch ganz so da, wie sie die Czobors zurückgelassen, im Hof starren dem Eintretenden noch einige Kanonen entgegen, in den Gemächern sind großartige Waffen und besonders interessante Familienbilder zu sehen, darunter dasjenige eines kleinen Mädchens, der Katharine Czobor, die in ihrem siebten Jahr von Hause verschwunden ist.",Hause,MWE,MWE
3546,48,"Einige Zimmer stehen noch ganz so da, wie sie die Czobors zurückgelassen, im Hof starren dem Eintretenden noch einige Kanonen entgegen, in den Gemächern sind großartige Waffen und besonders interessante Familienbilder zu sehen, darunter dasjenige eines kleinen Mädchens, der Katharine Czobor, die in ihrem siebten Jahr von Hause verschwunden ist.",verschwunden,Non-MRW,Non-MRW
3546,49,"Einige Zimmer stehen noch ganz so da, wie sie die Czobors zurückgelassen, im Hof starren dem Eintretenden noch einige Kanonen entgegen, in den Gemächern sind großartige Waffen und besonders interessante Familienbilder zu sehen, darunter dasjenige eines kleinen Mädchens, der Katharine Czobor, die in ihrem siebten Jahr von Hause verschwunden ist.",ist,Non-MRW,Non-MRW
3546,0,"Und doch: Draußen, auf der Straße ohne Häuser, weht immer ein eigen kalter Zug; achte einmal darauf!",Und,Non-MRW,Non-MRW
3546,1,"Und doch: Draußen, auf der Straße ohne Häuser, weht immer ein eigen kalter Zug; achte einmal darauf!",doch,Non-MRW,Non-MRW
3734,2,"Und doch: Draußen, auf der Straße ohne Häuser, weht immer ein eigen kalter Zug; achte einmal darauf!",Draußen,Non-MRW,Non-MRW
3734,3,"Und doch: Draußen, auf der Straße ohne Häuser, weht immer ein eigen kalter Zug; achte einmal darauf!",auf,Non-MRW,Non-MRW
3734,4,"Und doch: Draußen, auf der Straße ohne Häuser, weht immer ein eigen kalter Zug; achte einmal darauf!",der,Non-MRW,Non-MRW
3734,5,"Und doch: Draußen, auf der Straße ohne Häuser, weht immer ein eigen kalter Zug; achte einmal darauf!",Straße,Non-MRW,Non-MRW
3734,6,"Und doch: Draußen, auf der Straße ohne Häuser, weht immer ein eigen kalter Zug; achte einmal darauf!",ohne,Non-MRW,Non-MRW
3734,7,"Und doch: Draußen, auf der Straße ohne Häuser, weht immer ein eigen kalter Zug; achte einmal darauf!",Häuser,Non-MRW,Non-MRW
3734,8,"Und doch: Draußen, auf der Straße ohne Häuser, weht immer ein eigen kalter Zug; achte einmal darauf!",weht,Non-MRW,Non-MRW
3734,9,"Und doch: Draußen, auf der Straße ohne Häuser, weht immer ein eigen kalter Zug; achte einmal darauf!",immer,Non-MRW,Non-MRW
3734,10,"Und doch: Draußen, auf der Straße ohne Häuser, weht immer ein eigen kalter Zug; achte einmal darauf!",ein,Non-MRW,Non-MRW
3734,11,"Und doch: Draußen, auf der Straße ohne Häuser, weht immer ein eigen kalter Zug; achte einmal darauf!",eigen,Non-MRW,Non-MRW
3734,12,"Und doch: Draußen, auf der Straße ohne Häuser, weht immer ein eigen kalter Zug; achte einmal darauf!",kalter,Non-MRW,Non-MRW
3734,13,"Und doch: Draußen, auf der Straße ohne Häuser, weht immer ein eigen kalter Zug; achte einmal darauf!",Zug,Non-MRW,Non-MRW
3734,14,"Und doch: Draußen, auf der Straße ohne Häuser, weht immer ein eigen kalter Zug; achte einmal darauf!",achte,Non-MRW,Non-MRW
3734,15,"Und doch: Draußen, auf der Straße ohne Häuser, weht immer ein eigen kalter Zug; achte einmal darauf!",einmal,Non-MRW,Non-MRW
3734,16,"Und doch: Draußen, auf der Straße ohne Häuser, weht immer ein eigen kalter Zug; achte einmal darauf!",darauf,Non-MRW,Non-MRW
3734,0,"Die Sonne schien, und der ganze Berg leuchtete vom Gipfel bis zum Fuße.",Die,Non-MRW,Non-MRW
3734,1,"Die Sonne schien, und der ganze Berg leuchtete vom Gipfel bis zum Fuße.",Sonne,Non-MRW,Non-MRW
3850,2,"Die Sonne schien, und der ganze Berg leuchtete vom Gipfel bis zum Fuße.",schien,Non-MRW,Non-MRW
3850,3,"Die Sonne schien, und der ganze Berg leuchtete vom Gipfel bis zum Fuße.",und,Non-MRW,Non-MRW
3850,4,"Die Sonne schien, und der ganze Berg leuchtete vom Gipfel bis zum Fuße.",der,Non-MRW,Non-MRW
3850,5,"Die Sonne schien, und der ganze Berg leuchtete vom Gipfel bis zum Fuße.",ganze,Non-MRW,Non-MRW
3850,6,"Die Sonne schien, und der ganze Berg leuchtete vom Gipfel bis zum Fuße.",Berg,Non-MRW,Non-MRW
3850,7,"Die Sonne schien, und der ganze Berg leuchtete vom Gipfel bis zum Fuße.",leuchtete,WIDLII,WIDLII
3850,8,"Die Sonne schien, und der ganze Berg leuchtete vom Gipfel bis zum Fuße.",vom,Non-MRW,Non-MRW
3850,9,"Die Sonne schien, und der ganze Berg leuchtete vom Gipfel bis zum Fuße.",Gipfel,Non-MRW,Non-MRW
3850,10,"Die Sonne schien, und der ganze Berg leuchtete vom Gipfel bis zum Fuße.",bis,Non-MRW,Non-MRW
3850,11,"Die Sonne schien, und der ganze Berg leuchtete vom Gipfel bis zum Fuße.",zum,Non-MRW,Non-MRW
3850,12,"Die Sonne schien, und der ganze Berg leuchtete vom Gipfel bis zum Fuße.",Fuße,MRW,indirect
3850,0,Die Straßen waren hell durch das Licht der Schaufenster und Laternen.,Die,Non-MRW,Non-MRW
3850,1,Die Straßen waren hell durch das Licht der Schaufenster und Laternen.,Straßen,Non-MRW,Non-MRW
3853,2,Die Straßen waren hell durch das Licht der Schaufenster und Laternen.,waren,Non-MRW,Non-MRW
3853,3,Die Straßen waren hell durch das Licht der Schaufenster und Laternen.,hell,WIDLII,WIDLII
3853,4,Die Straßen waren hell durch das Licht der Schaufenster und Laternen.,durch,MRW,indirect
3853,5,Die Straßen waren hell durch das Licht der Schaufenster und Laternen.,das,Non-MRW,Non-MRW
3853,6,Die Straßen waren hell durch das Licht der Schaufenster und Laternen.,Licht,Non-MRW,Non-MRW
3853,7,Die Straßen waren hell durch das Licht der Schaufenster und Laternen.,der,Non-MRW,Non-MRW
3853,8,Die Straßen waren hell durch das Licht der Schaufenster und Laternen.,Schaufenster,Non-MRW,Non-MRW
3853,9,Die Straßen waren hell durch das Licht der Schaufenster und Laternen.,und,Non-MRW,Non-MRW
3853,10,Die Straßen waren hell durch das Licht der Schaufenster und Laternen.,Laternen,Non-MRW,Non-MRW
3853,0,Im Arbeitszimmer und Schlafzimmer waren Lampen und Lichter angezündet.,Im,Non-MRW,Non-MRW
3853,1,Im Arbeitszimmer und Schlafzimmer waren Lampen und Lichter angezündet.,Arbeitszimmer,Non-MRW,Non-MRW
3949,2,Im Arbeitszimmer und Schlafzimmer waren Lampen und Lichter angezündet.,und,Non-MRW,Non-MRW
3949,3,Im Arbeitszimmer und Schlafzimmer waren Lampen und Lichter angezündet.,Schlafzimmer,Non-MRW,Non-MRW
3949,4,Im Arbeitszimmer und Schlafzimmer waren Lampen und Lichter angezündet.,waren,Non-MRW,Non-MRW
3949,5,Im Arbeitszimmer und Schlafzimmer waren Lampen und Lichter angezündet.,Lampen,Non-MRW,Non-MRW
3949,6,Im Arbeitszimmer und Schlafzimmer waren Lampen und Lichter angezündet.,und,Non-MRW,Non-MRW
3949,7,Im Arbeitszimmer und Schlafzimmer waren Lampen und Lichter angezündet.,Lichter,Non-MRW,Non-MRW
3949,8,Im Arbeitszimmer und Schlafzimmer waren Lampen und Lichter angezündet.,angezündet,MRW,indirect
3949,0,"Sein Zimmer, ein richtiges, nur etwas zu kleines Menschenzimmer, lag ruhig zwischen den vier wohlbekannten Wänden.",Sein,Non-MRW,Non-MRW
3949,1,"Sein Zimmer, ein richtiges, nur etwas zu kleines Menschenzimmer, lag ruhig zwischen den vier wohlbekannten Wänden.",Zimmer,Non-MRW,Non-MRW
4011,2,"Sein Zimmer, ein richtiges, nur etwas zu kleines Menschenzimmer, lag ruhig zwischen den vier wohlbekannten Wänden.",ein,Non-MRW,Non-MRW
4011,3,"Sein Zimmer, ein richtiges, nur etwas zu kleines Menschenzimmer, lag ruhig zwischen den vier wohlbekannten Wänden.",richtiges,Non-MRW,Non-MRW
4011,4,"Sein Zimmer, ein richtiges, nur etwas zu kleines Menschenzimmer, lag ruhig zwischen den vier wohlbekannten Wänden.",nur,Non-MRW,Non-MRW
4011,5,"Sein Zimmer, ein richtiges, nur etwas zu kleines Menschenzimmer, lag ruhig zwischen den vier wohlbekannten Wänden.",etwas,Non-MRW,Non-MRW
4011,6,"Sein Zimmer, ein richtiges, nur etwas zu kleines Menschenzimmer, lag ruhig zwischen den vier wohlbekannten Wänden.",zu,Non-MRW,Non-MRW
4011,7,"Sein Zimmer, ein richtiges, nur etwas zu kleines Menschenzimmer, lag ruhig zwischen den vier wohlbekannten Wänden.",kleines,Non-MRW,Non-MRW
4011,8,"Sein Zimmer, ein richtiges, nur etwas zu kleines Menschenzimmer, lag ruhig zwischen den vier wohlbekannten Wänden.",Menschenzimmer,Non-MRW,Non-MRW
4011,9,"Sein Zimmer, ein richtiges, nur etwas zu kleines Menschenzimmer, lag ruhig zwischen den vier wohlbekannten Wänden.",lag,MRW,indirect
4011,10,"Sein Zimmer, ein richtiges, nur etwas zu kleines Menschenzimmer, lag ruhig zwischen den vier wohlbekannten Wänden.",ruhig,WIDLII,WIDLII
4011,11,"Sein Zimmer, ein richtiges, nur etwas zu kleines Menschenzimmer, lag ruhig zwischen den vier wohlbekannten Wänden.",zwischen,Non-MRW,Non-MRW
4011,12,"Sein Zimmer, ein richtiges, nur etwas zu kleines Menschenzimmer, lag ruhig zwischen den vier wohlbekannten Wänden.",den,Non-MRW,Non-MRW
4011,13,"Sein Zimmer, ein richtiges, nur etwas zu kleines Menschenzimmer, lag ruhig zwischen den vier wohlbekannten Wänden.",vier,WIDLII,WIDLII
4011,14,"Sein Zimmer, ein richtiges, nur etwas zu kleines Menschenzimmer, lag ruhig zwischen den vier wohlbekannten Wänden.",wohlbekannten,Non-MRW,Non-MRW
4011,15,"Sein Zimmer, ein richtiges, nur etwas zu kleines Menschenzimmer, lag ruhig zwischen den vier wohlbekannten Wänden.",Wänden,WIDLII,WIDLII
4011,0,"Große Unordnung herrschte in dem Gemach; Kleider lagen umhergestreut, feuchte Handtücher waren über die Sessellehnen geworfen; das Bett stand weit offen, ein Laken war herausgerissen und hing bis zum Teppich herunter.",Große,MRW,indirect
4011,1,"Große Unordnung herrschte in dem Gemach; Kleider lagen umhergestreut, feuchte Handtücher waren über die Sessellehnen geworfen; das Bett stand weit offen, ein Laken war herausgerissen und hing bis zum Teppich herunter.",Unordnung,Non-MRW,Non-MRW
4121,2,"Große Unordnung herrschte in dem Gemach; Kleider lagen umhergestreut, feuchte Handtücher waren über die Sessellehnen geworfen; das Bett stand weit offen, ein Laken war herausgerissen und hing bis zum Teppich herunter.",herrschte,MRW,indirect
4121,3,"Große Unordnung herrschte in dem Gemach; Kleider lagen umhergestreut, feuchte Handtücher waren über die Sessellehnen geworfen; das Bett stand weit offen, ein Laken war herausgerissen und hing bis zum Teppich herunter.",in,Non-MRW,Non-MRW
4121,4,"Große Unordnung herrschte in dem Gemach; Kleider lagen umhergestreut, feuchte Handtücher waren über die Sessellehnen geworfen; das Bett stand weit offen, ein Laken war herausgerissen und hing bis zum Teppich herunter.",dem,Non-MRW,Non-MRW
4121,5,"Große Unordnung herrschte in dem Gemach; Kleider lagen umhergestreut, feuchte Handtücher waren über die Sessellehnen geworfen; das Bett stand weit offen, ein Laken war herausgerissen und hing bis zum Teppich herunter.",Gemach,Non-MRW,Non-MRW
4121,6,"Große Unordnung herrschte in dem Gemach; Kleider lagen umhergestreut, feuchte Handtücher waren über die Sessellehnen geworfen; das Bett stand weit offen, ein Laken war herausgerissen und hing bis zum Teppich herunter.",Kleider,Non-MRW,Non-MRW
4121,7,"Große Unordnung herrschte in dem Gemach; Kleider lagen umhergestreut, feuchte Handtücher waren über die Sessellehnen geworfen; das Bett stand weit offen, ein Laken war herausgerissen und hing bis zum Teppich herunter.",lagen,MRW,indirect
4121,8,"Große Unordnung herrschte in dem Gemach; Kleider lagen umhergestreut, feuchte Handtücher waren über die Sessellehnen geworfen; das Bett stand weit offen, ein Laken war herausgerissen und hing bis zum Teppich herunter.",umhergestreut,Non-MRW,Non-MRW
4121,9,"Große Unordnung herrschte in dem Gemach; Kleider lagen umhergestreut, feuchte Handtücher waren über die Sessellehnen geworfen; das Bett stand weit offen, ein Laken war herausgerissen und hing bis zum Teppich herunter.",feuchte,Non-MRW,Non-MRW
4121,10,"Große Unordnung herrschte in dem Gemach; Kleider lagen umhergestreut, feuchte Handtücher waren über die Sessellehnen geworfen; das Bett stand weit offen, ein Laken war herausgerissen und hing bis zum Teppich herunter.",Handtücher,Non-MRW,Non-MRW
4121,11,"Große Unordnung herrschte in dem Gemach; Kleider lagen umhergestreut, feuchte Handtücher waren über die Sessellehnen geworfen; das Bett stand weit offen, ein Laken war herausgerissen und hing bis zum Teppich herunter.",waren,Non-MRW,Non-MRW
4121,12,"Große Unordnung herrschte in dem Gemach; Kleider lagen umhergestreut, feuchte Handtücher waren über die Sessellehnen geworfen; das Bett stand weit offen, ein Laken war herausgerissen und hing bis zum Teppich herunter.",über,Non-MRW,Non-MRW
4121,13,"Große Unordnung herrschte in dem Gemach; Kleider lagen umhergestreut, feuchte Handtücher waren über die Sessellehnen geworfen; das Bett stand weit offen, ein Laken war herausgerissen und hing bis zum Teppich herunter.",die,Non-MRW,Non-MRW
4121,14,"Große Unordnung herrschte in dem Gemach; Kleider lagen umhergestreut, feuchte Handtücher waren über die Sessellehnen geworfen; das Bett stand weit offen, ein Laken war herausgerissen und hing bis zum Teppich herunter.",Sessellehnen,Non-MRW,Non-MRW
4121,15,"Große Unordnung herrschte in dem Gemach; Kleider lagen umhergestreut, feuchte Handtücher waren über die Sessellehnen geworfen; das Bett stand weit offen, ein Laken war herausgerissen und hing bis zum Teppich herunter.",geworfen,Non-MRW,Non-MRW
4121,16,"Große Unordnung herrschte in dem Gemach; Kleider lagen umhergestreut, feuchte Handtücher waren über die Sessellehnen geworfen; das Bett stand weit offen, ein Laken war herausgerissen und hing bis zum Teppich herunter.",das,Non-MRW,Non-MRW
4121,17,"Große Unordnung herrschte in dem Gemach; Kleider lagen umhergestreut, feuchte Handtücher waren über die Sessellehnen geworfen; das Bett stand weit offen, ein Laken war herausgerissen und hing bis zum Teppich herunter.",Bett,Non-MRW,Non-MRW
4121,18,"Große Unordnung herrschte in dem Gemach; Kleider lagen umhergestreut, feuchte Handtücher waren über die Sessellehnen geworfen; das Bett stand weit offen, ein Laken war herausgerissen und hing bis zum Teppich herunter.",stand,MRW,indirect
4121,19,"Große Unordnung herrschte in dem Gemach; Kleider lagen umhergestreut, feuchte Handtücher waren über die Sessellehnen geworfen; das Bett stand weit offen, ein Laken war herausgerissen und hing bis zum Teppich herunter.",weit,Non-MRW,Non-MRW
4121,20,"Große Unordnung herrschte in dem Gemach; Kleider lagen umhergestreut, feuchte Handtücher waren über die Sessellehnen geworfen; das Bett stand weit offen, ein Laken war herausgerissen und hing bis zum Teppich herunter.",offen,Non-MRW,Non-MRW
4121,21,"Große Unordnung herrschte in dem Gemach; Kleider lagen umhergestreut, feuchte Handtücher waren über die Sessellehnen geworfen; das Bett stand weit offen, ein Laken war herausgerissen und hing bis zum Teppich herunter.",ein,Non-MRW,Non-MRW
4121,22,"Große Unordnung herrschte in dem Gemach; Kleider lagen umhergestreut, feuchte Handtücher waren über die Sessellehnen geworfen; das Bett stand weit offen, ein Laken war herausgerissen und hing bis zum Teppich herunter.",Laken,Non-MRW,Non-MRW
4121,23,"Große Unordnung herrschte in dem Gemach; Kleider lagen umhergestreut, feuchte Handtücher waren über die Sessellehnen geworfen; das Bett stand weit offen, ein Laken war herausgerissen und hing bis zum Teppich herunter.",war,Non-MRW,Non-MRW
4121,24,"Große Unordnung herrschte in dem Gemach; Kleider lagen umhergestreut, feuchte Handtücher waren über die Sessellehnen geworfen; das Bett stand weit offen, ein Laken war herausgerissen und hing bis zum Teppich herunter.",herausgerissen,Non-MRW,Non-MRW
4121,25,"Große Unordnung herrschte in dem Gemach; Kleider lagen umhergestreut, feuchte Handtücher waren über die Sessellehnen geworfen; das Bett stand weit offen, ein Laken war herausgerissen und hing bis zum Teppich herunter.",und,Non-MRW,Non-MRW
4121,26,"Große Unordnung herrschte in dem Gemach; Kleider lagen umhergestreut, feuchte Handtücher waren über die Sessellehnen geworfen; das Bett stand weit offen, ein Laken war herausgerissen und hing bis zum Teppich herunter.",hing,Non-MRW,Non-MRW
4121,27,"Große Unordnung herrschte in dem Gemach; Kleider lagen umhergestreut, feuchte Handtücher waren über die Sessellehnen geworfen; das Bett stand weit offen, ein Laken war herausgerissen und hing bis zum Teppich herunter.",bis,Non-MRW,Non-MRW
4121,28,"Große Unordnung herrschte in dem Gemach; Kleider lagen umhergestreut, feuchte Handtücher waren über die Sessellehnen geworfen; das Bett stand weit offen, ein Laken war herausgerissen und hing bis zum Teppich herunter.",zum,Non-MRW,Non-MRW
4121,29,"Stelle dir vor, die Luft wird ganz blau und warmfeucht in die Straßen hinuntersinken, der Himmel geht dann in Paris spazieren und mischt sich unter die entzückten Menschen.",Teppich,Non-MRW,Non-MRW
4121,30,"Stelle dir vor, die Luft wird ganz blau und warmfeucht in die Straßen hinuntersinken, der Himmel geht dann in Paris spazieren und mischt sich unter die entzückten Menschen.",herunter,MWE,MWE
4121,0,"Stelle dir vor, die Luft wird ganz blau und warmfeucht in die Straßen hinuntersinken, der Himmel geht dann in Paris spazieren und mischt sich unter die entzückten Menschen.",Stelle,Non-MRW,Non-MRW
4121,1,"Stelle dir vor, die Luft wird ganz blau und warmfeucht in die Straßen hinuntersinken, der Himmel geht dann in Paris spazieren und mischt sich unter die entzückten Menschen.",dir,Non-MRW,Non-MRW
1000000,2,"Stelle dir vor, die Luft wird ganz blau und warmfeucht in die Straßen hinuntersinken, der Himmel geht dann in Paris spazieren und mischt sich unter die entzückten Menschen.",vor,MWE,MWE
1000000,3,"Stelle dir vor, die Luft wird ganz blau und warmfeucht in die Straßen hinuntersinken, der Himmel geht dann in Paris spazieren und mischt sich unter die entzückten Menschen.",die,Non-MRW,Non-MRW
1000000,4,"Stelle dir vor, die Luft wird ganz blau und warmfeucht in die Straßen hinuntersinken, der Himmel geht dann in Paris spazieren und mischt sich unter die entzückten Menschen.",Luft,Non-MRW,Non-MRW
1000000,5,"Stelle dir vor, die Luft wird ganz blau und warmfeucht in die Straßen hinuntersinken, der Himmel geht dann in Paris spazieren und mischt sich unter die entzückten Menschen.",wird,Non-MRW,Non-MRW
1000000,6,"Stelle dir vor, die Luft wird ganz blau und warmfeucht in die Straßen hinuntersinken, der Himmel geht dann in Paris spazieren und mischt sich unter die entzückten Menschen.",ganz,Non-MRW,Non-MRW
1000000,7,"Stelle dir vor, die Luft wird ganz blau und warmfeucht in die Straßen hinuntersinken, der Himmel geht dann in Paris spazieren und mischt sich unter die entzückten Menschen.",blau,MRW,indirect
1000000,8,"Stelle dir vor, die Luft wird ganz blau und warmfeucht in die Straßen hinuntersinken, der Himmel geht dann in Paris spazieren und mischt sich unter die entzückten Menschen.",und,Non-MRW,Non-MRW
1000000,9,"Stelle dir vor, die Luft wird ganz blau und warmfeucht in die Straßen hinuntersinken, der Himmel geht dann in Paris spazieren und mischt sich unter die entzückten Menschen.",warm,WIDLII,WIDLII
1000000,9,"Stelle dir vor, die Luft wird ganz blau und warmfeucht in die Straßen hinuntersinken, der Himmel geht dann in Paris spazieren und mischt sich unter die entzückten Menschen.",feucht,WIDLII,WIDLII
1000000,10,"Stelle dir vor, die Luft wird ganz blau und warmfeucht in die Straßen hinuntersinken, der Himmel geht dann in Paris spazieren und mischt sich unter die entzückten Menschen.",in,MRW,indirect
1000000,11,"Stelle dir vor, die Luft wird ganz blau und warmfeucht in die Straßen hinuntersinken, der Himmel geht dann in Paris spazieren und mischt sich unter die entzückten Menschen.",die,Non-MRW,Non-MRW
1000000,12,"Stelle dir vor, die Luft wird ganz blau und warmfeucht in die Straßen hinuntersinken, der Himmel geht dann in Paris spazieren und mischt sich unter die entzückten Menschen.",Straßen,Non-MRW,Non-MRW
1000000,13,"Stelle dir vor, die Luft wird ganz blau und warmfeucht in die Straßen hinuntersinken, der Himmel geht dann in Paris spazieren und mischt sich unter die entzückten Menschen.",hinuntersinken,MRW,indirect
1000000,14,"Stelle dir vor, die Luft wird ganz blau und warmfeucht in die Straßen hinuntersinken, der Himmel geht dann in Paris spazieren und mischt sich unter die entzückten Menschen.",der,Non-MRW,Non-MRW
1000000,15,"Stelle dir vor, die Luft wird ganz blau und warmfeucht in die Straßen hinuntersinken, der Himmel geht dann in Paris spazieren und mischt sich unter die entzückten Menschen.",Himmel,Non-MRW,Non-MRW
1000000,16,"Stelle dir vor, die Luft wird ganz blau und warmfeucht in die Straßen hinuntersinken, der Himmel geht dann in Paris spazieren und mischt sich unter die entzückten Menschen.",geht,MRW,indirect
1000000,17,"Stelle dir vor, die Luft wird ganz blau und warmfeucht in die Straßen hinuntersinken, der Himmel geht dann in Paris spazieren und mischt sich unter die entzückten Menschen.",dann,Non-MRW,Non-MRW
1000000,18,"Stelle dir vor, die Luft wird ganz blau und warmfeucht in die Straßen hinuntersinken, der Himmel geht dann in Paris spazieren und mischt sich unter die entzückten Menschen.",in,Non-MRW,Non-MRW
1000000,19,"Stelle dir vor, die Luft wird ganz blau und warmfeucht in die Straßen hinuntersinken, der Himmel geht dann in Paris spazieren und mischt sich unter die entzückten Menschen.",Paris,Non-MRW,Non-MRW
1000000,20,"Stelle dir vor, die Luft wird ganz blau und warmfeucht in die Straßen hinuntersinken, der Himmel geht dann in Paris spazieren und mischt sich unter die entzückten Menschen.",spazieren,MWE,MWE
1000000,21,"Stelle dir vor, die Luft wird ganz blau und warmfeucht in die Straßen hinuntersinken, der Himmel geht dann in Paris spazieren und mischt sich unter die entzückten Menschen.",und,Non-MRW,Non-MRW
1000000,22,"Stelle dir vor, die Luft wird ganz blau und warmfeucht in die Straßen hinuntersinken, der Himmel geht dann in Paris spazieren und mischt sich unter die entzückten Menschen.",mischt,MRW,indirect
1000000,23,"Stelle dir vor, die Luft wird ganz blau und warmfeucht in die Straßen hinuntersinken, der Himmel geht dann in Paris spazieren und mischt sich unter die entzückten Menschen.",sich,MWE,MWE
1000000,24,"Stelle dir vor, die Luft wird ganz blau und warmfeucht in die Straßen hinuntersinken, der Himmel geht dann in Paris spazieren und mischt sich unter die entzückten Menschen.",unter,MRW,indirect
1000000,25,"Stelle dir vor, die Luft wird ganz blau und warmfeucht in die Straßen hinuntersinken, der Himmel geht dann in Paris spazieren und mischt sich unter die entzückten Menschen.",die,Non-MRW,Non-MRW
1000000,26,"Stelle dir vor, die Luft wird ganz blau und warmfeucht in die Straßen hinuntersinken, der Himmel geht dann in Paris spazieren und mischt sich unter die entzückten Menschen.",entzückten,Non-MRW,Non-MRW
1000000,27,"Stelle dir vor, die Luft wird ganz blau und warmfeucht in die Straßen hinuntersinken, der Himmel geht dann in Paris spazieren und mischt sich unter die entzückten Menschen.",Menschen,Non-MRW,Non-MRW
